ncbi_taxid	microbe_id	gcf
592010	Abiotrophia_defectiva_ATCC_49176	GCF_000160075.2
1120917	Acaricomes_phytoseiuli_DSM_14247	GCF_000376245.1
329726	Acaryochloris_marina_MBIC11017	GCF_000018105.1
258515	Acetanaerobacterium_elongatum_CGMCC_1_5012	GCF_900103835.1
879566	Acetatifactor_muris_GP69	GCF_900248245.1
509191	Acetivibrio_cellulolyticus_CD2	GCF_000179595.2
290052	Acetivibrio_ethanolgignens_ACET_33324	GCF_001461035.1
52694	Acetobacterium_wieringae_DSM_1911	GCF_001766835.1
1009370	Acetonema_longum_DSM_6540	GCF_000219125.1
1003200	Achromobacter_insuavis_AXX_A	GCF_000219745.1
762376	Achromobacter_xylosoxidans_A8	GCF_000165835.1
85698	Achromobacter_xylosoxidans_ERR2221244	
85698	Achromobacter_xylosoxidans_ERR2221245	
85698	Achromobacter_xylosoxidans_ERR2221246	
85698	Achromobacter_xylosoxidans_ERR2221247	
1216976	Achromobacter_xylosoxidans_NBRC_15126	GCF_001598595.1
85698	Achromobacter_xylosoxidans_NCTC10807	GCF_001457475.1
1120920	Acidaminobacter_hydrogenoformans_DSM_2784	GCF_900103005.1
591001	Acidaminococcus_fermentans_DSM_20731	GCF_000025305.1
568816	Acidaminococcus_intestini_RyC_MR95	GCF_000230275.1
1852375	Acidaminococcus_massiliensis_Marseille_P2828	GCF_900095825.1
1111120	Acidaminococcus_sp_BV3L6	GCF_000468835.1
904	Acidaminococcus_sp_D21	GCF_000174215.1
1203555	Acidaminococcus_sp_HPA0509	GCF_000411395.1
1382359	Acidobacterium_ailaaui_PMMR2	GCF_000688455.1
240015	Acidobacterium_capsulatum_ATCC_51196	GCF_000022565.1
343013	Acidovorax_caeni_R_24608	GCF_001298675.1
696749	Acinetobacter_baumannii_1656_2	GCF_000188215.1
886888	Acinetobacter_baumannii_3990	GCF_000189675.1
1293574	Acinetobacter_baumannii_48055	GCF_000359725.1
1216295	Acinetobacter_baumannii_53264	GCF_000332855.1
592014	Acinetobacter_baumannii_6013113	GCF_000163375.2
525243	Acinetobacter_baumannii_6013150	GCF_000163355.2
525242	Acinetobacter_baumannii_6014059	GCF_000163395.2
903937	Acinetobacter_baumannii_AA_014	GCF_000335595.1
1221244	Acinetobacter_baumannii_AB_1536_8	GCF_000301835.1
1221245	Acinetobacter_baumannii_AB_1582_8	GCF_000301175.1
1221247	Acinetobacter_baumannii_AB_1594_8	GCF_000301195.1
1221248	Acinetobacter_baumannii_AB_1595_8	GCF_000301215.1
1221249	Acinetobacter_baumannii_AB_1649_8	GCF_000301235.1
1221250	Acinetobacter_baumannii_AB_1650_8	GCF_000301255.1
1221251	Acinetobacter_baumannii_AB_1766_8	GCF_000301275.1
1221252	Acinetobacter_baumannii_AB_2007_09_110_01_7	GCF_000301875.1
1221253	Acinetobacter_baumannii_AB_2007_16_25_01_7	GCF_000301295.1
1221254	Acinetobacter_baumannii_AB_2007_16_27_01	GCF_000301895.1
1221255	Acinetobacter_baumannii_AB_2008_15_34_7	GCF_000301915.1
1221256	Acinetobacter_baumannii_AB_2008_15_45	GCF_000301315.1
1221257	Acinetobacter_baumannii_AB_2008_15_52	GCF_000301935.1
1221258	Acinetobacter_baumannii_AB_2008_15_69	GCF_000301335.1
1221259	Acinetobacter_baumannii_AB_2008_15_70	GCF_000301955.1
1221260	Acinetobacter_baumannii_AB_2008_15_71	GCF_000301355.1
1221261	Acinetobacter_baumannii_AB_2008_23_01_01_7	GCF_000301975.1
1221262	Acinetobacter_baumannii_AB_2008_23_07_01_7	GCF_000308995.1
1221263	Acinetobacter_baumannii_AB_2009_04_01_7	GCF_000301995.1
1221264	Acinetobacter_baumannii_AB_2009_04_02_7	GCF_000302015.1
1221265	Acinetobacter_baumannii_AB_515_8	GCF_000301375.1
1221266	Acinetobacter_baumannii_AB_908_12	GCF_000301395.1
1221267	Acinetobacter_baumannii_AB_908_13	GCF_000302035.1
1221269	Acinetobacter_baumannii_AB_909_01_7	GCF_000301415.1
1221270	Acinetobacter_baumannii_AB_909_02_7	GCF_000301435.1
1221271	Acinetobacter_baumannii_AB_909_05	GCF_000302075.1
1221273	Acinetobacter_baumannii_AB_TG19617	GCF_000302135.1
1221274	Acinetobacter_baumannii_AB_TG2018	GCF_000302155.1
1221275	Acinetobacter_baumannii_AB_TG2022	GCF_000301455.1
1221276	Acinetobacter_baumannii_AB_TG2023	GCF_000301475.1
1221277	Acinetobacter_baumannii_AB_TG2026	GCF_000301495.1
1221278	Acinetobacter_baumannii_AB_TG2028	GCF_000301515.1
1221279	Acinetobacter_baumannii_AB_TG2030	GCF_000301535.1
1221280	Acinetobacter_baumannii_AB_TG2031	GCF_000301555.1
1221286	Acinetobacter_baumannii_AB_TG27335	GCF_000302215.1
1221287	Acinetobacter_baumannii_AB_TG27339	GCF_000302235.1
1221288	Acinetobacter_baumannii_AB_TG27343	GCF_000302255.1
480119	Acinetobacter_baumannii_AB0057	GCF_000021245.2
1168588	Acinetobacter_baumannii_Ab11111	GCF_000297915.1
1222031	Acinetobacter_baumannii_AB1H8	GCF_000342065.1
886886	Acinetobacter_baumannii_AB210	GCF_000189655.1
557600	Acinetobacter_baumannii_AB307_0294	GCF_002803025.2
470	Acinetobacter_baumannii_AB31	GCF_003006945.1
1168590	Acinetobacter_baumannii_Ab33333	GCF_000297935.1
1222033	Acinetobacter_baumannii_AB405E4	GCF_000342085.1
1168591	Acinetobacter_baumannii_Ab44444	GCF_000297955.1
1222032	Acinetobacter_baumannii_AB4A3	GCF_000338835.1
1116235	Acinetobacter_baumannii_AB5256	GCF_000241705.1
1116236	Acinetobacter_baumannii_AB5711	GCF_000241725.1
557601	Acinetobacter_baumannii_AB900	GCF_000173395.1
1200351	Acinetobacter_baumannii_ABIsac_ColiR	GCF_000333735.1
992402	Acinetobacter_baumannii_ABNIH1	GCF_000222225.1
1094475	Acinetobacter_baumannii_ABNIH11	GCF_000354015.1
1094478	Acinetobacter_baumannii_ABNIH14	GCF_000354035.1
1094479	Acinetobacter_baumannii_ABNIH15	GCF_000354055.1
1094480	Acinetobacter_baumannii_ABNIH16	GCF_000354075.1
1094482	Acinetobacter_baumannii_ABNIH18	GCF_000354115.1
1094483	Acinetobacter_baumannii_ABNIH19	GCF_000353775.1
1094486	Acinetobacter_baumannii_ABNIH22	GCF_000353795.1
1094487	Acinetobacter_baumannii_ABNIH23	GCF_000353815.1
1224165	Acinetobacter_baumannii_ABNIH25	GCF_000353915.1
1224166	Acinetobacter_baumannii_ABNIH26	GCF_000353895.1
992404	Acinetobacter_baumannii_ABNIH3	GCF_000222265.1
992405	Acinetobacter_baumannii_ABNIH4	GCF_000222285.1
1094469	Acinetobacter_baumannii_ABNIH5	GCF_000353935.1
1094470	Acinetobacter_baumannii_ABNIH6	GCF_000353955.1
1198108	Acinetobacter_baumannii_AC12	GCA_000282795.3
1224747	Acinetobacter_baumannii_AC30	GCA_000307975.2
405416	Acinetobacter_baumannii_ACICU	GCF_005519135.1
1217638	Acinetobacter_baumannii_ANC_4097	GCF_000369365.1
400667	Acinetobacter_baumannii_ATCC_17978	GCF_004797155.2
575584	Acinetobacter_baumannii_ATCC_19606	GCF_002811175.1
509173	Acinetobacter_baumannii_AYE	GCF_000069245.1
1210907	Acinetobacter_baumannii_BZICU_2	GCF_000292545.1
903895	Acinetobacter_baumannii_Canada_BC_5	GCF_000286615.1
903924	Acinetobacter_baumannii_Canada_BC1	GCF_000309275.1
903912	Acinetobacter_baumannii_IS_116	GCF_000297535.1
903899	Acinetobacter_baumannii_IS_123	GCF_000286535.1
903911	Acinetobacter_baumannii_IS_143	GCF_000297515.1
903905	Acinetobacter_baumannii_IS_235	GCF_000304695.1
903906	Acinetobacter_baumannii_IS_251	GCF_000304655.1
903914	Acinetobacter_baumannii_IS_58	GCF_000297595.1
1455315	Acinetobacter_baumannii_LAC_4	GCF_000786735.1
889738	Acinetobacter_baumannii_MDR_TJ	GCF_000187205.2
497978	Acinetobacter_baumannii_MDR_ZJ06	GCF_000226275.2
1278070	Acinetobacter_baumannii_MSP4_16	GCF_000341985.1
903920	Acinetobacter_baumannii_Naval_113	GCF_000314655.1
903904	Acinetobacter_baumannii_Naval_13	GCF_000305295.1
903896	Acinetobacter_baumannii_Naval_17	GCF_000278605.1
903897	Acinetobacter_baumannii_Naval_18	GCF_000214965.1
903922	Acinetobacter_baumannii_Naval_2	GCF_000309175.1
903923	Acinetobacter_baumannii_Naval_21	GCF_000309195.1
903927	Acinetobacter_baumannii_Naval_57	GCF_000335535.1
903908	Acinetobacter_baumannii_Naval_72	GCF_000304675.1
903936	Acinetobacter_baumannii_Naval_78	GCF_000335675.1
903898	Acinetobacter_baumannii_Naval_81	GCF_000214985.1
903921	Acinetobacter_baumannii_Naval_82	GCF_000309255.1
903909	Acinetobacter_baumannii_Naval_83	GCF_000305315.1
1217642	Acinetobacter_baumannii_NIPH_1362	GCF_000368125.1
1217639	Acinetobacter_baumannii_NIPH_146	GCF_000368185.1
1217643	Acinetobacter_baumannii_NIPH_1669	GCF_000368105.1
1217644	Acinetobacter_baumannii_NIPH_1734	GCF_000368245.1
1217640	Acinetobacter_baumannii_NIPH_190	GCF_000368525.1
1217630	Acinetobacter_baumannii_NIPH_201	GCF_000369165.1
1217645	Acinetobacter_baumannii_NIPH_2061	GCF_000368225.1
1217646	Acinetobacter_baumannii_NIPH_24	GCF_000367885.1
1217631	Acinetobacter_baumannii_NIPH_290	GCF_000369325.1
1217632	Acinetobacter_baumannii_NIPH_329	GCF_000369225.1
1217633	Acinetobacter_baumannii_NIPH_335	GCF_000369205.1
1217634	Acinetobacter_baumannii_NIPH_410	GCF_000413915.1
1217635	Acinetobacter_baumannii_NIPH_527	GCF_000369185.1
1217636	Acinetobacter_baumannii_NIPH_528	GCF_000369285.1
1217647	Acinetobacter_baumannii_NIPH_60	GCF_000368545.1
1217637	Acinetobacter_baumannii_NIPH_601	GCF_000369245.1
1217641	Acinetobacter_baumannii_NIPH_615	GCF_000368205.1
1217627	Acinetobacter_baumannii_NIPH_67	GCF_000369265.1
1217628	Acinetobacter_baumannii_NIPH_70	GCF_000369305.1
1217629	Acinetobacter_baumannii_NIPH_80	GCF_000369345.1
903907	Acinetobacter_baumannii_OIFC0162	GCF_000307895.1
903890	Acinetobacter_baumannii_OIFC032	GCF_000215005.1
903926	Acinetobacter_baumannii_OIFC035	GCF_000309235.1
903933	Acinetobacter_baumannii_OIFC047	GCF_000335635.1
903932	Acinetobacter_baumannii_OIFC065	GCF_000309115.1
903901	Acinetobacter_baumannii_OIFC074	GCF_000305215.1
903929	Acinetobacter_baumannii_OIFC087	GCF_000309095.1
903902	Acinetobacter_baumannii_OIFC098	GCF_000305235.1
903930	Acinetobacter_baumannii_OIFC099	GCF_000309135.1
903892	Acinetobacter_baumannii_OIFC109	GCF_000278645.1
903910	Acinetobacter_baumannii_OIFC110	GCF_000305275.1
903935	Acinetobacter_baumannii_OIFC111	GCF_000309155.1
903889	Acinetobacter_baumannii_OIFC137	GCF_000278625.1
903893	Acinetobacter_baumannii_OIFC143	GCF_000278665.1
903903	Acinetobacter_baumannii_OIFC180	GCF_000305255.1
903894	Acinetobacter_baumannii_OIFC189	GCF_000278685.1
903934	Acinetobacter_baumannii_OIFC338	GCF_000335655.1
509170	Acinetobacter_baumannii_SDF	GCF_000069205.1
980514	Acinetobacter_baumannii_TCDC_AB0715	GCF_000189735.1
1100841	Acinetobacter_baumannii_TYTH_1	GCF_000302575.1
933263	Acinetobacter_baumannii_UMB001	GCF_000184475.1
933265	Acinetobacter_baumannii_UMB003	GCF_000184515.1
981329	Acinetobacter_baumannii_W7282	GCF_000248275.1
903919	Acinetobacter_baumannii_WC_348	GCF_000314635.1
903913	Acinetobacter_baumannii_WC_692	GCF_000297575.1
903925	Acinetobacter_baumannii_WC_A_694	GCF_000309215.1
903931	Acinetobacter_baumannii_WC_A_92	GCF_000335615.1
945555	Acinetobacter_baumannii_WM99c	GCF_000186645.1
1223564	Acinetobacter_baumannii_ZWS1122	GCF_000299655.1
1224141	Acinetobacter_baumannii_ZWS1219	GCF_000299675.1
1217653	Acinetobacter_calcoaceticus_ANC_3680	GCF_000368945.1
1217690	Acinetobacter_calcoaceticus_ANC_3811	GCF_000399665.1
981331	Acinetobacter_calcoaceticus_DSM_30006_CIP_81_8	GCF_000368965.1
1217654	Acinetobacter_calcoaceticus_NIPH_13	GCF_000367865.1
871585	Acinetobacter_calcoaceticus_PHEA_2	GCF_000191145.1
575585	Acinetobacter_calcoaceticus_RUH2202	GCF_000162035.1
1235833	Acinetobacter_calcoaceticus_subsp_anitratus_XM1570	GCF_000341835.1
1221293	Acinetobacter_calcoaceticus_TG19585	GCF_000302295.1
1221294	Acinetobacter_calcoaceticus_TG19588	GCF_000309015.1
1221295	Acinetobacter_calcoaceticus_TG19593	GCF_000301675.1
1217655	Acinetobacter_guillouiae_CIP_63_46	GCF_000368145.1
106649	Acinetobacter_guillouiae_KCTC_23200	GCF_000829655.1
1330038	Acinetobacter_guillouiae_MSP4_18	GCF_000414055.1
1217656	Acinetobacter_guillouiae_NIPH_991	GCF_000368485.1
707232	Acinetobacter_haemolyticus_ATCC_19194	GCF_000164055.1
1217659	Acinetobacter_haemolyticus_CIP_64_3	GCF_000369065.1
1217986	Acinetobacter_haemolyticus_NIPH_261	GCF_000369085.1
1221297	Acinetobacter_haemolyticus_TG19599	GCF_000302315.1
1221299	Acinetobacter_haemolyticus_TG21157	GCF_000301715.1
1217662	Acinetobacter_johnsonii_ANC_3681	GCF_000368805.1
1217663	Acinetobacter_johnsonii_CIP_64_6	GCF_000368045.1
575586	Acinetobacter_johnsonii_SH046	GCF_000162055.1
1217666	Acinetobacter_junii_CIP_107470	GCF_000368665.1
1217664	Acinetobacter_junii_CIP_64_5	GCF_000368765.1
1217665	Acinetobacter_junii_NIPH_182	GCF_000368745.1
575587	Acinetobacter_junii_SH205	GCF_000162075.1
1311804	Acinetobacter_lwoffii_CIP_70_31	GCF_000369125.1
28090	Acinetobacter_lwoffii_ERR2221242	
981327	Acinetobacter_lwoffii_NCTC_5866	GCF_000248355.1
1217668	Acinetobacter_lwoffii_NIPH_478	GCF_000369145.1
1217669	Acinetobacter_lwoffii_NIPH_715	GCF_000368165.1
575588	Acinetobacter_lwoffii_SH145	GCF_000162095.1
1221307	Acinetobacter_lwoffii_TG19636	GCF_000301755.1
1046625	Acinetobacter_lwoffii_WJ10621	GCF_000219275.1
1217670	Acinetobacter_nosocomialis_NIPH_2119	GCF_000368085.1
106654	Acinetobacter_nosocomialis_WC_487	GCF_000314595.1
1217673	Acinetobacter_pittii_ANC_3678	GCF_000369025.1
1217691	Acinetobacter_pittii_ANC_4050	GCF_000399685.1
1217689	Acinetobacter_pittii_ANC_4052	GCF_000399705.1
48296	Acinetobacter_pittii_AP_882	GCF_001577285.1
1311774	Acinetobacter_pittii_CIP_70_29	GCF_000369045.1
1086014	Acinetobacter_pittii_D499	GCF_000230465.1
48296	Acinetobacter_pittii_IEC338SC	GCF_001617545.1
1221309	Acinetobacter_pittii_TG6411	GCF_000302375.1
48296	Acinetobacter_pittii_WC_136	GCF_000315155.1
981334	Acinetobacter_radioresistens_DSM_6976	GCF_000368905.1
1217674	Acinetobacter_radioresistens_NIPH_2130	GCF_000368885.1
575589	Acinetobacter_radioresistens_SH164	GCF_000162115.1
596318	Acinetobacter_radioresistens_SK82	GCF_000175675.1
1221310	Acinetobacter_radioresistens_TG02010	GCF_000301795.1
903900	Acinetobacter_radioresistens_WC_A_157	GCF_000286595.1
525244	Acinetobacter_sp_ATCC_27244	GCF_000156555.1
903928	Acinetobacter_sp_OIFC021	GCF_000335575.1
575564	Acinetobacter_sp_RUH2624	GCF_000162375.2
575565	Acinetobacter_sp_SH024	GCF_000163635.1
903915	Acinetobacter_sp_WC_141	GCF_000313935.1
903918	Acinetobacter_sp_WC_323	GCF_000314615.1
416269	Actinobacillus_pleuropneumoniae_L20	GCF_000015885.1
1224142	Actinobacillus_pleuropneumoniae_S8	GCF_000295915.1
228399	Actinobacillus_pleuropneumoniae_serovar_1_str_4074	GCF_000178495.2
754259	Actinobacillus_pleuropneumoniae_serovar_10_str_D13039	GCF_000178595.1
754260	Actinobacillus_pleuropneumoniae_serovar_11_str_56153	GCF_000178615.1
754261	Actinobacillus_pleuropneumoniae_serovar_12_str_1096	GCF_000178635.1
754262	Actinobacillus_pleuropneumoniae_serovar_13_str_N273	GCF_000178655.1
754254	Actinobacillus_pleuropneumoniae_serovar_2_str_4226	GCF_000179275.1
871925	Actinobacillus_pleuropneumoniae_serovar_2_str_S1536	GCF_000178515.1
434271	Actinobacillus_pleuropneumoniae_serovar_3_str_JL03	GCF_000016685.1
754255	Actinobacillus_pleuropneumoniae_serovar_4_str_M62	GCF_000178535.1
754256	Actinobacillus_pleuropneumoniae_serovar_6_str_Femo	GCF_000178555.1
537457	Actinobacillus_pleuropneumoniae_serovar_7_str_AP76	GCF_000020405.1
754258	Actinobacillus_pleuropneumoniae_serovar_9_str_CVJ13261	GCF_000178575.1
131109	Actinomyces_bowdenii_OH5050	GCF_003860075.1
888050	Actinomyces_cardiffensis_F0333	GCF_000364865.1
883069	Actinomyces_europaeus_ACS_120_V_Col10b	GCF_000411155.1
66228	Actinomyces_europaeus_UMB0652_ERR1203664_17957_1_76_1	GCF_002871995.1
1120942	Actinomyces_georgiae_DSM_6843	GCF_000429245.1
1120943	Actinomyces_gerencseriae_DSM_6844	GCF_000429265.1
435830	Actinomyces_graevenitzii_C83	GCF_000239695.1
178339	Actinomyces_hongkongensis_HKU8	GCF_001746855.1
1673722	Actinomyces_ihuae_DSM_100538	GCF_001457875.1
1120944	Actinomyces_israelii_DSM_43320	GCF_000711965.1
1227262	Actinomyces_johnsonii_F0510	GCF_000466205.2
1321818	Actinomyces_johnsonii_F0542	GCF_000466245.1
1167628	Actinomyces_massiliensis_4401292	GCF_000269805.1
1125718	Actinomyces_massiliensis_F0489	GCF_000296275.1
52773	Actinomyces_meyeri_DSM_20733	GCF_900105015.1
1655	Actinomyces_naeslundii_ERR2221356	
1115803	Actinomyces_naeslundii_str_Howell_279	GCF_000285995.1
411466	Actinomyces_odontolyticus_ATCC_17982	GCF_000154225.1
649742	Actinomyces_odontolyticus_F0309	GCF_000163415.1
871541	Actinomyces_oris_K20	GCF_000180155.1
544580	Actinomyces_oris_T14V	GCF_001553935.1
1325934	Actinomyces_polynesiensis_DSM_27066	GCF_000820725.1
1203556	Actinomyces_sp_HPA0247	GCF_000411415.1
1105029	Actinomyces_sp_ICM39	GCF_000282935.1
936548	Actinomyces_sp_ICM47	GCF_000278725.1
1118058	Actinomyces_sp_ph3	GCF_000308055.1
521393	Actinomyces_timonensis_DSM_23838	GCF_000295095.1
883077	Actinomyces_turicensis_ACS_279_V_Col4	GCF_000296505.1
525246	Actinomyces_urogenitalis_DSM_15434	GCF_000159035.1
1284679	Actinomyces_urogenitalis_S6_C4	GCF_000758745.1
562973	Actinomyces_viscosus_C505	GCF_000175315.3
1796620	Acutalibacter_muris_KB18	GCF_002201475.1
1384484	Adlercreutzia_equolifaciens_DSM_19450	GCF_000478885.1
446660	Adlercreutzia_equolifaciens_ERR2221192	
1796610	Adlercreutzia_muris_DSM_29508	
1247726	Advenella_mimigardefordensis_DPN7	GCF_000521505.1
525247	Aerococcus_christensenii_CCUG28831	GCF_001466745.1
655812	Aerococcus_viridans_ATCC_11563	GCF_000178435.1
1175629	Aerococcus_viridans_LL1	GCF_000262085.1
1033730	Aeromicrobium_massiliense_JC14	GCF_000312105.1
878320	Aeromonas_caviae_Ae398	GCF_000208825.1
648	Aeromonas_caviae_FDAARGOS_72	GCF_000783775.2
648	Aeromonas_caviae_FDAARGOS_75	GCF_000783715.2
1268076	Aeromonas_dhakensis_173	GCF_000354675.1
1268080	Aeromonas_dhakensis_277	GCF_000354715.1
1073377	Aeromonas_dhakensis_SSU	GCF_000298055.1
1268075	Aeromonas_hydrophila_116	GCF_000350405.1
1268074	Aeromonas_hydrophila_14	GCF_000354655.1
1268077	Aeromonas_hydrophila_187	GCF_000354635.1
1268079	Aeromonas_hydrophila_259	GCF_000354695.1
644	Aeromonas_hydrophila_AH10	GCF_000963645.1
1288394	Aeromonas_hydrophila_ML09_119	GCF_000401555.1
644	Aeromonas_hydrophila_RB_AH	GCF_000724965.1
1232673	Aeromonas_hydrophila_SNUFPC_A8	GCF_000315835.1
380703	Aeromonas_hydrophila_subsp_hydrophila_ATCC_7966	GCF_000014805.1
1458276	Aeromonas_jandaei_Riv2	GCF_000708125.1
651	Aeromonas_media_ARB13	GCF_000754915.1
1208104	Aeromonas_media_WS	GCF_000287215.2
1073382	Aeromonas_veronii_AER39	GCF_000297975.1
1073384	Aeromonas_veronii_AER397	GCF_000297995.1
1073383	Aeromonas_veronii_AMC34	GCF_000298015.1
1073385	Aeromonas_veronii_AMC35	GCF_000298035.1
654	Aeromonas_veronii_AVNIH1	GCF_001634325.1
998088	Aeromonas_veronii_B565	GCF_000204115.1
654	Aeromonas_veronii_TH0426	GCF_001593245.1
1197906	Afipia_birgiae_34632	GCF_000308295.2
985008	Aggregatibacter_aphrophilus_ATCC_33389	GCF_000226495.2
679198	Aggregatibacter_aphrophilus_F0387	GCF_000231255.1
634176	Aggregatibacter_aphrophilus_NJ8700	GCF_001188835.1
732	Aggregatibacter_aphrophilus_W10433	GCF_001262035.1
739	Aggregatibacter_segnis_933_AAPH_107_59761_2565235	GCF_001059425.1
888057	Aggregatibacter_segnis_ATCC_33393	GCF_000185305.1
176299	Agrobacterium_fabrum_str_C58	GCF_000092025.1
1082932	Agrobacterium_tumefaciens_CCNWGS0286	GCF_000233975.1
1050720	Agrobacterium_tumefaciens_F2	GCF_000219665.1
1281779	Agrobacterium_tumefaciens_str_Cherry_2E_2_2	GCF_000349865.1
349741	Akkermansia_muciniphila_ATCC_BAA_835	GCF_000020225.1
239935	Akkermansia_muciniphila_YL44	GCF_001688765.2
1574264	Akkermansia_sp_KLE1797	GCF_001578645.1
1574265	Akkermansia_sp_KLE1798	GCF_001580195.1
511	Alcaligenes_faecalis_NBIB_017	GCF_001530325.1
1218102	Alcaligenes_faecalis_subsp_faecalis_NBRC_13111	GCF_001748345.1
1156918	Alcaligenes_faecalis_subsp_faecalis_NCIB_8687	GCF_000275465.1
511	Alcaligenes_faecalis_ZD02	GCF_000967305.2
312309	Aliivibrio_fischeri_ES114	GCF_000011805.1
388396	Aliivibrio_fischeri_MJ11	GCF_000020845.1
316275	Aliivibrio_salmonicida_LFI1238	GCF_000196495.1
679935	Alistipes_finegoldii_DSM_17242	GCF_000265365.1
1211813	Alistipes_ihumii_AP11	GCF_000321205.1
626932	Alistipes_indistinctus_ERR2221377	
742725	Alistipes_indistinctus_YIT_12060	GCF_000231275.1
239759	Alistipes_nov_ERR2221210	
239759	Alistipes_nov_ERR2221392	
1118061	Alistipes_obesi_isolate_ph8	GCF_000311925.1
1203611	Alistipes_onderdonkii_DSM_19147	GCF_000374505.1
328813	Alistipes_onderdonkii_ERR1022348	
328813	Alistipes_onderdonkii_ERR1022461	
328813	Alistipes_onderdonkii_ERR1203947	
328813	Alistipes_onderdonkii_ERR1204041	
328813	Alistipes_onderdonkii_ERR2221102	
328813	Alistipes_onderdonkii_ERR2230089	
328813	Alistipes_onderdonkii_ERR2230093	
1816676	Alistipes_provencensis_DSM_102308	GCF_900083545.1
445970	Alistipes_putredinis_DSM_17216	GCF_000154465.1
1033732	Alistipes_senegalensis_JC50	GCF_000312145.1
328814	Alistipes_shahii_ERR2221103	
328814	Alistipes_shahii_ERR2221307	
328814	Alistipes_shahii_ERR2221376	
717959	Alistipes_shahii_WAL_8301	GCF_000210575.1
1499682	Alistipes_sp_AL_1	GCF_000751455.1
239759	Alistipes_sp_cv1_ERR1022444	
908612	Alistipes_sp_HGB5	GCF_000183485.2
1465754	Alistipes_timonensis_ERR2221390	
1033731	Alistipes_timonensis_JC136	GCF_000285455.1
645887	Alkalibaculum_bacchi_DSM_22112_Ga0244545_101	GCF_003317055.1
1408422	Alkaliphilus_transvaalensis_ATCC_700919	GCF_000621485.1
1050201	Allobaculum_stercoricanis_DSM_13633	GCF_000384195.1
883081	Alloiococcus_otitis_ATCC_51267	GCF_000315445.1
679199	Alloprevotella_rava_F0323	GCF_000234115.1
626522	Alloprevotella_tannerae_ATCC_51259	GCF_000159995.1
419015	Alloscardovia_omnicolens_1036_GVAG_103_587_17548_30_31	GCF_001053655.1
1120979	Alloscardovia_omnicolens_DSM_21503	GCF_000420505.1
1321816	Alloscardovia_omnicolens_F0580	GCF_000466365.1
1120746	Amazonia_massiliensis_MS4	GCF_000752215.1
1005740	Aminivibrio_pyruvatiphilus_DSM_25964	GCF_004366815.1
157733	Anaerobacillus_macyae_DSM_16346	GCF_001039475.1
649746	Anaerobaculum_hydrogeniformans_OS1_ATCC_BAA_1850	GCF_000160455.2
1120988	Anaerobiospirillum_succiniciproducens_DSM_640001	GCF_000482845.1
879306	Anaerococcus_hydrogenalis_ACS_025_V_Sch4	GCF_000191745.1
561177	Anaerococcus_hydrogenalis_DSM_7454	GCF_000173355.1
1673719	Anaerococcus_jeddahensis_DSM_100537	GCF_001182725.1
525254	Anaerococcus_lactolyticus_ATCC_51172	GCF_000156575.1
1284686	Anaerococcus_lactolyticus_S7_1_13	GCF_000758765.1
1118056	Anaerococcus_obesiensis_ph10	GCF_000311745.1
879305	Anaerococcus_prevotii_ACS_065_V_Col13	GCF_000191725.1
525919	Anaerococcus_prevotii_DSM_20548	GCF_000024105.1
1720199	Anaerococcus_rubeinfantis_DSM_101186	GCF_001487145.1
1033733	Anaerococcus_senegalensis_JC48	GCF_000321005.1
525255	Anaerococcus_tetradius_ATCC_35098	GCF_000159095.1
33036	Anaerococcus_tetradius_MJR8151	GCF_001546165.1
655811	Anaerococcus_vaginalis_ATCC_51170	GCF_000163295.1
445971	Anaerofustis_stercorihominis_DSM_17244	GCF_000154825.1
861450	Anaeroglobus_geminatus_F0357	GCF_000239275.1
2088	Anaeroplasma_bactoclasticum_ATCC_27112	GCF_003550015.1
932217	Anaerosalibacter_bizertensis_Med78_601_WT_4W_RMD_3	
1347392	Anaerosalibacter_massiliensis_ND1	GCF_000751555.1
1120996	Anaerosporobacter_mobilis_DSM_15930	GCF_900142955.1
411490	Anaerostipes_caccae_DSM_14662	GCF_900624715.1
105841	Anaerostipes_caccae_ERR1203925	
105841	Anaerostipes_caccae_ERR171259	
105841	Anaerostipes_caccae_ERR2221104	
105841	Anaerostipes_caccae_ERR2221232	
649757	Anaerostipes_hadrus_DSM_3319	GCF_000332875.2
649756	Anaerostipes_hadrus_ERR1022288	
649756	Anaerostipes_hadrus_ERR1022326	
649756	Anaerostipes_hadrus_ERR1022376	
649756	Anaerostipes_hadrus_ERR1022422	
649756	Anaerostipes_hadrus_ERR1022423	
649756	Anaerostipes_hadrus_ERR1022473	
649756	Anaerostipes_hadrus_ERR2221197	
649756	Anaerostipes_hadrus_ERR2221199	
207244	Anaerostipes_nov_ERR2221209	
207244	Anaerostipes_sp_3_2_56FAA	GCF_000185825.1
1121323	Anaerotignum_lactatifermentans_DSM_14214	GCF_900142265.1
991789	Anaerotignum_propionicum_DSM_1682	GCF_001561955.1
445972	Anaerotruncus_colihominis_DSM_17241	GCF_000154565.1
169435	Anaerotruncus_colihominis_ERR1022453	
169435	Anaerotruncus_colihominis_ERR171260	
169435	Anaerotruncus_colihominis_ERR2221105	
244127	Anaerotruncus_nov_ERR2221396	
1235835	Anaerotruncus_sp_G3_2012	GCF_000403395.2
1120998	Anaerovorax_odorimutans_DSM_5092	GCF_000426305.1
649747	Aneurinibacillus_aneurinilyticus_ATCC_12856	GCF_000466385.1
644284	Arcanobacterium_haemolyticum_DSM_20595	GCF_000092365.1
1036172	Arcobacter_butzleri_7h1h	GCF_000215345.2
944546	Arcobacter_butzleri_ED_1	GCF_000284355.1
888827	Arcobacter_butzleri_JV22	GCF_005886055.1
367737	Arcobacter_butzleri_RM4018	GCF_000014025.1
872965	Ardenticatena_maritima_110S	GCF_001293545.1
1121019	Arthrobacter_castelli_DSM_16402	GCF_000430705.1
997872	Atopobium_minutum_10063974	GCF_000364325.1
521095	Atopobium_parvulum_DSM_20469	GCF_000024225.1
553184	Atopobium_rimae_ATCC_49626	GCF_000174015.1
82135	Atopobium_vaginae_CMW7778A	GCF_001562845.1
525256	Atopobium_vaginae_DSM_15829	GCF_000159235.2
866774	Atopobium_vaginae_PB189_T1_4	GCF_000179715.1
678932	Auritidibacter_ignavus_IMMIB_L_1656	GCF_003703835.1
1178544	Bacillus_altitudinis_41KF2b	GCF_000691145.1
1076692	Bacillus_altitudinis_S_1	GCF_000225935.1
692420	Bacillus_amyloliquefaciens_DSM7	GCF_000196735.1
326423	Bacillus_amyloliquefaciens_FZB42	GCF_000015785.1
1001582	Bacillus_amyloliquefaciens_LL3	GCF_000204275.1
1198291	Bacillus_amyloliquefaciens_subsp_amyloliquefaciens_DC_12	GCF_000330805.1
999891	Bacillus_amyloliquefaciens_TA208	GCF_000195515.1
1034836	Bacillus_amyloliquefaciens_XH7	GCF_000221645.1
1126211	Bacillus_amyloliquefaciens_Y2	GCF_000262385.1
1499685	Bacillus_andreraoultii_KW_12	GCF_000752395.1
723888	Bacillus_atrophaeus_1013_1	GCF_000204785.1
723889	Bacillus_atrophaeus_1013_2	GCF_000204805.1
720555	Bacillus_atrophaeus_1942	GCF_000165925.1
743710	Bacillus_atrophaeus_ATCC_49822_1	GCF_000204845.1
743711	Bacillus_atrophaeus_ATCC_49822_2	GCF_000204865.1
903520	Bacillus_atrophaeus_ATCC_9372_1	GCF_000204705.1
723892	Bacillus_atrophaeus_ATCC_9372_2	GCF_000204825.1
882455	Bacillus_atrophaeus_BACI051_E	GCF_000204885.1
876283	Bacillus_atrophaeus_BACI051_N	GCF_000204905.1
334727	Bacillus_atrophaeus_C89	GCF_000264395.1
720556	Bacillus_atrophaeus_Detrick_1	GCF_000204725.1
720557	Bacillus_atrophaeus_Detrick_2	GCF_000204745.1
720558	Bacillus_atrophaeus_Detrick_3	GCF_000204765.1
1452	Bacillus_atrophaeus_DJHJ8	GCF_001639965.1
882453	Bacillus_atrophaeus_str_Dugway	GCF_000204685.1
1239783	Bacillus_atrophaeus_UCMB_5137	GCF_000385965.2
572264	Bacillus_cereus_03BB102	GCF_000832405.1
451709	Bacillus_cereus_03BB108	GCF_000832865.1
526967	Bacillus_cereus_172560W	GCF_000160935.1
526979	Bacillus_cereus_95	GCF_000161135.1
405533	Bacillus_cereus_AH1134	GCF_000181615.1
526992	Bacillus_cereus_AH1271	GCF_000161375.1
526993	Bacillus_cereus_AH1272	GCF_000161395.1
526994	Bacillus_cereus_AH1273	GCF_000003955.1
405534	Bacillus_cereus_AH187_F4810_72	GCF_000021225.1
526991	Bacillus_cereus_AH676	GCF_000161355.1
405535	Bacillus_cereus_AH820	GCF_000021785.1
1053166	Bacillus_cereus_AND1407	GCF_000290995.1
526980	Bacillus_cereus_ATCC_10876	GCF_000160895.1
222523	Bacillus_cereus_ATCC_10987	GCF_000008005.1
226900	Bacillus_cereus_ATCC_14579	GCF_006094295.1
526977	Bacillus_cereus_ATCC_4342	GCF_000832845.1
405532	Bacillus_cereus_B4264	GCF_000021205.1
1085389	Bacillus_cereus_B5_2	GCF_000399625.1
1053167	Bacillus_cereus_BAG1O_1	GCF_000399165.1
1053169	Bacillus_cereus_BAG1O_3	GCF_000412975.1
1053170	Bacillus_cereus_BAG1X1_1	GCF_000399005.1
1053171	Bacillus_cereus_BAG1X1_2	GCF_000291035.1
1053172	Bacillus_cereus_BAG1X1_3	GCF_000291055.1
1053173	Bacillus_cereus_BAG1X2_1	GCF_000399065.1
1053174	Bacillus_cereus_BAG1X2_2	GCF_000399085.1
1053175	Bacillus_cereus_BAG1X2_3	GCF_000399105.1
1053176	Bacillus_cereus_BAG2O_1	GCF_000399265.1
1053177	Bacillus_cereus_BAG2O_2	GCF_000412315.1
1053178	Bacillus_cereus_BAG2O_3	GCF_000399285.1
1053179	Bacillus_cereus_BAG2X1_1	GCF_000291665.1
1053181	Bacillus_cereus_BAG2X1_3	GCF_000291515.1
1085388	Bacillus_cereus_BAG3O_1	GCF_000399645.1
1053182	Bacillus_cereus_BAG3O_2	GCF_000291535.1
1053183	Bacillus_cereus_BAG3X2_1	GCF_000291475.1
1053184	Bacillus_cereus_BAG3X2_2	GCF_000291455.1
1053185	Bacillus_cereus_BAG4O_1	GCF_000291435.1
1053186	Bacillus_cereus_BAG4X12_1	GCF_000291415.1
1053187	Bacillus_cereus_BAG4X2_1	GCF_000293505.1
1053188	Bacillus_cereus_BAG5O_1	GCF_000291395.1
1053189	Bacillus_cereus_BAG5X1_1	GCF_000291295.1
1053190	Bacillus_cereus_BAG5X12_1	GCF_000399325.1
1053192	Bacillus_cereus_BAG6O_1	GCF_000293525.1
1053193	Bacillus_cereus_BAG6O_2	GCF_000293545.1
1053195	Bacillus_cereus_BAG6X1_2	GCF_000291355.1
526978	Bacillus_cereus_BDRD_Cer4	GCF_000161115.1
526976	Bacillus_cereus_BDRD_ST196	GCF_000161095.1
526974	Bacillus_cereus_BDRD_ST24	GCF_000161055.1
526975	Bacillus_cereus_BDRD_ST26	GCF_000161075.1
526970	Bacillus_cereus_BGSC_6E1	GCF_000160915.1
637380	Bacillus_cereus_biovar_anthracis_str_CI	GCF_000143605.1
1053196	Bacillus_cereus_BMG1_7	GCF_000399345.1
288681	Bacillus_cereus_E33L	GCF_000011625.1
1126681	Bacillus_cereus_F	GCF_000338315.1
526989	Bacillus_cereus_F65185	GCF_000161315.1
347495	Bacillus_cereus_F837	GCF_000239195.1
1396	Bacillus_cereus_FORC_005	GCF_000978375.1
1217984	Bacillus_cereus_FRI_35	GCF_000292415.1
269801	Bacillus_cereus_G9241	GCF_000832805.1
405531	Bacillus_cereus_G9842	GCF_000021305.1
451708	Bacillus_cereus_H3081_97	GCF_000171035.2
1053200	Bacillus_cereus_HD73	GCF_000293685.1
1053201	Bacillus_cereus_HuA2_1	GCF_000293705.1
1053202	Bacillus_cereus_HuA2_3	GCF_000399405.1
1053203	Bacillus_cereus_HuA2_4	GCF_000291175.1
1053204	Bacillus_cereus_HuA2_9	GCF_000398985.1
1053205	Bacillus_cereus_HuA3_9	GCF_000398965.1
1053206	Bacillus_cereus_HuA4_10	GCF_000291075.1
1053207	Bacillus_cereus_HuB1_1	GCF_000293725.1
1053208	Bacillus_cereus_HuB13_1	GCF_000399365.1
1053209	Bacillus_cereus_HuB2_9	GCF_000293745.1
1053211	Bacillus_cereus_HuB4_4	GCF_000399305.1
1053212	Bacillus_cereus_HuB5_5	GCF_000291115.1
718220	Bacillus_cereus_IS075	GCF_000290935.2
1053213	Bacillus_cereus_IS195	GCF_000399225.1
1053214	Bacillus_cereus_IS845_00	GCF_000399205.1
1053215	Bacillus_cereus_ISP2954	GCF_000399505.1
1053216	Bacillus_cereus_ISP3191	GCF_000291135.1
1053217	Bacillus_cereus_K_5975c	GCF_000399185.1
1163722	Bacillus_cereus_LCT_BC244	GCF_000256545.1
526973	Bacillus_cereus_m1293	GCF_000003645.1
526969	Bacillus_cereus_m1550	GCF_000161035.1
1053218	Bacillus_cereus_MC118	GCF_000399245.1
1053219	Bacillus_cereus_MC67	GCF_000291155.1
1053220	Bacillus_cereus_MSX_A1	GCF_000291195.1
1053221	Bacillus_cereus_MSX_A12	GCF_000291235.1
1053222	Bacillus_cereus_MSX_D12	GCF_000291275.1
334406	Bacillus_cereus_NC7401	GCF_000283675.1
451707	Bacillus_cereus_NVH0597_99	GCF_000181635.1
361100	Bacillus_cereus_Q1	GCF_000013065.1
526968	Bacillus_cereus_R309803	GCF_000160995.1
526982	Bacillus_cereus_Rock1_15	GCF_000161175.1
526981	Bacillus_cereus_Rock1_3	GCF_000161155.1
526983	Bacillus_cereus_Rock3_28	GCF_000161195.1
526984	Bacillus_cereus_Rock3_29	GCF_000161215.1
526985	Bacillus_cereus_Rock3_42	GCF_000161235.1
526986	Bacillus_cereus_Rock3_44	GCF_000161255.1
526988	Bacillus_cereus_Rock4_18	GCF_000161295.1
526987	Bacillus_cereus_Rock4_2	GCF_000161275.1
699184	Bacillus_cereus_SJ1	GCF_000177295.1
718221	Bacillus_cereus_str_Schrouff	GCF_000398945.1
315749	Bacillus_cereus_subsp_cytotoxis_NVH_391_98	GCF_000017425.1
718222	Bacillus_cereus_TIAC219	GCF_000398785.1
1053223	Bacillus_cereus_VD014	GCF_000291255.1
1053224	Bacillus_cereus_VD021	GCF_000399145.1
718223	Bacillus_cereus_VD022	GCF_000290955.1
1053225	Bacillus_cereus_VD045	GCF_000291215.1
1053226	Bacillus_cereus_VD048	GCF_000290915.1
1053228	Bacillus_cereus_VD102	GCF_000290875.1
1053229	Bacillus_cereus_VD107	GCF_000290855.1
1053230	Bacillus_cereus_VD115	GCF_000290835.1
1053231	Bacillus_cereus_VD118	GCF_000399525.1
1053232	Bacillus_cereus_VD131	GCF_000399385.1
1053233	Bacillus_cereus_VD133	GCF_000399025.1
1053234	Bacillus_cereus_VD136	GCF_000399485.1
1053235	Bacillus_cereus_VD140	GCF_000399545.1
718224	Bacillus_cereus_VD142	GCF_000290975.2
1053236	Bacillus_cereus_VD146	GCF_000399425.1
1053237	Bacillus_cereus_VD148	GCF_000290815.1
1053238	Bacillus_cereus_VD154	GCF_000290795.1
1053239	Bacillus_cereus_VD156	GCF_000290775.1
1053240	Bacillus_cereus_VD166	GCF_000290755.1
1053241	Bacillus_cereus_VD169	GCF_000290735.1
1053242	Bacillus_cereus_VD184	GCF_000399565.1
1053243	Bacillus_cereus_VD196	GCF_000399125.1
1053244	Bacillus_cereus_VD200	GCF_000290715.1
1053245	Bacillus_cereus_VD214	GCF_000399445.1
1085379	Bacillus_cereus_VDM006	GCF_000399585.1
1085386	Bacillus_cereus_VDM021	GCF_000399605.1
1053248	Bacillus_cereus_VDM034	GCF_000290675.1
1053249	Bacillus_cereus_VDM053	GCF_000399465.1
1053250	Bacillus_cereus_VDM062	GCF_000290655.1
405917	Bacillus_cereus_W	GCF_000181595.1
66692	Bacillus_clausii_KSM_K16	GCF_000009825.1
1196029	Bacillus_endophyticus_2102	GCF_000283255.1
1307436	Bacillus_firmus_DS1	GCF_000565285.1
1292043	Bacillus_flexus_27Col1_1E	GCF_000527015.1
1121090	Bacillus_fordii_DSM_16014	GCF_000374565.1
272558	Bacillus_halodurans_C_125	GCF_000011145.1
1329377	Bacillus_halotolerans_RRC_101	GCF_000404285.1
1367477	Bacillus_infantis_NRRL_B_14911	GCF_000473245.1
1522318	Bacillus_kwashiorkori_SIT6	GCF_001375515.1
1402	Bacillus_licheniformis_5NAP23	GCF_000948275.1
279010	Bacillus_licheniformis_ATCC_14580	GCF_000008425.1
1402	Bacillus_licheniformis_ERR2221106	
1402	Bacillus_licheniformis_ERR2230107	
1402	Bacillus_licheniformis_ERR2230161	
1402	Bacillus_licheniformis_HRBL_15TDI7	GCF_001596055.1
1211814	Bacillus_massilioanorexius_AP8	GCF_000321185.1
1034347	Bacillus_massiliosenegalensis_JC6	GCF_000311725.1
592022	Bacillus_megaterium_DSM319	GCF_000025805.1
1348623	Bacillus_megaterium_NBRC_15308_ATCC_14581	GCF_000764085.1
1138452	Bacillus_megaterium_NCT_2	GCF_000334875.3
545693	Bacillus_megaterium_QM_B1551	GCF_000025825.1
1404	Bacillus_megaterium_SF185	GCF_001640745.1
1006007	Bacillus_megaterium_WSH_002	GCF_000225265.1
1051501	Bacillus_mojavensis_RO_H_1	GCF_000245335.1
526990	Bacillus_mycoides_AH603	GCF_000161335.1
526972	Bacillus_mycoides_AH621	GCF_000160975.1
1405	Bacillus_mycoides_BHP	GCF_000746925.1
1053197	Bacillus_mycoides_BtB2_4	GCF_000293605.1
1053198	Bacillus_mycoides_CER057	GCF_000291335.1
1053199	Bacillus_mycoides_CER074	GCF_000291315.1
526997	Bacillus_mycoides_DSM_2048	GCF_000003925.1
1053227	Bacillus_mycoides_VD078	GCF_000290895.1
1053246	Bacillus_mycoides_VDM019	GCF_000399045.1
1053247	Bacillus_mycoides_VDM022	GCF_000290695.1
1202533	Bacillus_nealsonii_AAU1	GCF_000401235.1
1386	Bacillus_nov_ERR2221302	
766760	Bacillus_paralicheniformis_ATCC_9945a	GCF_000408885.1
398511	Bacillus_pseudofirmus_OF4	GCF_000005825.2
64104	Bacillus_pseudomycoides_219298	GCF_000742855.1
526998	Bacillus_pseudomycoides_Rock1_4	GCF_000161415.1
526999	Bacillus_pseudomycoides_Rock3_17	GCF_000161435.1
536229	Bacillus_pumilus_ATCC_7061	GCF_000172815.1
315750	Bacillus_pumilus_SAFR_032	GCF_000017885.4
1408	Bacillus_pumilus_TUAT1	GCF_001548215.1
1499680	Bacillus_rubiinfantis_mt2	GCF_000752035.1
1478	Bacillus_simplex_ERR2221243	
665952	Bacillus_smithii_7_3_47FAA	GCF_000238675.1
1274524	Bacillus_sonorensis_L12	GCF_000342105.1
665957	Bacillus_sp_7_6_55CFAA_CT2	GCF_000238655.1
1476857	Bacillus_sp_B_jedd	GCF_000821085.1
1423	Bacillus_subtilis_B_1	GCF_000769515.1
936156	Bacillus_subtilis_BSn5	GCF_000186745.1
1423	Bacillus_subtilis_ERR2221132	
1220533	Bacillus_subtilis_QB928	GCF_000293765.1
224308	Bacillus_subtilis_str_168	GCF_000009045.1
645657	Bacillus_subtilis_subsp_natto_BEST195	GCF_000209795.2
703612	Bacillus_subtilis_subsp_spizizenii_ATCC_6633	GCF_006094475.1
1051503	Bacillus_subtilis_subsp_spizizenii_DV1_B_1	GCF_000245035.1
655816	Bacillus_subtilis_subsp_spizizenii_str_W23	GCF_000146565.1
1052585	Bacillus_subtilis_subsp_spizizenii_TU_B_10	GCF_000227465.1
135461	Bacillus_subtilis_subsp_subtilis_516_BAMY_102_633920_16710904	GCF_001057075.1
1147161	Bacillus_subtilis_subsp_subtilis_6051_HGW	GCF_000344745.1
1302650	Bacillus_subtilis_subsp_subtilis_str_BAB_1	GCF_000349795.1
1192196	Bacillus_subtilis_subsp_subtilis_str_BSP1	GCF_000321395.1
535025	Bacillus_subtilis_subsp_subtilis_str_JH642	GCF_000155355.1
535026	Bacillus_subtilis_subsp_subtilis_str_NCIB_3610	GCF_000186085.1
1052588	Bacillus_subtilis_subsp_subtilis_str_RO_NN_1	GCF_000227485.1
535024	Bacillus_subtilis_subsp_subtilis_str_SMY	GCF_000155375.1
1622072	Bacillus_testis_DSM_101190	GCF_001243895.1
35841	Bacillus_thermoamylovorans_1A1	GCF_000751775.1
714359	Bacillus_thuringiensis_BMB171	GCF_000092165.1
527021	Bacillus_thuringiensis_Bt407	GCF_000306745.1
1428	Bacillus_thuringiensis_ERR2230164	
1218175	Bacillus_thuringiensis_HD_771	GCF_000292455.1
1217737	Bacillus_thuringiensis_HD_789	GCF_000292705.1
1428	Bacillus_thuringiensis_HD571	GCF_000832825.1
527019	Bacillus_thuringiensis_IBL_200	GCF_000161715.1
527020	Bacillus_thuringiensis_IBL_4222	GCF_000161735.1
1195464	Bacillus_thuringiensis_MC28	GCF_000300475.1
527032	Bacillus_thuringiensis_serovar_andalousiensis_BGSC_4AW1	GCF_000161635.1
527031	Bacillus_thuringiensis_serovar_berliner_ATCC_10792	GCF_000161615.1
541229	Bacillus_thuringiensis_serovar_chinensis_CT_43	GCF_000193355.1
930170	Bacillus_thuringiensis_serovar_finitimus_YBT_020	GCF_000190515.1
527030	Bacillus_thuringiensis_serovar_huazhongensis_BGSC_4BD1	GCF_000161675.1
281309	Bacillus_thuringiensis_serovar_konkukian_str_97_27	GCF_000008505.1
1279365	Bacillus_thuringiensis_serovar_kurstaki_str_HD73	GCF_000338755.1
527023	Bacillus_thuringiensis_serovar_kurstaki_str_T03a001	GCF_000161575.1
527022	Bacillus_thuringiensis_serovar_monterrey_BGSC_4AJ1	GCF_000161595.1
527027	Bacillus_thuringiensis_serovar_pakistani_str_T13001	GCF_000161555.1
527029	Bacillus_thuringiensis_serovar_pondicheriensis_BGSC_4BA1	GCF_000161655.1
527028	Bacillus_thuringiensis_serovar_pulsiensis_BGSC_4CC1	GCF_000161695.1
1286404	Bacillus_thuringiensis_serovar_thuringiensis_str_IS5056	GCF_000341665.1
527025	Bacillus_thuringiensis_serovar_thuringiensis_str_T01001	GCF_000161515.1
527024	Bacillus_thuringiensis_serovar_tochigiensis_BGSC_4Y1	GCF_000161475.1
412694	Bacillus_thuringiensis_str_Al_Hakam	GCF_000015065.1
1033734	Bacillus_timonensis_10403023	GCF_000285535.1
1053168	Bacillus_toyonensis_BAG1O_2	GCF_000291015.1
1053210	Bacillus_toyonensis_HuB4_10	GCF_000291095.1
1051502	Bacillus_vallismortis_DV1_F_3	GCF_000245315.1
1225788	Bacillus_velezensis_AS433	GCF_000319475.1
492670	Bacillus_velezensis_L_H15	GCF_000833005.1
1150475	Bacillus_velezensis_UCMB5036	GCF_000341875.1
1053180	Bacillus_wiedmannii_BAG2X1_2	GCF_000291495.1
1053191	Bacillus_wiedmannii_BAG5X2_1	GCF_000291375.1
1053194	Bacillus_wiedmannii_BAG6X1_1	GCF_000293565.1
526971	Bacillus_wiedmannii_MM3	GCF_000160955.1
171549	Bacteroidales_nov_ERR2221200	
85831	Bacteroides_acidifaciens_1e8A	GCF_000944395.1
85831	Bacteroides_acidifaciens_ERR2221207	
85831	Bacteroides_acidifaciens_ERR2221208	
85831	Bacteroides_acidifaciens_ERR2221211	
1235814	Bacteroides_acidifaciens_JCM_10556	GCF_000613385.1
1121094	Bacteroides_barnesiae_DSM_18169_JCM_13652	GCF_000613645.1
411901	Bacteroides_caccae_ATCC_43185	GCF_002959715.1
997873	Bacteroides_caccae_CL03T12C61	GCF_000273725.1
47678	Bacteroides_caccae_ERR1022396	
47678	Bacteroides_caccae_ERR1022460	
47678	Bacteroides_caccae_ERR2221107	
47678	Bacteroides_caccae_ERR2221357	
1796613	Bacteroides_caecimuris_I48	GCF_001688725.2
997874	Bacteroides_cellulosilyticus_CL02T12C19	GCF_000273015.1
537012	Bacteroides_cellulosilyticus_DSM_14838	GCF_000158035.1
246787	Bacteroides_cellulosilyticus_ERR1022414	
246787	Bacteroides_cellulosilyticus_ERR2221108	
246787	Bacteroides_cellulosilyticus_ERR2221262	
246787	Bacteroides_cellulosilyticus_ERR2221326	
246787	Bacteroides_cellulosilyticus_ERR2230100	
1268240	Bacteroides_cellulosilyticus_WH2	GCF_900624855.1
626929	Bacteroides_clarus_ERR2221196	
626929	Bacteroides_clarus_ERR2221286	
626929	Bacteroides_clarus_ERR2230074	
762984	Bacteroides_clarus_YIT_12056	GCF_900129655.1
470145	Bacteroides_coprocola_M16_DSM_17136	GCF_000154845.1
547042	Bacteroides_coprophilus_DSM_18228	GCF_000157915.1
679937	Bacteroides_coprosuis_DSM_18011	GCF_000212915.1
997875	Bacteroides_dorei_CL02T00C15	GCF_000273035.1
997876	Bacteroides_dorei_CL02T12C06	GCF_000273055.1
997877	Bacteroides_dorei_CL03T12C01	GCF_000273075.1
483217	Bacteroides_dorei_DSM_17855	GCF_000156075.1
357276	Bacteroides_dorei_ERR2221252	
357276	Bacteroides_dorei_ERR2230082	
665953	Bacteroides_eggerthii_1_2_48FAA	GCF_000273465.1
483216	Bacteroides_eggerthii_DSM_20697	GCF_000155815.1
674529	Bacteroides_faecis_ERR1022362	
674529	Bacteroides_faecis_ERR1203949	
674529	Bacteroides_faecis_ERR1204043	
674529	Bacteroides_faecis_ERR2221133	
1077285	Bacteroides_faecis_MAJ27	GCF_000226135.1
483215	Bacteroides_finegoldii_DSM_17565	GCF_000156195.1
338188	Bacteroides_finegoldii_ERR1022298	
338188	Bacteroides_finegoldii_ERR1022319	
763034	Bacteroides_fluxus_YIT_12057	GCF_000195635.1
457424	Bacteroides_fragilis_3_1_12	GCF_000157015.1
862962	Bacteroides_fragilis_638R	GCF_000210835.1
817	Bacteroides_fragilis_BOB25	GCF_000965785.1
997878	Bacteroides_fragilis_CL03T00C08	GCF_000273095.1
997879	Bacteroides_fragilis_CL03T12C07	GCF_000273115.1
997880	Bacteroides_fragilis_CL05T00C42	GCF_000269525.1
997881	Bacteroides_fragilis_CL05T12C13	GCF_000273135.1
997882	Bacteroides_fragilis_CL07T00C01	GCF_000263115.1
997883	Bacteroides_fragilis_CL07T12C05	GCF_000273155.1
817	Bacteroides_fragilis_ERR1022457	
817	Bacteroides_fragilis_ERR1203962	
817	Bacteroides_fragilis_ERR1204056	
817	Bacteroides_fragilis_ERR2221134	
817	Bacteroides_fragilis_ERR2221268	
817	Bacteroides_fragilis_ERR2221298	
817	Bacteroides_fragilis_ERR2230126	
817	Bacteroides_fragilis_ERR2230137	
1073386	Bacteroides_fragilis_HMW_610	GCF_000297695.1
1073387	Bacteroides_fragilis_HMW_615	GCF_000297735.1
1073388	Bacteroides_fragilis_HMW_616	GCF_000297755.1
272559	Bacteroides_fragilis_NCTC_9343	GCF_000025985.1
1339284	Bacteroides_fragilis_str_3397_T10	
1339287	Bacteroides_fragilis_str_3986_T_B_9	GCF_000598465.1
1339276	Bacteroides_fragilis_str_DS_208	GCF_000598505.1
295405	Bacteroides_fragilis_YCH46	GCF_000009925.1
1121096	Bacteroides_gallinarum_DSM_18171_JCM_13658	GCF_000613665.1
1121097	Bacteroides_graminisolvens_DSM_19988	GCF_000428125.1
693979	Bacteroides_helcogenes_P_36_108	GCF_000186225.1
471870	Bacteroides_intestinalis_341_DSM_17393	GCF_000172175.1
329854	Bacteroides_intestinalis_KLE1704	GCF_001578635.1
1297750	Bacteroides_luti_DSM_26991	GCF_900128905.1
1121098	Bacteroides_massiliensis_B84634	NZ_FQTV01000038
1347393	Bacteroides_neonati_MS4	GCF_000499785.1
997884	Bacteroides_nordii_CL02T12C05	GCF_000273175.1
291645	Bacteroides_nordii_ERR2221135	
816	Bacteroides_nov_ERR1022359	
816	Bacteroides_nov_ERR1022361	
816	Bacteroides_nov_ERR1022456	
816	Bacteroides_nov_ERR2221137	
816	Bacteroides_nov_ERR2221300	
816	Bacteroides_nov_ERR2221375	
816	Bacteroides_nov_ERR2221405	
742727	Bacteroides_oleiciplenus_YIT_12058	GCF_000315485.1
665954	Bacteroides_ovatus_3_8_47FAA	GCF_000218325.1
411476	Bacteroides_ovatus_ATCC_8483	GCF_001314995.1
997885	Bacteroides_ovatus_CL02T12C04	GCF_000273195.1
997886	Bacteroides_ovatus_CL03T12C18	GCF_000273215.1
28116	Bacteroides_ovatus_ERR1203959	
28116	Bacteroides_ovatus_ERR1204053	
28116	Bacteroides_ovatus_ERR2221136	
28116	Bacteroides_ovatus_ERR2230063	
702444	Bacteroides_ovatus_SD_CC_2a	GCF_000178295.1
702443	Bacteroides_ovatus_SD_CMC_3f	GCF_000178275.1
483218	Bacteroides_pectinophilus_ATCC_43243	GCF_000155855.1
484018	Bacteroides_plebeius_M12_DSM_17135	GCF_003458595.1
1121099	Bacteroides_propionicifaciens_DSM_19291_JCM_14649	GCF_000613745.1
1121100	Bacteroides_pyogenes_DSM20611	GCF_000187895.1
1321819	Bacteroides_pyogenes_F0041	GCF_000466505.1
1235813	Bacteroides_pyogenes_JCM_10003	GCF_000511775.1
1235809	Bacteroides_pyogenes_JCM_6292	GCF_000511735.1
1236512	Bacteroides_rodentium_JCM_16496	GCF_000614125.1
667015	Bacteroides_salanitronis_DSM_18170	GCF_000190575.1
997887	Bacteroides_salyersiae_CL02T12C01	GCF_000273235.1
291644	Bacteroides_salyersiae_ERR1022329	
1121101	Bacteroides_salyersiae_WAL_10018	GCF_900624765.1
1235788	Bacteroides_sartorii_dnLKV3	GCF_000403195.1
1236515	Bacteroides_sartorii_JCM_17136	GCF_000614185.1
469585	Bacteroides_sp_1_1_14	GCF_000162515.1
457387	Bacteroides_sp_1_1_30	GCF_000218365.1
818	Bacteroides_sp_1_1_6	GCF_000159875.2
1163670	Bacteroides_sp_14_A	GCF_000526555.1
469588	Bacteroides_sp_2_1_22	GCF_000162155.1
469589	Bacteroides_sp_2_1_33B	GCF_000162175.1
457388	Bacteroides_sp_2_1_7	GCF_000157035.2
469590	Bacteroides_sp_2_2_4	GCF_000157055.1
469591	Bacteroides_sp_20_3	GCF_000162535.1
469592	Bacteroides_sp_3_1_19	GCF_000163655.1
457390	Bacteroides_sp_3_1_23	GCF_000162555.1
457391	Bacteroides_sp_3_1_33FAA	GCF_000162195.1
469593	Bacteroides_sp_3_1_40A	GCF_000186105.1
457392	Bacteroides_sp_3_2_5	GCF_000159855.2
457393	Bacteroides_sp_4_1_36	GCF_000185585.1
457394	Bacteroides_sp_4_3_47FAA	GCF_000158515.2
457395	Bacteroides_sp_9_1_42FAA	GCF_000157075.2
556258	Bacteroides_sp_D1	GCF_000157095.2
556259	Bacteroides_sp_D2	GCF_000159075.2
585543	Bacteroides_sp_D20	GCF_000162215.1
585544	Bacteroides_sp_D22	GCF_000163675.1
1078089	Bacteroides_sp_HPS0048	GCF_000382465.1
449673	Bacteroides_stercoris_ATCC_43183	GCF_900624775.1
1073351	Bacteroides_stercoris_CC31F	GCF_000413395.1
46506	Bacteroides_stercoris_ERR1203945	
46506	Bacteroides_stercoris_ERR1204039	
46506	Bacteroides_stercoris_ERR2230062	
46506	Bacteroides_stercoris_ERR2230094	
46506	Bacteroides_stercoris_ERR2230103	
46506	Bacteroides_stercoris_ERR2230124	
46506	Bacteroides_stercoris_ERR2230142	
46506	Bacteroides_stercoris_ERR2230162	
818	Bacteroides_thetaiotaomicron_3731	
818	Bacteroides_thetaiotaomicron_7330	GCF_001314975.1
997888	Bacteroides_thetaiotaomicron_CL09T03C10	GCF_000269545.1
1235785	Bacteroides_thetaiotaomicron_dnLKV9	GCF_000403155.2
818	Bacteroides_thetaiotaomicron_ERR1022331	
818	Bacteroides_thetaiotaomicron_ERR1022413	
818	Bacteroides_thetaiotaomicron_ERR1022459	
818	Bacteroides_thetaiotaomicron_ERR2221264	
818	Bacteroides_thetaiotaomicron_ERR2221274	
818	Bacteroides_thetaiotaomicron_ERR2221312	
818	Bacteroides_thetaiotaomicron_ERR2230081	
226186	Bacteroides_thetaiotaomicron_VPI_5482	GCF_000011065.1
1203465	Bacteroides_timonensis_AP1	GCF_000513195.1
411479	Bacteroides_uniformis_ATCC_8492	GCF_900624705.1
997889	Bacteroides_uniformis_CL03T00C23	GCF_000273785.1
997890	Bacteroides_uniformis_CL03T12C37	GCF_000273275.1
1235787	Bacteroides_uniformis_dnLKV2	GCF_000403175.1
820	Bacteroides_uniformis_ERR1022271	
820	Bacteroides_uniformis_ERR1022322	
820	Bacteroides_uniformis_ERR1022360	
820	Bacteroides_uniformis_ERR1022363	
820	Bacteroides_uniformis_ERR1022412	
820	Bacteroides_uniformis_ERR1203944	
820	Bacteroides_uniformis_ERR1204038	
820	Bacteroides_uniformis_ERR2221138	
820	Bacteroides_uniformis_ERR2221253	
820	Bacteroides_uniformis_ERR2221261	
820	Bacteroides_uniformis_ERR2221281	
820	Bacteroides_uniformis_ERR2230106	
820	Bacteroides_uniformis_ERR2230119	
820	Bacteroides_uniformis_ERR2230138	
820	Bacteroides_uniformis_ERR2230139	
820	Bacteroides_uniformis_ERR2230141	
820	Bacteroides_uniformis_ERR2230143	
820	Bacteroides_uniformis_ERR2230159	
820	Bacteroides_uniformis_ERR2230160	
1339348	Bacteroides_uniformis_str_3978_T3_i	GCF_000699885.1
1121102	Bacteroides_ureolyticus_DSM_20703	GCF_000374605.1
435590	Bacteroides_vulgatus_ATCC_8482	GCF_000012825.1
997891	Bacteroides_vulgatus_CL09T03C04	GCF_000273295.1
1235786	Bacteroides_vulgatus_dnLKV7	GCF_000403235.1
821	Bacteroides_vulgatus_ERR1022358	
821	Bacteroides_vulgatus_ERR1022411	
821	Bacteroides_vulgatus_ERR1022458	
821	Bacteroides_vulgatus_ERR1203951	
821	Bacteroides_vulgatus_ERR1204045	
821	Bacteroides_vulgatus_ERR2221206	
821	Bacteroides_vulgatus_ERR2221254	
821	Bacteroides_vulgatus_ERR2221256	
821	Bacteroides_vulgatus_ERR2221259	
821	Bacteroides_vulgatus_ERR2221267	
821	Bacteroides_vulgatus_ERR2221272	
821	Bacteroides_vulgatus_ERR2221273	
821	Bacteroides_vulgatus_ERR2221276	
821	Bacteroides_vulgatus_ERR2230079	
821	Bacteroides_vulgatus_ERR2230086	
821	Bacteroides_vulgatus_ERR2230091	
821	Bacteroides_vulgatus_ERR2230095	
821	Bacteroides_vulgatus_ERR2230128	
821	Bacteroides_vulgatus_ERR2230134	
821	Bacteroides_vulgatus_ERR2230150	
821	Bacteroides_vulgatus_mpk	GCF_001412315.1
702446	Bacteroides_vulgatus_PC510	GCF_000178195.1
997892	Bacteroides_xylanisolvens_CL03T12C04	GCF_000273315.1
371601	Bacteroides_xylanisolvens_ERR1022297	
371601	Bacteroides_xylanisolvens_ERR2221139	
371601	Bacteroides_xylanisolvens_ERR2221366	
371601	Bacteroides_xylanisolvens_ERR2230096	
371601	Bacteroides_xylanisolvens_ERR2230097	
702447	Bacteroides_xylanisolvens_SD_CC_1b	GCF_000577295.1
657309	Bacteroides_xylanisolvens_XB1A	GCF_000210075.1
384636	Bacteroides_xylanolyticus_DSM_3808	GCF_002934545.1
888054	Bacteroidetes_bacterium_oral_taxon_272_str_F0290	GCF_000442105.1
575590	Bacteroidetes_oral_taxon_274_str_F0058	GCF_000163695.1
487174	Barnesiella_intestinihominis_ERR1203957	
487174	Barnesiella_intestinihominis_ERR1204051	
487174	Barnesiella_intestinihominis_ERR2221140	
487174	Barnesiella_intestinihominis_ERR2230085	
742726	Barnesiella_intestinihominis_YIT_11860	GCF_000296465.1
880074	Barnesiella_viscericola_DSM_18177	GCF_000512915.1
1225179	Bartonella_quintana_RM_11	GCF_000294715.1
283165	Bartonella_quintana_Toulouse	GCF_000046685.1
264462	Bdellovibrio_bacteriovorus_HD100	GCF_000196175.1
959	Bdellovibrio_bacteriovorus_SSB218315	GCF_002208115.1
1069642	Bdellovibrio_bacteriovorus_str_Tiberius	GCF_000317895.1
765869	Bdellovibrio_bacteriovorus_W	GCF_000525675.1
1585974	Beduini_massiliensis_DSM_100188	GCF_000829905.1
367928	Bifidobacterium_adolescentis_ATCC_15703	GCF_000010425.1
1680	Bifidobacterium_adolescentis_BBMN23	GCF_000817995.1
1410644	Bifidobacterium_adolescentis_DSM_20087	GCF_000702865.1
1680	Bifidobacterium_adolescentis_ERR1022283	
1680	Bifidobacterium_adolescentis_ERR1022320	
1680	Bifidobacterium_adolescentis_ERR1022366	
1680	Bifidobacterium_adolescentis_ERR1203960	
1680	Bifidobacterium_adolescentis_ERR2221193	
1680	Bifidobacterium_adolescentis_ERR2221322	
1680	Bifidobacterium_adolescentis_ERR2230053	
1680	Bifidobacterium_adolescentis_ERR2230077	
1680	Bifidobacterium_adolescentis_ERR2230153	
411481	Bifidobacterium_adolescentis_L2_32	GCF_000154085.1
518635	Bifidobacterium_angulatum_DSM_20098	GCF_000771205.1
1683	Bifidobacterium_angulatum_GT102	GCF_000966445.2
28025	Bifidobacterium_animalis_ERR2221337	
28025	Bifidobacterium_animalis_ERR2221385	
442563	Bifidobacterium_animalis_lactis_AD011	GCF_000021425.1
552531	Bifidobacterium_animalis_lactis_BB_12	GCF_000025245.1
742729	Bifidobacterium_animalis_lactis_Bi_07	GCF_000277345.1
580050	Bifidobacterium_animalis_lactis_Bl_04_ATCC_SD5219	GCF_000022705.1
1042403	Bifidobacterium_animalis_lactis_CNCM_I_2494	GCF_000220885.1
555970	Bifidobacterium_animalis_lactis_DSM_10140	GCF_004154565.1
573236	Bifidobacterium_animalis_lactis_V9	GCF_000092765.1
28025	Bifidobacterium_animalis_RH	GCF_000695895.1
703613	Bifidobacterium_animalis_subsp_animalis_ATCC_25527	GCF_000260715.1
1365959	Bifidobacterium_animalis_subsp_animalis_ATCC_27672	GCF_001264055.1
302912	Bifidobacterium_animalis_subsp_animalis_YL2	GCF_001688645.2
1168290	Bifidobacterium_animalis_subsp_lactis_B420	GCF_000277325.1
1075106	Bifidobacterium_animalis_subsp_lactis_BLC1	GCF_000224965.2
911598	Bifidobacterium_animalis_subsp_lactis_BS_01	GCF_000240765.1
486409	Bifidobacterium_animalis_subsp_lactis_HN019	GCF_000172535.1
1437594	Bifidobacterium_asteroides_DSM_20089	GCF_002715865.1
1684	Bifidobacterium_asteroides_Hma3	GCF_000970835.1
1147128	Bifidobacterium_asteroides_PRL2011	GCF_000304215.1
1681	Bifidobacterium_bifidum_156B	GCF_001020255.1
500634	Bifidobacterium_bifidum_ATCC_29521	GCF_001025135.1
484020	Bifidobacterium_bifidum_BGN4	GCF_000265095.1
1681	Bifidobacterium_bifidum_ERR1022335	
1207542	Bifidobacterium_bifidum_LMG_13195	GCF_000299595.1
398513	Bifidobacterium_bifidum_NCIMB_41171	GCF_000273525.1
702459	Bifidobacterium_bifidum_PRL2010	GCF_000165905.1
883062	Bifidobacterium_bifidum_S17	GCF_000164965.1
1410645	Bifidobacterium_boum_DSM_20432	GCF_000771385.1
1385938	Bifidobacterium_breve_12L	GCF_000568955.1
1385943	Bifidobacterium_breve_2L	GCF_000568895.1
1385942	Bifidobacterium_breve_689b	GCF_000569055.1
866777	Bifidobacterium_breve_ACS_071_V_Sch8b	GCF_000213865.1
1036735	Bifidobacterium_breve_CECT_7263	GCF_000247755.1
1074482	Bifidobacterium_breve_DPC_6330	GCF_000226175.1
518634	Bifidobacterium_breve_DSM_20213	GCF_000771305.1
1685	Bifidobacterium_breve_ERR2230051	
1203540	Bifidobacterium_breve_HPH0326	GCF_000411435.1
1385939	Bifidobacterium_breve_JCM_7017	GCF_000568975.1
1385940	Bifidobacterium_breve_JCM_7019	GCF_000569015.1
1365960	Bifidobacterium_breve_MCC_0121	GCF_001264045.1
1365961	Bifidobacterium_breve_MCC_0305	GCF_001264035.1
1365962	Bifidobacterium_breve_MCC_0476	GCF_001263845.1
1365963	Bifidobacterium_breve_MCC_1094	GCF_001264095.1
1365964	Bifidobacterium_breve_MCC_1114	GCF_001263855.1
1365965	Bifidobacterium_breve_MCC_1128	GCF_001263915.1
1365966	Bifidobacterium_breve_MCC_1340	GCF_001264105.1
1365967	Bifidobacterium_breve_MCC_1454	GCF_001264135.1
1365968	Bifidobacterium_breve_MCC_1604	GCF_001264155.1
1365969	Bifidobacterium_breve_MCC_1605	GCF_001263935.1
1385941	Bifidobacterium_breve_NCFB_2258	GCF_000569035.1
326426	Bifidobacterium_breve_UCC2003_NCIMB8807	GCF_000220135.1
566552	Bifidobacterium_catenulatum_DSM_16992	GCF_000771025.1
1121107	Bifidobacterium_choerinum_DSM_20434	GCF_000771425.1
1687	Bifidobacterium_coryneforme_Bma6	GCF_000967205.1
1437599	Bifidobacterium_coryneforme_DSM_20216	GCF_000771345.1
473819	Bifidobacterium_dentium_ATCC_27678	GCF_000172135.1
871562	Bifidobacterium_dentium_ATCC_27679	GCF_000146775.1
401473	Bifidobacterium_dentium_Bd1	GCF_000024445.1
1150423	Bifidobacterium_dentium_JCM_1195_DSM_20436	GCF_001042595.1
553191	Bifidobacterium_dentium_JCVIHMP022	GCF_000149165.1
561180	Bifidobacterium_gallicum_DSM_20093	GCF_000771165.1
1341694	Bifidobacterium_indicum_LMG_11587_DSM_20214	GCF_000706765.1
1150460	Bifidobacterium_kashiwanohense_DSM_21854	GCF_000741605.1
216816	Bifidobacterium_longum_BG7	GCF_001293145.1
216816	Bifidobacterium_longum_BXY01	GCF_000730205.1
205913	Bifidobacterium_longum_DJO10A	GCF_000008945.1
1322347	Bifidobacterium_longum_E18	GCF_000497735.1
216816	Bifidobacterium_longum_ERR2221141	
216816	Bifidobacterium_longum_ERR2221351	
216816	Bifidobacterium_longum_ERR2221409	
216816	Bifidobacterium_longum_ERR2230052	
216816	Bifidobacterium_longum_ERR2230120	
216816	Bifidobacterium_longum_ERR2230133	
216816	Bifidobacterium_longum_ERR2230158	
565040	Bifidobacterium_longum_infantis_157F_NC	GCF_000196575.1
391904	Bifidobacterium_longum_infantis_ATCC_15697	GCF_002076025.1
548480	Bifidobacterium_longum_longum_ATCC_55813	GCF_000003135.1
890402	Bifidobacterium_longum_longum_BBMN68	GCF_000166315.1
537937	Bifidobacterium_longum_longum_CCUG_52486	GCF_000155415.1
565042	Bifidobacterium_longum_longum_JCM_1217	GCF_000196555.1
759350	Bifidobacterium_longum_longum_JDM301	GCF_000092325.1
206672	Bifidobacterium_longum_NCC2705	GCF_000007525.1
1682	Bifidobacterium_longum_subsp_infantis_BT1	GCF_001281305.1
1161744	Bifidobacterium_longum_subsp_longum_1_6B	GCF_000261245.1
1161745	Bifidobacterium_longum_subsp_longum_2_2B	GCF_000261205.1
1161904	Bifidobacterium_longum_subsp_longum_35B	GCF_000261225.1
1161743	Bifidobacterium_longum_subsp_longum_44B	GCF_000261265.1
1266716	Bifidobacterium_longum_subsp_longum_CMCC_P0001	GCF_000410595.1
722911	Bifidobacterium_longum_subsp_longum_F8	GCF_000210755.1
1035817	Bifidobacterium_longum_subsp_longum_KACC_91563	GCF_000219455.1
1679	Bifidobacterium_longum_subsp_longum_NCIMB8809	GCF_001446255.1
1437603	Bifidobacterium_mongoliense_DSM_21395	GCF_000771525.1
547043	Bifidobacterium_pseudocatenulatum_DSM_20438	GCF_000771445.1
28026	Bifidobacterium_pseudocatenulatum_ERR1022356	
28026	Bifidobacterium_pseudocatenulatum_ERR1203976	
28026	Bifidobacterium_pseudocatenulatum_ERR1204070	
28026	Bifidobacterium_pseudocatenulatum_ERR2221142	
1454376	Bifidobacterium_pseudocatenulatum_IPLA36007	GCF_000708005.1
1437595	Bifidobacterium_pseudolongum_subsp_Pseudolongum_DSM_20099	GCF_000771225.1
1437600	Bifidobacterium_pullorum_DSM_20433	GCF_000771405.1
78448	Bifidobacterium_pullorum_LMG_21816	GCF_000741335.1
1410647	Bifidobacterium_ruminantium_DSM_6489	GCF_000770925.1
1150461	Bifidobacterium_scardovii_JCM_12489	GCF_001042635.1
1161409	Bifidobacterium_sp_MSTE12	GCF_000513015.1
1437612	Bifidobacterium_stercoris_DSM_24849	GCF_000741415.1
1680	Bifidobacterium_stercoris_ERR1204054	
1121111	Bifidobacterium_thermacidophilum_subsp_thermacidophilum_DSM_15837	GCF_000771005.1
1254439	Bifidobacterium_thermophilum_RBL67	GCF_000347695.1
693988	Bilophila_sp_4_1_30	GCF_000224655.1
563192	Bilophila_wadsworthia_3_1_6	GCF_000185705.2
1408428	Bilophila_wadsworthia_ATCC_49260	GCF_000701705.1
1720313	Bittarella_massiliensis_GD6	GCF_001486165.1
1211815	Blastococcus_massiliensis_AP3	GCF_000582785.1
1532	Blautia_coccoides_YL58	GCF_002221555.2
871665	Blautia_faecis_ERR2221099	
33038	Blautia_gnavus_ERR1022310	
33038	Blautia_gnavus_ERR1203926	
33038	Blautia_gnavus_ERR171257	
33038	Blautia_gnavus_ERR2221233	
537007	Blautia_hansenii_VPI_C7_24_DSM_20583	GCF_002222595.2
476272	Blautia_hydrogenotrophica_DSM_10507	GCF_000157975.1
53443	Blautia_hydrogenotrophica_ERR1022315	
649762	Blautia_luti_DSM_14534	
89014	Blautia_luti_ERR1022337	
89014	Blautia_luti_ERR1022379	
89014	Blautia_luti_ERR1022471	
89014	Blautia_luti_ERR1203942	
89014	Blautia_luti_ERR2221098	
1737424	Blautia_massiliensis_GD9	GCF_001487165.1
572511	Blautia_nov_ERR1022275	
572511	Blautia_nov_ERR1022294	
572511	Blautia_nov_ERR1022295	
572511	Blautia_nov_ERR1022302	
572511	Blautia_nov_ERR1022306	
572511	Blautia_nov_ERR1022338	
572511	Blautia_nov_ERR1022339	
572511	Blautia_nov_ERR1022340	
572511	Blautia_nov_ERR1022378	
572511	Blautia_nov_ERR1022424	
572511	Blautia_nov_ERR1022426	
572511	Blautia_nov_ERR1022435	
572511	Blautia_nov_ERR1203955	
572511	Blautia_nov_ERR1204049	
572511	Blautia_nov_ERR1204065	
572511	Blautia_nov_ERR2221143	
572511	Blautia_nov_ERR2221170	
572511	Blautia_nov_ERR2221260	
572511	Blautia_nov_ERR2221265	
572511	Blautia_nov_ERR2221269	
572511	Blautia_nov_ERR2221270	
572511	Blautia_nov_ERR2221279	
572511	Blautia_nov_ERR2221370	
572511	Blautia_nov_ERR2221404	
572511	Blautia_nov_ERR2221410	
572511	Blautia_nov_ERR2230061	
572511	Blautia_nov_ERR2230064	
572511	Blautia_nov_ERR2230066	
572511	Blautia_nov_ERR2230067	
572511	Blautia_nov_ERR2230071	
572511	Blautia_nov_ERR2230072	
572511	Blautia_nov_ERR2230073	
572511	Blautia_nov_ERR2230075	
572511	Blautia_nov_ERR2230099	
572511	Blautia_nov_ERR2230110	
572511	Blautia_nov_ERR2230116	
572511	Blautia_nov_ERR2230130	
572511	Blautia_nov_ERR2230136	
572511	Blautia_nov_ERR2230152	
411459	Blautia_obeum_ATCC_29174	GCF_000153905.1
1121114	Blautia_producta_DSM_2950	GCF_000373885.1
33035	Blautia_producta_ERR171261	
33035	Blautia_producta_ERR2221380	
1796616	Blautia_sp_YL58	GCF_001689125.2
33039	Blautia_torques_ERR1022291	
33039	Blautia_torques_ERR1022304	
33039	Blautia_torques_ERR1022325	
33039	Blautia_torques_ERR1022357	
33039	Blautia_torques_ERR1022404	
33039	Blautia_torques_ERR1022479	
33039	Blautia_torques_ERR1203943	
33039	Blautia_torques_ERR1203966	
33039	Blautia_torques_ERR1204037	
33039	Blautia_torques_ERR1204060	
33039	Blautia_torques_ERR2221100	
33039	Blautia_torques_ERR2221189	
33039	Blautia_torques_ERR2230088	
33039	Blautia_torques_ERR2230104	
1280691	Blautia_wexlerae_AGR2146	GCF_000424085.1
1121115	Blautia_wexlerae_DSM_19850	GCF_000484655.1
418240	Blautia_wexlerae_ERR1022296	
418240	Blautia_wexlerae_ERR1022377	
418240	Blautia_wexlerae_ERR1022425	
418240	Blautia_wexlerae_ERR1204036	
418240	Blautia_wexlerae_ERR2230049	
103855	Bordetella_hinzii_F582	GCF_001078275.1
1331262	Bordetella_hinzii_OH87_BAL007II	GCF_000657735.1
2508949	Borkfalkia_ceftriaxoniphila_HDS1380	GCF_004134775.1
53254	Bosea_thiooxidans_DSM_9653	GCF_900168195.1
1064537	Brachybacterium_paraconglomeratum_LC44	GCF_000233655.1
29522	Brachyspira_aalborgi_513A	GCF_008016455.1
29522	Brachyspira_aalborgi_PC2022III	GCF_008016755.1
29522	Brachyspira_aalborgi_PC2777IV	GCF_008016715.1
29522	Brachyspira_aalborgi_PC3053II	GCF_008016765.1
29522	Brachyspira_aalborgi_PC3517II	GCF_008016725.1
29522	Brachyspira_aalborgi_PC3714II	GCF_008016685.1
29522	Brachyspira_aalborgi_PC390II	GCF_008016635.1
29522	Brachyspira_aalborgi_PC3939II	GCF_008016675.1
29522	Brachyspira_aalborgi_PC3997IV	GCF_008016625.1
29522	Brachyspira_aalborgi_PC4226IV	GCF_008016615.1
29522	Brachyspira_aalborgi_PC4580III	GCF_008016565.1
29522	Brachyspira_aalborgi_PC4597II	GCF_008016545.1
29522	Brachyspira_aalborgi_PC5099IV	GCF_008016525.1
29522	Brachyspira_aalborgi_PC5538III_lc	GCF_008016515.1
29522	Brachyspira_aalborgi_PC5587_p	GCF_008016465.1
29522	Brachyspira_aalborgi_PC5587_u	GCF_008016435.1
29522	Brachyspira_aalborgi_W1	GCF_008016445.1
759914	Brachyspira_pilosicoli_95_1000	GCF_000143725.1
1133568	Brachyspira_pilosicoli_B2904	GCF_000296575.1
1042417	Brachyspira_pilosicoli_P43_6_78	GCF_000325665.1
1161918	Brachyspira_pilosicoli_WesB	GCF_000319185.1
398525	Bradyrhizobium_elkanii_USDA_76	GCF_000379145.1
375	Bradyrhizobium_japonicum_E109	GCF_000807315.1
224911	Bradyrhizobium_japonicum_USDA_110	GCF_000011365.1
1038862	Bradyrhizobium_japonicum_USDA_124	GCF_000374205.1
1037409	Bradyrhizobium_japonicum_USDA_6	GCF_000284375.1
1038866	Bradyrhizobium_japonicum_WSM2793	GCF_000379585.1
108015	Bradyrhizobium_yuanmingense_BR3267	GCF_001439885.1
1128326	Bradyrhizobium_yuanmingense_CCBAU_05623	GCF_000261785.1
1128327	Bradyrhizobium_yuanmingense_CCBAU_25021	GCF_000261805.1
1128328	Bradyrhizobium_yuanmingense_CCBAU_35157	GCF_000261825.1
1444307	Brevibacillus_agri_5_2	GCF_000612125.1
1246477	Brevibacillus_agri_BAB_2500	GCF_000328345.1
1300222	Brevibacillus_borstelensis_AK1	GCF_000353565.1
1129895	Brevibacillus_brevis_FJAT_0809_GLX	GCF_000346255.1
358681	Brevibacillus_brevis_NBRC_100599	GCF_000010165.1
1229781	Brevibacterium_casei_S18	GCF_000314575.1
321955	Brevibacterium_linens_BL2	GCF_000167575.1
1176165	Brevibacterium_massiliense_5401308	GCF_000285915.1
1033736	Brevibacterium_senegalense_JC43	GCF_000285835.1
1121124	Brevundimonas_bacteroides_DSM_4726	GCF_000701445.1
1035191	Brevundimonas_diminuta_470_4	GCF_000318405.1
633149	Brevundimonas_subvibrioides_ATCC_15264	GCF_000144605.1
1121126	Brochothrix_thermosphacta_DSM_20171	GCF_000525935.1
679192	Bulleidia_extructa_W1219	GCF_000177375.1
331271	Burkholderia_cenocepacia_AU_1054	GCF_000014085.1
1055524	Burkholderia_cenocepacia_H111	GCF_000236215.2
331272	Burkholderia_cenocepacia_HI2424	GCF_000203955.1
216591	Burkholderia_cenocepacia_J2315	GCF_000009485.1
406425	Burkholderia_cenocepacia_MC0_3	GCF_000019505.1
350702	Burkholderia_cenocepacia_PC184	GCF_003076415.1
1009846	Burkholderia_cepacia_GG4	GCF_000292915.1
292	Burkholderia_cepacia_LO6	GCF_000974835.2
469610	Burkholderiales_bacterium_1_1_47	GCF_000144975.1
1834205	Burkholderiales_bacterium_YL45	GCF_001688905.2
580596	Butyricicoccus_nov_ERR2221182	
1203606	Butyricicoccus_pullicaecorum_1_2	GCF_000398925.1
1816677	Butyricimonas_sp_Marseille_P2440	GCF_900091675.1
1121129	Butyricimonas_synergistica_DSM_23225	GCF_000379665.1
1121130	Butyricimonas_virosa_DSM_23226	GCF_000519105.1
544645	Butyricimonas_virosa_ERR2221144	
511680	Butyrivibrio_crossotus_DSM_2876	GCF_000156015.1
657324	Butyrivibrio_fibrisolvens_16_4	GCF_000209815.1
515622	Butyrivibrio_proteoclasticus_B316	GCF_000145035.1
1852378	Caecibacter_massiliensis_DSM_100188	GCF_900095875.1
887291	Campylobacter_coli_1098	GCF_000253695.1
887280	Campylobacter_coli_111_3	GCF_000253415.1
887292	Campylobacter_coli_1148	GCF_000253715.1
887282	Campylobacter_coli_132_6	GCF_000253775.1
887293	Campylobacter_coli_1417	GCF_000253735.1
195	Campylobacter_coli_14983A	GCF_001717605.1
887285	Campylobacter_coli_151_9	GCF_000254095.1
887294	Campylobacter_coli_1891	GCF_000253795.1
887295	Campylobacter_coli_1909	GCF_000253815.2
887296	Campylobacter_coli_1948	GCF_000253855.2
887297	Campylobacter_coli_1957	GCF_000253875.1
887298	Campylobacter_coli_1961	GCF_000253895.2
887299	Campylobacter_coli_202_04	GCF_000253915.1
887315	Campylobacter_coli_2548	GCF_000253475.1
887316	Campylobacter_coli_2553	GCF_000253495.1
887317	Campylobacter_coli_2680	GCF_000253515.1
887318	Campylobacter_coli_2685	GCF_000253535.1
887321	Campylobacter_coli_2698	GCF_000253595.1
887300	Campylobacter_coli_317_04	GCF_000253955.2
887301	Campylobacter_coli_37_05	GCF_000253975.1
887283	Campylobacter_coli_59_2	GCF_000253835.1
887284	Campylobacter_coli_67_8	GCF_000253935.1
887281	Campylobacter_coli_7_1	GCF_000253755.1
887288	Campylobacter_coli_80352	GCF_000253635.1
887287	Campylobacter_coli_84_2	GCF_000253615.1
887289	Campylobacter_coli_86119	GCF_000253655.1
887286	Campylobacter_coli_90_3	GCF_000253435.1
195	Campylobacter_coli_BFR_CA_9557	GCF_001305715.1
1247729	Campylobacter_coli_BIGS0003	GCF_000314025.1
887312	Campylobacter_coli_H56	GCF_000254215.1
887309	Campylobacter_coli_H6	GCF_000254155.1
887310	Campylobacter_coli_H8	GCF_000254175.1
887311	Campylobacter_coli_H9	GCF_000254195.1
864566	Campylobacter_coli_JV20	GCF_000146835.1
887303	Campylobacter_coli_LMG_23336	GCF_000254015.1
887304	Campylobacter_coli_LMG_23341	GCF_000254035.1
887305	Campylobacter_coli_LMG_23342	GCF_000254055.1
887307	Campylobacter_coli_LMG_9853	GCF_000254115.1
887302	Campylobacter_coli_LMG_9854	GCF_000253995.1
887308	Campylobacter_coli_LMG_9860	GCF_000254135.1
306254	Campylobacter_coli_RM2228	GCF_000167415.1
195	Campylobacter_coli_YH501	GCF_001639125.1
887313	Campylobacter_coli_Z156	GCF_000254235.1
887314	Campylobacter_coli_Z163	GCF_000253455.1
360104	Campylobacter_concisus_13826	GCF_000017725.2
929793	Campylobacter_concisus_UNSWCD	GCF_000259315.1
360105	Campylobacter_curvus_525_92	GCF_000017465.2
1121268	Campylobacter_curvus_DSM_6644	GCF_000376325.1
32019	Campylobacter_fetus_subsp_fetus_006A_0073	GCF_001487085.1
360106	Campylobacter_fetus_subsp_fetus_82_40	GCF_000015085.1
983328	Campylobacter_fetus_subsp_venerealis_NCTC_10354	GCF_000222425.1
553220	Campylobacter_gracilis_RM3268	GCF_000175875.1
360107	Campylobacter_hominis_ATCC_BAA_381	GCF_000017585.1
1031746	Campylobacter_hyointestinalis_subsp_hyointestinalis_LMG_9260	GCF_001643955.1
197	Campylobacter_jejuni_CJM1cam	GCF_001412295.1
354242	Campylobacter_jejuni_jejuni_81_176	GCF_000015525.1
1295400	Campylobacter_jejuni_jejuni_ICDCCJ07004	GCF_000355845.1
645464	Campylobacter_jejuni_jejuni_M1	GCF_000148705.1
192222	Campylobacter_jejuni_jejuni_NCTC_11168	GCF_000009085.1
197	Campylobacter_jejuni_NCTC11351	GCF_001457695.1
195099	Campylobacter_jejuni_RM1221	GCF_000011865.1
1293289	Campylobacter_jejuni_str_NCCP_No_15742	GCF_000397125.1
360109	Campylobacter_jejuni_subsp_doylei_269_97	GCF_000017485.1
1111075	Campylobacter_jejuni_subsp_jejuni_04197	GCF_000285735.1
1111076	Campylobacter_jejuni_subsp_jejuni_04199	GCF_000285755.1
889214	Campylobacter_jejuni_subsp_jejuni_110_21	GCF_000254855.1
889230	Campylobacter_jejuni_subsp_jejuni_1213	GCF_000254935.1
889213	Campylobacter_jejuni_subsp_jejuni_129_258	GCF_000254255.1
683082	Campylobacter_jejuni_subsp_jejuni_1336	GCF_000163975.1
889215	Campylobacter_jejuni_subsp_jejuni_140_16	GCF_000254915.1
889232	Campylobacter_jejuni_subsp_jejuni_1798	GCF_000254975.1
889233	Campylobacter_jejuni_subsp_jejuni_1854	GCF_000254995.1
889234	Campylobacter_jejuni_subsp_jejuni_1893	GCF_000255015.1
889221	Campylobacter_jejuni_subsp_jejuni_1997_1	GCF_000254675.1
889225	Campylobacter_jejuni_subsp_jejuni_1997_11	GCF_000254795.1
889223	Campylobacter_jejuni_subsp_jejuni_1997_7	GCF_000254755.1
889250	Campylobacter_jejuni_subsp_jejuni_2008_1025	GCF_000254595.1
889255	Campylobacter_jejuni_subsp_jejuni_2008_831	GCF_000254715.1
889251	Campylobacter_jejuni_subsp_jejuni_2008_894	GCF_000254615.1
889253	Campylobacter_jejuni_subsp_jejuni_2008_988	GCF_000254655.1
360108	Campylobacter_jejuni_subsp_jejuni_260_94	GCF_000168135.1
683083	Campylobacter_jejuni_subsp_jejuni_414	GCF_000163995.1
889227	Campylobacter_jejuni_subsp_jejuni_51037	GCF_000254835.1
889220	Campylobacter_jejuni_subsp_jejuni_53161	GCF_000254555.1
889218	Campylobacter_jejuni_subsp_jejuni_55037	GCF_000254435.1
889217	Campylobacter_jejuni_subsp_jejuni_60004	GCF_000254375.1
1111074	Campylobacter_jejuni_subsp_jejuni_6399	GCF_000285715.1
407148	Campylobacter_jejuni_subsp_jejuni_81116	GCF_000017905.1
360110	Campylobacter_jejuni_subsp_jejuni_84_25	GCF_000168195.1
889219	Campylobacter_jejuni_subsp_jejuni_86605	GCF_000254475.1
889228	Campylobacter_jejuni_subsp_jejuni_87330	GCF_000254875.1
360111	Campylobacter_jejuni_subsp_jejuni_CF93_6	GCF_000168115.1
478547	Campylobacter_jejuni_subsp_jejuni_CG8421	GCF_000171795.2
398000	Campylobacter_jejuni_subsp_jejuni_CG8486	GCF_000168795.1
1093789	Campylobacter_jejuni_subsp_jejuni_D2600	GCF_000234545.1
691336	Campylobacter_jejuni_subsp_jejuni_DFVF1099	GCF_000184805.1
885274	Campylobacter_jejuni_subsp_jejuni_H22082	GCF_000242395.1
360112	Campylobacter_jejuni_subsp_jejuni_HB93_13	GCF_000168175.1
567106	Campylobacter_jejuni_subsp_jejuni_IA3902	GCF_000025425.1
757425	Campylobacter_jejuni_subsp_jejuni_ICDCCJ07001	GCF_000184085.1
1295394	Campylobacter_jejuni_subsp_jejuni_ICDCCJ07002	GCF_000355825.1
889237	Campylobacter_jejuni_subsp_jejuni_LMG_23210	GCF_000255075.1
889238	Campylobacter_jejuni_subsp_jejuni_LMG_23211	GCF_000255095.1
889239	Campylobacter_jejuni_subsp_jejuni_LMG_23216	GCF_000254295.1
889240	Campylobacter_jejuni_subsp_jejuni_LMG_23218	GCF_000254315.1
889241	Campylobacter_jejuni_subsp_jejuni_LMG_23223	GCF_000254335.1
889243	Campylobacter_jejuni_subsp_jejuni_LMG_23264	GCF_000254395.1
889244	Campylobacter_jejuni_subsp_jejuni_LMG_23269	GCF_000254415.1
889246	Campylobacter_jejuni_subsp_jejuni_LMG_23357	GCF_000254495.1
889248	Campylobacter_jejuni_subsp_jejuni_LMG_9081	GCF_000254535.1
889249	Campylobacter_jejuni_subsp_jejuni_LMG_9217	GCF_000254575.1
889236	Campylobacter_jejuni_subsp_jejuni_LMG_9872	GCF_000255055.1
889245	Campylobacter_jejuni_subsp_jejuni_LMG_9879	GCF_000254455.1
1211776	Campylobacter_jejuni_subsp_jejuni_NCTC_11168_BN148	GCF_000304375.1
1093788	Campylobacter_jejuni_subsp_jejuni_NW	GCF_000234525.1
885273	Campylobacter_jejuni_subsp_jejuni_P110B	GCF_000242375.1
1151115	Campylobacter_jejuni_subsp_jejuni_P854	GCF_000283215.1
1201032	Campylobacter_jejuni_subsp_jejuni_PT14	GCF_000302555.5
1111073	Campylobacter_jejuni_subsp_jejuni_RB922	GCF_000285695.1
718271	Campylobacter_jejuni_subsp_jejuni_S3	GCF_000184205.1
1111072	Campylobacter_jejuni_subsp_jejuni_xy259	GCF_000285675.1
306263	Campylobacter_lari_RM2100	GCF_000019205.1
553218	Campylobacter_rectus_RM3267	GCF_000174175.1
1244083	Campylobacter_showae_CSUNSWCD	GCF_000313615.1
553219	Campylobacter_showae_RM3277	GCF_000175655.1
665939	Campylobacter_sp_10_1_50	GCF_000238755.1
1031920	Campylobacter_sputorum_bv_faecalis_CCUG_20703	GCF_002220735.1
1388751	Campylobacter_subantarcticus_LMG_24374	GCA_000816265.1
1388752	Campylobacter_subantarcticus_LMG_24377	GCA_000816305.1
654363	Campylobacter_troglodytis_MIT_05_9149A	GCF_006864425.1
888826	Campylobacter_upsaliensis_JV21	GCF_000185345.1
306264	Campylobacter_upsaliensis_RM3195	GCF_002847805.1
883165	Campylobacter_ureolyticus_ACS_301_V_Sch3b	GCF_000413435.1
827	Campylobacter_ureolyticus_CIT007	GCF_000597825.1
1032069	Campylobacter_ureolyticus_RIGS_9880	GCF_001190755.1
827	Campylobacter_ureolyticus_UMB0112	GCF_002847805.1
1211818	Candidatus_Dorea_massiliensis_AP6	GCF_001282705.1
1237085	Candidatus_Nitrososphaera_gargensis_Ga9_2	GCF_000303155.1
1002672	Candidatus_Pelagibacter_sp_IMCC9063	GCF_000195085.1
1332188	Candidatus_Saccharimonas_aalborgensis	
1211843	Candidatus_Soleaferrea_massiliensis_AP7	GCF_000820765.1
641143	Capnocytophaga_granulosa_ATCC_51502	GCF_000411115.1
327575	Capnocytophaga_leadbetteri_DSM_22902	GCF_003054025.1
521097	Capnocytophaga_ochracea_DSM_7271	GCF_000023285.1
873517	Capnocytophaga_ochracea_F0287	GCF_000183985.1
1125719	Capnocytophaga_ochracea_str_Holt_25	GCF_000277585.1
936370	Capnocytophaga_sp_CM59	GCF_000293175.1
1035193	Capnocytophaga_sp_oral_taxon_326_str_F0382	GCF_000318295.1
706436	Capnocytophaga_sp_oral_taxon_329_str_F0087	GCF_000213295.2
1127692	Capnocytophaga_sp_oral_taxon_332_str_F0381	GCF_000318275.2
1125720	Capnocytophaga_sp_oral_taxon_335_str_F0486	GCF_000277665.1
1203603	Capnocytophaga_sp_oral_taxon_336_str_F0502	GCF_000411575.1
888059	Capnocytophaga_sp_oral_taxon_338_str_F0234	GCF_000192225.1
1125721	Capnocytophaga_sp_oral_taxon_412_str_F0487	GCF_000271925.1
553177	Capnocytophaga_sputigena_ATCC_33612	GCF_000173675.1
638300	Cardiobacterium_hominis_612_ETAR_1001_5485_127101	GCF_000160655.1
797473	Cardiobacterium_valvarum_F0432	GCF_000239355.1
1087479	Carnobacterium_maltaromaticum_ATCC_35586	GCF_000238575.1
1449341	Carnobacterium_maltaromaticum_DSM_20342	GCF_001437315.1
2751	Carnobacterium_maltaromaticum_DSM_20722	GCF_001437035.1
1234679	Carnobacterium_maltaromaticum_LMA28	GCF_000317975.2
270498	Catabacter_hongkongensis_HKU16	GCF_000981035.1
451640	Catenibacterium_mitsuokai_DSM_15897	GCF_000173795.1
100886	Catenibacterium_mitsuokai_ERR1022284	
100886	Catenibacterium_mitsuokai_ERR2221198	
592026	Catonella_morbi_ATCC_51271	GCF_000160035.2
566551	Cedecea_davisae_DSM_4568	GCF_000412335.2
1095767	Cellulomonas_massiliensis_JC225	GCF_000312005.1
1465811	Cellulomonas_massiliensis_MGYG_HGUT_01416	GCF_902374825.1
1689271	Cellulomonas_timonensis_DSM_100699	GCF_900046455.1
642492	Cellulosilyticum_lentocellum_DSM_5427	GCF_000178835.2
935839	Cellulosimicrobium_cellulans_J36	GCF_000526595.1
888060	Centipeda_periodontii_DSM_2778	GCF_000213975.1
1319815	Cetobacterium_somerae_ATCC_BAA_47401	GCF_000479045.1
331678	Chlorobium_phaeobacteroides_BS1	GCF_000020545.1
290317	Chlorobium_phaeobacteroides_DSM_266	GCF_000015125.1
1805714	Christensenella_massiliensis_Marseille_P2438	GCF_900155415.1
626937	Christensenella_minuta_DSM_22607	GCF_001571425.1
1816678	Christensenella_timonensis_DSM_102800	GCF_900087015.1
990721	Christensenellaceae_nov_ERR1022455	
35703	Citrobacter_amalonaticus_FDAARGOS_122	GCF_001559075.2
35703	Citrobacter_amalonaticus_FDAARGOS_166	GCF_001471655.2
1261127	Citrobacter_amalonaticus_Y19	GCF_000981805.1
35703	Citrobacter_amalonaticus_YG6	GCF_001276105.1
35703	Citrobacter_amalonaticus_YG8	GCF_001276125.1
742730	Citrobacter_freundii_4_7_47CFAA	GCF_000238735.1
1006003	Citrobacter_freundii_ATCC_8090	GCF_000734905.1
546	Citrobacter_freundii_ERR2221339	
546	Citrobacter_freundii_FDAARGOS_61	GCF_000783995.2
546	Citrobacter_freundii_FDAARGOS_73	GCF_000783755.2
1288347	Citrobacter_freundii_GTC_09479	GCF_000342325.1
1297584	Citrobacter_freundii_GTC_09629	GCF_000388155.1
670484	Citrobacter_freundii_str_ballerup_7851_39	GCF_000208765.1
1400136	Citrobacter_freundii_UCI_31	GCF_000521965.1
290338	Citrobacter_koseri_ATCC_BAA_895	GCF_000018045.1
545	Citrobacter_koseri_FDAARGOS_164	GCF_001471775.2
544	Citrobacter_nov_ERR2221352	
1639133	Citrobacter_portucalensis_P10159	GCF_001281005.1
637910	Citrobacter_rodentium_ICC168	GCF_000027085.1
469595	Citrobacter_sp_30_2	GCF_000158355.2
1173691	Citrobacter_sp_A1	GCF_000277565.1
1169322	Citrobacter_sp_KTE151	GCF_000398845.1
1169319	Citrobacter_sp_KTE30	GCF_000398825.1
1169350	Citrobacter_sp_KTE32	GCF_000398865.1
1212820	Citrobacter_sp_L17	GCF_000313895.1
500640	Citrobacter_youngae_ATCC_29220	GCF_000155975.1
866499	Cloacibacillus_evryensis_DSM_19522	GCF_000585335.1
237258	Cloacibacterium_normanense_DSM_15886	GCF_900104195.1
31979	Clostridiaceae_nov_ERR1022373	
31979	Clostridiaceae_nov_ERR2221146	
31979	Clostridiaceae_nov_ERR2221328	
31979	Clostridiaceae_nov_ERR2221330	
31979	Clostridiaceae_nov_ERR2221331	
31979	Clostridiaceae_nov_ERR2221345	
31979	Clostridiaceae_nov_ERR2221361	
31979	Clostridiaceae_nov_ERR2221383	
31979	Clostridiaceae_nov_ERR2230154	
1686289	Clostridiales_bacterium_mt11	GCF_001282665.1
186802	Clostridiales_incertae_sedis_nov_ERR1022334	
186802	Clostridiales_incertae_sedis_nov_ERR1022419	
186802	Clostridiales_incertae_sedis_nov_ERR2221176	
186802	Clostridiales_incertae_sedis_nov_ERR2221277	
186802	Clostridiales_incertae_sedis_nov_ERR2221283	
186802	Clostridiales_incertae_sedis_nov_ERR2221367	
186802	Clostridiales_incertae_sedis_nov_ERR2221388	
457421	Clostridiales_sp_1_7_47FAA	GCF_000155435.1
997827	Clostridioides_difficile_002_P50_2011	GCF_000235825.1
997828	Clostridioides_difficile_050_P50_2011	GCF_000235925.1
699033	Clostridioides_difficile_2007855	GCA_000210455.1
272563	Clostridioides_difficile_630	GCF_000009205.2
691160	Clostridioides_difficile_6503	GCF_000193695.1
1002369	Clostridioides_difficile_70_100_2010	GCF_000235905.1
499175	Clostridioides_difficile_ATCC_43255	GCF_000155025.1
1121308	Clostridioides_difficile_ATCC_9689	GCF_000376285.1
699034	Clostridioides_difficile_BI1	GCF_000211235.1
1125976	Clostridioides_difficile_CD37	GCF_000242355.1
499176	Clostridioides_difficile_CIP_107932	GCF_000155045.1
1496	Clostridioides_difficile_ERR1204032	
1496	Clostridioides_difficile_ERR2221119	
1496	Clostridioides_difficile_ERR2221219	
1496	Clostridioides_difficile_ERR2221225	
699035	Clostridioides_difficile_M120	GCF_000210435.1
699037	Clostridioides_difficile_M68	GCF_000210395.1
499174	Clostridioides_difficile_QCD_23m63	GCF_000155065.1
479834	Clostridioides_difficile_QCD_37x79	GCF_000154685.1
479831	Clostridioides_difficile_QCD_63q42	GCF_000154625.1
455631	Clostridioides_difficile_QCD_66c26	GCF_000003215.1
479832	Clostridioides_difficile_QCD_76w55	GCF_000154645.1
479833	Clostridioides_difficile_QCD_97b34	GCF_000154665.1
1392497	Clostridioides_mangenotii_LM2	GCF_000687955.1
1408823	Clostridioides_mangenotii_TR	GCF_000498755.1
272562	Clostridium_acetobutylicum_ATCC_824	GCF_000008765.1
991791	Clostridium_acetobutylicum_DSM_1731	GCF_000218855.1
863638	Clostridium_acetobutylicum_EA_2018	GCF_000191905.1
1410651	Clostridium_aerotolerans_DSM_5434	GCF_000687555.1
1499689	Clostridium_amazonitimonense_MGYG_HGUT_01477	GCF_000753355.2
518636	Clostridium_asparagiforme_DSM_15981	GCF_000158075.1
1561	Clostridium_baratii_796_15	GCF_002025805.1
1561	Clostridium_baratii_ERR1022470	
1415775	Clostridium_baratii_str_Sullivan	GCF_000789395.1
445973	Clostridium_bartlettii_DSM_16795	GCF_000154445.1
1200349	Clostridium_beijerinckii_G117	GCF_000280535.1
290402	Clostridium_beijerinckii_NCIMB_8052	GCF_000016965.1
1233170	Clostridium_bifermentans_ATCC_19299	GCF_000452225.2
318465	Clostridium_boliviensis_ERR171272	
997893	Clostridium_bolteae_90A5	GCF_000371725.1
997894	Clostridium_bolteae_90A9	GCF_000371705.1
997895	Clostridium_bolteae_90B3	GCF_000371685.1
997896	Clostridium_bolteae_90B7	GCF_000371665.1
997897	Clostridium_bolteae_90B8	GCF_000371645.1
411902	Clostridium_bolteae_ATCC_BAA_613	GCF_000154365.1
742732	Clostridium_bolteae_WAL_14578	GCF_001078425.1
441770	Clostridium_botulinum_A_str_ATCC_19397	GCF_000017025.1
413999	Clostridium_botulinum_A_str_ATCC_3502	GCF_000063585.1
441771	Clostridium_botulinum_A_str_Hall	GCF_000017045.1
536232	Clostridium_botulinum_A2_str_Kyoto	GCF_000022765.1
498214	Clostridium_botulinum_A3_str_Loch_Maree	GCF_000019545.1
508765	Clostridium_botulinum_B_str_Eklund_17B	GCF_000307125.1
498213	Clostridium_botulinum_B1_str_Okra	GCF_000019305.1
515621	Clostridium_botulinum_Ba4_str_657	GCF_000020345.1
445336	Clostridium_botulinum_Bf	GCF_000171075.1
929506	Clostridium_botulinum_BKT015925	GCF_000204565.1
445337	Clostridium_botulinum_C_str_Eklund	GCF_000171095.1
1289590	Clostridium_botulinum_CB11_1_1	GCF_000353835.1
1221327	Clostridium_botulinum_CDC66177	GCF_000309805.1
592027	Clostridium_botulinum_D_str_1873	GCA_000175395.3
536233	Clostridium_botulinum_E1_str_BoNT_E_Beluga	GCF_000175335.1
508767	Clostridium_botulinum_E3_str_Alaska_E43	GCF_000020285.1
758678	Clostridium_botulinum_F_str_230613	GCF_000092345.1
441772	Clostridium_botulinum_F_str_Langeland	GCF_000017065.1
941968	Clostridium_botulinum_H04402_065	GCF_000253195.1
445335	Clostridium_botulinum_NCTC_2916	GCF_000171055.1
447214	Clostridium_butyricum_5521	GCF_000171115.1
997898	Clostridium_butyricum_60E_3	GCF_000371625.1
1306409	Clostridium_butyricum_DKU_01	GCF_000355785.1
1316931	Clostridium_butyricum_DSM_10702	GCF_000409755.1
632245	Clostridium_butyricum_E4_str_BoNT_E_BL5262	GCF_000182605.1
1280692	Clostridium_cadaveris_AGR2141	GCF_000424205.1
545697	Clostridium_celatum_DSM_1785	GCF_000320405.1
1121303	Clostridium_cellobioparum_DSM_1351	GCF_000621505.1
1351755	Clostridium_chauvoei_JF4335	GCF_900168365.1
742733	Clostridium_citroniae_WAL_17108	GCF_000233455.1
720554	Clostridium_clariflavum_DSM_19732	GCF_000237085.1
742735	Clostridium_clostridioforme_2_1_49FAA	GCF_000234155.1
999403	Clostridium_clostridioforme_90A1	GCF_000371605.1
999404	Clostridium_clostridioforme_90A3	GCF_000371585.1
999405	Clostridium_clostridioforme_90A4	GCF_000371565.1
999406	Clostridium_clostridioforme_90A6	GCF_000371545.1
999407	Clostridium_clostridioforme_90A7	GCF_000371525.1
999408	Clostridium_clostridioforme_90A8	GCF_000371505.1
999409	Clostridium_clostridioforme_90B1	GCF_000371485.1
999410	Clostridium_clostridioforme_CM201	GCF_000371405.1
1531	Clostridium_clostridioforme_YL32	GCF_002221545.1
1494	Clostridium_cochlearium_NCTC13027	GCF_900187165.1
69824	Clostridium_cocleatum_ATCC_29902	GCF_002803405.1
999411	Clostridium_colicanis_209318	GCF_000371465.1
1121305	Clostridium_colicanis_DSM_13634	GCF_001593985.1
1499683	Clostridium_culturomicsense_CL_6	GCF_000751675.1
1301100	Clostridium_dakarense_FF1	GCF_000499525.1
645462	Clostridium_difficile_CD196	GCF_000085225.1
525258	Clostridium_difficile_NAP07	GCF_000164655.1
525259	Clostridium_difficile_NAP08	GCF_000164175.1
645463	Clostridium_difficile_R20291	GCF_000027105.1
84024	Clostridium_disporicum_2789STDY5608827	GCF_001405575.1
1121311	Clostridium_fimetarium_DSM_9179	GCF_900111235.1
1121315	Clostridium_glycolicum_ATCC_14880	GCF_000373865.1
999412	Clostridium_hathewayi_12489931	GCF_000371445.1
566550	Clostridium_hathewayi_DSM_13479	GCF_000160095.1
742737	Clostridium_hathewayi_WAL_18680	GCF_000235505.1
500633	Clostridium_hiranonis_TO_931_DSM_13275	GCF_000156055.1
553973	Clostridium_hylemonae_DSM_15053	GCF_000156515.1
1211817	Clostridium_ihumii_AP5	GCF_000612845.1
1304881	Clostridium_indolis_DSM_755	GCF_000526995.1
999413	Clostridium_innocuum_2959	GCF_000371425.1
1522	Clostridium_innocuum_I46	GCF_002221705.2
182773	Clostridium_isatidis_DSM_15098	GCF_002285495.1
1414721	Clostridium_jeddahense_JCD	GCF_000577335.1
1499684	Clostridium_jeddahtimonense_CL_2	GCF_000753455.2
460384	Clostridium_lavalense_NLAE_zl_G277	GCF_003024655.1
428125	Clostridium_leptum_DSM_753	GCF_000154345.1
1347366	Clostridium_massilioamazoniensis_ND2	GCF_001403635.1
1805472	Clostridium_mediterraneense_Marseille_P2434	GCF_900091705.1
1286820	Clostridium_methoxybenzovorans_SR3	GCF_000421505.1
537013	Clostridium_methylpentosum_R2_DSM_5476	GCF_000158655.1
500632	Clostridium_nexile_DSM_1787	GCF_000156035.2
1622073	Clostridium_niameyense_DSM_100441	GCF_001243045.1
1330534	Clostridium_papyrosolvens_C7	GCF_000421965.1
588581	Clostridium_papyrosolvens_DSM_2782	GCF_000175795.2
1280689	Clostridium_paraputrificum_AGR2156	GCF_000424025.1
29363	Clostridium_paraputrificum_ERR1022469	
86416	Clostridium_pasteurianum_BC1	GCF_000389635.1
1262449	Clostridium_pasteurianum_DSM_525_ATCC_6013	GCF_000724205.2
195103	Clostridium_perfringens_ATCC_13124	GCF_000013285.1
451754	Clostridium_perfringens_B_str_ATCC_3626	GCF_000171155.1
445334	Clostridium_perfringens_C_str_JGS1495	GCF_000171135.1
451756	Clostridium_perfringens_CPE_str_F4969	GCF_000171195.1
488537	Clostridium_perfringens_D_str_JGS1721	GCF_000172455.1
451755	Clostridium_perfringens_E_str_JGS1987	GCF_000171175.1
883064	Clostridium_perfringens_F262	GCF_000255475.1
451757	Clostridium_perfringens_NCTC_8239	GCF_902459515.1
289380	Clostridium_perfringens_SM101	GCF_000013845.2
195102	Clostridium_perfringens_str_13	GCF_000009685.1
742739	Clostridium_perfringens_WAL_14572	GCF_000243175.1
1650661	Clostridium_phoceensis_DSM_100334	GCF_001244495.1
1325933	Clostridium_polynesiense_MS1	GCF_000820705.1
1121329	Clostridium_polysaccharolyticum_DSM_1801	GCF_900111595.1
1547	Clostridium_ramosum_VPI_0427_DSM_1402	GCF_000154485.1
1121333	Clostridium_saccharogumia_DSM_17460	GCF_000686665.1
610130	Clostridium_saccharolyticum_WM1	GCF_000144625.1
931276	Clostridium_saccharoperbutylacetonicum_N1_4_HMT	GCF_000340885.1
1202534	Clostridium_sartagoforme_AAU1	GCF_000401215.1
1414720	Clostridium_saudiense_JCC	GCF_000577815.1
411468	Clostridium_scindens_ATCC_35704	GCF_000154505.1
1033737	Clostridium_senegalense_JC122	GCF_000285575.1
1292036	Clostridium_sordellii_ATCC_9714	GCF_000444075.1
457396	Clostridium_sp_7_2_43FAA	GCF_000158375.2
665940	Clostridium_sp_7_3_54FAA	GCF_000233515.1
97138	Clostridium_sp_ASF356	GCF_000364165.1
1720194	Clostridium_sp_AT4	GCF_001517625.2
1507	Clostridium_sp_ATCC_29733	GCF_000466605.1
649724	Clostridium_sp_ATCC_BAA_442	GCF_000466445.2
755731	Clostridium_sp_BNL1100	GCF_000244875.1
556261	Clostridium_sp_D5	GCF_000190355.1
641107	Clostridium_sp_DL_VIII	GCF_000230835.1
908340	Clostridium_sp_HGF2	GCF_000183585.1
1226325	Clostridium_sp_KLE_1755	GCF_000466465.2
411489	Clostridium_sp_L2_50	GCF_000154245.1
411486	Clostridium_sp_M62_1	GCF_000159055.1
1816694	Clostridium_sp_Marseille_P2538	GCF_900086625.1
1805477	Clostridium_sp_Marseille_P299	GCF_900078195.1
1105031	Clostridium_sp_MSTE9	GCF_000277625.1
411484	Clostridium_sp_SS2_1	GCF_000154545.1
1042156	Clostridium_sp_SY8519	GCF_000270305.1
1297793	Clostridium_sphenoides_JCM_1415	GCF_900105615.1
428126	Clostridium_spiroforme_DSM_1552	GCF_000154805.1
471871	Clostridium_sporogenes_ATCC_15579	GCF_000155085.1
1075091	Clostridium_sporogenes_PA_3679	GCF_000240115.1
1121334	Clostridium_sporosphaeroides_DSM_1294	GCF_000383295.1
1346611	Clostridium_stercorarium_subsp_leptospartum_DSM_9219	GCF_001697285.1
1121335	Clostridium_stercorarium_subsp_stercorarium_DSM_8532	GCF_000331995.1
1121336	Clostridium_stercorarium_subsp_thermolacticum_DSM_2910	GCF_001697245.1
499177	Clostridium_sticklandii_DSM_519	GCF_000196455.1
318464	Clostridium_sulfidigenes_113A_c1	GCF_000732635.1
411472	Clostridium_symbiosum_ATCC_14940	GCF_000466485.1
742740	Clostridium_symbiosum_WAL_14163	GCF_000189595.1
742741	Clostridium_symbiosum_WAL_14673	GCF_000189615.1
1559	Clostridium_tertium_Gcol_A43_Gcol_A43_1	GCF_003284645.1
1121342	Clostridium_tyrobutyricum_DSM_2637	GCF_000359585.1
1212547	Clostridium_tyrobutyricum_UC7086	GCF_000332015.1
1121344	Clostridium_viride_DSM_6836	GCF_000620945.1
1121346	Cohnella_laeviribosi_DSM_21336	GCF_000378425.1
1852379	Colibacter_massiliensis_DSM_103304	GCF_900095855.1
411903	Collinsella_aerofaciens_ATCC_25986	GCF_000169035.1
74426	Collinsella_aerofaciens_ERR1022282	
74426	Collinsella_aerofaciens_ERR1022300	
74426	Collinsella_aerofaciens_ERR1022416	
74426	Collinsella_aerofaciens_ERR1203940	
74426	Collinsella_aerofaciens_ERR1204034	
74426	Collinsella_aerofaciens_ERR2221153	
74426	Collinsella_aerofaciens_ERR2230078	
74426	Collinsella_aerofaciens_ERR2230087	
74426	Collinsella_aerofaciens_ERR2230090	
74426	Collinsella_aerofaciens_ERR2230102	
74426	Collinsella_aerofaciens_ERR2230112	
74426	Collinsella_aerofaciens_ERR2230122	
74426	Collinsella_aerofaciens_ERR2230127	
74426	Collinsella_aerofaciens_ERR2230140	
74426	Collinsella_aerofaciens_ERR2230145	
74426	Collinsella_aerofaciens_ERR2230147	
74426	Collinsella_aerofaciens_ERR2230156	
1720204	Collinsella_ihuae_GD8	GCF_900046475.1
521003	Collinsella_intestinalis_DSM_13280	GCF_000156175.1
1232426	Collinsella_massiliensis_An5	GCF_002161605.1
742722	Collinsella_sp_4_8_47FAA	GCF_000763055.1
1499681	Collinsella_sp_MS5	GCF_000821265.1
445975	Collinsella_stercoris_DSM_13279	GCF_000156215.1
742742	Collinsella_tanakaei_YIT_12063	GCF_000225705.1
225991	Comamonas_aquatica_CJG	GCF_000935165.2
1457173	Comamonas_aquatica_DA1877	GCF_000590985.1
1219031	Comamonas_aquatica_NBRC_14918	GCF_000739875.1
32013	Comamonas_terrigena_FDAARGOS_394_pRIID_98	GCF_002554425.1
1219032	Comamonas_terrigena_NBRC_13299	GCF_006740045.1
1009852	Comamonas_testosteroni_ATCC_11996	GCF_000241525.1
688245	Comamonas_testosteroni_CNB_2	GCF_000093145.3
399795	Comamonas_testosteroni_KF_1	GCF_000168855.1
1111078	Comamonas_testosteroni_NBRC_100989	GCF_000241245.1
563045	Comamonas_testosteroni_S44	GCF_000178915.1
100884	Coprobacillus_cateniformis_D6	GCF_000269565.1
469596	Coprobacillus_sp_29_1	GCF_000186525.1
665941	Coprobacillus_sp_3_3_56FAA	GCF_000239735.1
469597	Coprobacillus_sp_8_2_54BFAA	GCF_000244855.1
556270	Coprobacillus_sp_D7	GCF_000158555.2
1349822	Coprobacter_fastidiosus_NSB1	GCF_003634345.1
116085	Coprococcus_catus_ERR2221258	
717962	Coprococcus_catus_GD_7	GCF_000210555.1
470146	Coprococcus_comes_ATCC_27758	GCF_000155875.1
410072	Coprococcus_comes_ERR1022290	
410072	Coprococcus_comes_ERR1022354	
410072	Coprococcus_comes_ERR1022382	
410072	Coprococcus_comes_ERR1022427	
410072	Coprococcus_comes_ERR1022476	
410072	Coprococcus_comes_ERR1204042	
411474	Coprococcus_eutactus_ATCC_27759	GCF_000154425.1
33043	Coprococcus_eutactus_ERR1022287	
33043	Coprococcus_eutactus_ERR1022301	
33043	Coprococcus_eutactus_ERR1022346	
33043	Coprococcus_eutactus_ERR1022477	
33043	Coprococcus_eutactus_ERR1203946	
33043	Coprococcus_eutactus_ERR1204040	
33043	Coprococcus_eutactus_ERR2221154	
33042	Coprococcus_nov_ERR1022278	
33042	Coprococcus_nov_ERR1203948	
33042	Coprococcus_nov_ERR2221394	
33042	Coprococcus_nov_ERR2230098	
1078091	Coprococcus_sp_HPP0048	GCF_000411355.1
1078090	Coprococcus_sp_HPP0074	GCF_000411335.1
38284	Corynebacterium_accolens_AH4003	GCF_002351405.1
525260	Corynebacterium_accolens_ATCC_49725	GCF_000159115.1
649754	Corynebacterium_ammoniagenes_DSM_20306	GCF_001941425.1
553204	Corynebacterium_amycolatum_SK46	GCF_000173655.1
42817	Corynebacterium_argentoratense_CNM_46305_c1	GCF_000971865.1
1348662	Corynebacterium_argentoratense_DSM_44202	GCF_000590555.1
548476	Corynebacterium_aurimucosum_ATCC_700975	GCF_000022905.1
1720192	Corynebacterium_bouchesdurhonense_DSM_100846	GCF_900078305.2
1285583	Corynebacterium_casei_LMG_S_19264	GCF_000550785.1
1110505	Corynebacterium_casei_UCMA_3821	GCF_000234765.1
53374	Corynebacterium_coyleae_UMB0147_16933_8_1_1	GCF_002861365.1
1035195	Corynebacterium_durum_F0235	GCF_000318135.1
196164	Corynebacterium_efficiens_YS_314	GCF_000011305.1
548478	Corynebacterium_glucuronolyticum_ATCC_51866	GCF_000159595.1
548477	Corynebacterium_glucuronolyticum_ATCC_51867	GCF_000156595.1
1232427	Corynebacterium_ihumii_GD7	GCF_000403725.1
1414719	Corynebacterium_jeddahense_JCB	GCF_000577555.1
38289	Corynebacterium_jeikeium_Cj30184_10	GCF_000738245.1
161879	Corynebacterium_kroppenstedtii_DNF00591	GCF_001552955.1
645127	Corynebacterium_kroppenstedtii_DSM_44385	GCF_000023145.1
1121365	Corynebacterium_mastitidis_DSM_44356	GCF_000375365.1
553207	Corynebacterium_matruchotii_ATCC_14266	GCF_000175375.1
566549	Corynebacterium_matruchotii_ATCC_33806	GCF_000158635.1
43768	Corynebacterium_matruchotii_NCTC10254	GCF_900447555.1
1686286	Corynebacterium_phoceense_DSM_100570	GCF_900092335.1
1121367	Corynebacterium_propinquum_DSM_44285	GCF_000375525.1
1737425	Corynebacterium_provencense_DSM_101074	GCF_900049755.1
1121368	Corynebacterium_pseudodiphtheriticum_DSM_44287	GCF_000688415.1
37637	Corynebacterium_pseudodiphtheriticum_ERR2221235	
525264	Corynebacterium_pseudogenitalium_ATCC_33035	GCF_000156615.2
1078764	Corynebacterium_sp_HFH0082	GCF_000411235.1
525268	Corynebacterium_striatum_ATCC_6940	GCF_000159135.1
553206	Corynebacterium_tuberculostearicum_SK141	GCF_000175635.1
1401064	Corynebacterium_tuscaniense_DNF00037	GCA_000759055.1
945711	Corynebacterium_ulcerans_809	GCF_000215645.1
945712	Corynebacterium_ulcerans_BR_AD22	GCF_000215665.1
401472	Corynebacterium_ureicelerivorans_DSM_45051	GCF_000747315.1
858619	Corynebacterium_variabile_DSM_44702	GCF_000179395.2
1727	Corynebacterium_variabile_Mu292	GCF_900015285.1
1159489	Cronobacter_sakazakii_2151	GCF_000409265.1
1208592	Cronobacter_sakazakii_680	GCF_000319615.1
1208664	Cronobacter_sakazakii_696	GCF_001309315.1
1208663	Cronobacter_sakazakii_701	GCF_001309435.1
290339	Cronobacter_sakazakii_ATCC_BAA_894	GCF_000017665.1
1159490	Cronobacter_sakazakii_E764	GCF_000409245.1
1138308	Cronobacter_sakazakii_ES15	GCF_000263215.1
1159614	Cronobacter_sakazakii_ES35	GCF_000409405.1
1045857	Cronobacter_sakazakii_ES713	GCF_000409385.1
956149	Cronobacter_sakazakii_SP291	GCF_000339015.1
1169145	Cryocola_sp_340MFSha3_1	GCF_000383315.1
469378	Cryptobacterium_curtum_DSM_15641	GCF_000023845.1
1841857	Culturomica_massiliensis_DSM_103121	GCF_900091655.1
1796618	Cuneatibacter_caecimuris_DSM_29486	GCF_004216775.1
266264	Cupriavidus_metallidurans_CH34	GCF_000196015.1
2035	Curtobacterium_flaccumfaciens_MEB126	GCF_000834535.1
1292022	Curtobacterium_flaccumfaciens_UCD_AKU	GCF_000349565.1
1336244	Curvibacter_gracilis_ATCC_BAA_807	GCF_000518645.1
909952	Cutibacterium_acnes_266	GCF_000213155.1
1031709	Cutibacterium_acnes_6609	GCF_000217615.1
1091045	Cutibacterium_acnes_ATCC_11828	GCF_000231215.1
1234380	Cutibacterium_acnes_C1	GCF_000302515.1
1747	Cutibacterium_acnes_ERR2221336	
1747	Cutibacterium_acnes_ERR2221340	
1747	Cutibacterium_acnes_ERR2221379	
1276649	Cutibacterium_acnes_FZ1_2_0	GCF_000342585.1
765105	Cutibacterium_acnes_HL001PA1	GCF_000144005.1
765115	Cutibacterium_acnes_HL002PA1	GCF_000144025.1
765116	Cutibacterium_acnes_HL002PA2	GCF_000144125.1
765117	Cutibacterium_acnes_HL002PA3	GCF_000144775.1
765096	Cutibacterium_acnes_HL005PA1	GCF_000144305.1
765097	Cutibacterium_acnes_HL005PA2	GCF_000144385.1
765099	Cutibacterium_acnes_HL005PA4	GCF_000144065.1
765118	Cutibacterium_acnes_HL007PA1	GCF_000145175.1
765069	Cutibacterium_acnes_HL013PA1	GCF_000145575.1
765070	Cutibacterium_acnes_HL013PA2	GCF_000144525.1
765065	Cutibacterium_acnes_HL020PA1	GCF_000144505.1
765089	Cutibacterium_acnes_HL025PA1	GCF_000144795.1
765111	Cutibacterium_acnes_HL027PA1	GCF_000145455.1
765112	Cutibacterium_acnes_HL027PA2	GCF_000144715.1
765103	Cutibacterium_acnes_HL030PA1	GCF_000145115.1
765106	Cutibacterium_acnes_HL036PA1	GCF_000144565.1
765107	Cutibacterium_acnes_HL036PA2	GCF_000144585.1
765122	Cutibacterium_acnes_HL037PA1	GCF_000145555.1
765123	Cutibacterium_acnes_HL037PA2	GCF_000145075.1
765085	Cutibacterium_acnes_HL038PA1	GCF_000144445.1
765072	Cutibacterium_acnes_HL043PA1	GCF_000145195.1
765073	Cutibacterium_acnes_HL043PA2	GCF_000144755.1
765109	Cutibacterium_acnes_HL044PA1	GCF_000144085.1
765068	Cutibacterium_acnes_HL045PA1	GCF_000144365.1
765094	Cutibacterium_acnes_HL046PA1	GCF_000144285.1
765095	Cutibacterium_acnes_HL046PA2	GCF_000144875.1
765100	Cutibacterium_acnes_HL050PA1	GCF_000144265.1
765101	Cutibacterium_acnes_HL050PA2	GCF_000144465.1
765102	Cutibacterium_acnes_HL050PA3	GCF_000144325.1
765066	Cutibacterium_acnes_HL053PA1	GCF_000144185.1
765067	Cutibacterium_acnes_HL053PA2	GCF_000144165.1
765119	Cutibacterium_acnes_HL056PA1	GCF_000145095.1
765091	Cutibacterium_acnes_HL059PA1	GCF_000144855.1
765092	Cutibacterium_acnes_HL059PA2	GCF_000145475.1
765084	Cutibacterium_acnes_HL060PA1	GCF_000145355.1
765113	Cutibacterium_acnes_HL063PA1	GCF_000144545.1
765114	Cutibacterium_acnes_HL063PA2	GCF_000144735.1
765110	Cutibacterium_acnes_HL067PA1	GCF_000144045.1
765074	Cutibacterium_acnes_HL072PA1	GCF_000144245.1
765075	Cutibacterium_acnes_HL072PA2	GCF_000145335.1
765076	Cutibacterium_acnes_HL074PA1	GCF_000144835.1
765071	Cutibacterium_acnes_HL078PA1	GCF_000145535.1
765120	Cutibacterium_acnes_HL082PA1	GCF_000145375.1
765121	Cutibacterium_acnes_HL082PA2	GCF_000144105.1
765087	Cutibacterium_acnes_HL083PA1	GCF_000144225.1
765088	Cutibacterium_acnes_HL083PA2	GCF_000145155.1
765093	Cutibacterium_acnes_HL086PA1	GCF_000144425.1
765082	Cutibacterium_acnes_HL087PA2	GCF_000147145.1
765083	Cutibacterium_acnes_HL087PA3	GCF_000144485.1
765086	Cutibacterium_acnes_HL092PA1	GCF_000145435.1
1134454	Cutibacterium_acnes_HL096PA1	GCF_000376705.1
765058	Cutibacterium_acnes_HL096PA2	GCF_000194845.1
765057	Cutibacterium_acnes_HL096PA3	GCF_000194825.1
765064	Cutibacterium_acnes_HL097PA1	GCF_000194905.1
765063	Cutibacterium_acnes_HL099PA1	GCF_000203995.1
765061	Cutibacterium_acnes_HL103PA1	GCF_000194865.1
765077	Cutibacterium_acnes_HL110PA1	GCF_000144205.1
765078	Cutibacterium_acnes_HL110PA2	GCF_000144815.1
765079	Cutibacterium_acnes_HL110PA3	GCF_000145055.1
765080	Cutibacterium_acnes_HL110PA4	GCF_000144895.1
679194	Cutibacterium_acnes_J139	GCF_000177395.1
679195	Cutibacterium_acnes_J165	GCF_000178055.1
1747	Cutibacterium_acnes_PA_12_1_L1	GCF_001469655.1
1747	Cutibacterium_acnes_PA_12_1_R1	GCF_001469635.1
1747	Cutibacterium_acnes_PA_15_2_L1	GCF_001469615.1
1747	Cutibacterium_acnes_PA_21_1_L1	GCF_001469595.1
1747	Cutibacterium_acnes_PA_30_2_L1	GCF_001469555.1
1136877	Cutibacterium_acnes_PRP_38	GCF_000252385.1
553199	Cutibacterium_acnes_SK137	GCF_000025765.1
679193	Cutibacterium_acnes_SK182	GCF_000221125.1
686659	Cutibacterium_acnes_SK187	GCF_000178075.1
1114967	Cutibacterium_acnes_TypeIA2_P_acn17	GCF_000240035.1
1114969	Cutibacterium_acnes_TypeIA2_P_acn31	GCF_000240055.1
1114966	Cutibacterium_acnes_TypeIA2_P_acn33	GCF_000240015.1
1292373	Cutibacterium_granulosum_TM11	GCF_000464495.1
1506471	Dakarella_massiliensis_ND3	GCF_001182045.1
640081	Dechlorosoma_suillum_PS	GCF_000236665.1
51515	Dehalobacterium_formicoaceticum_DMC	GCF_002224645.1
883100	Delftia_acidovorans_CCUG_15835	GCF_000411215.1
883101	Delftia_acidovorans_CCUG_274B	GCF_000411195.1
398578	Delftia_acidovorans_SPH_1	GCF_000018665.1
1203568	Dermabacter_sp_HFH0086	GCF_000413375.1
1274	Dermacoccus_nishinomiyaensis_DSM_20448	GCF_007679115.1
188626	Dermacoccus_sp_Ellin185	GCF_000152185.1
997346	Desmospora_sp_8437	GCF_000213595.1
272564	Desulfitobacterium_hafniense_DCB_2	GCF_000021925.1
537010	Desulfitobacterium_hafniense_DP7	GCF_000238035.1
1090321	Desulfitobacterium_hafniense_PCP_1	GCF_000379505.1
138119	Desulfitobacterium_hafniense_Y51	GCF_000010045.1
888061	Desulfomicrobium_orale_DSM_12838	GCF_001553625.1
1121444	Desulfovibrio_desulfuricans_subsp_aestuarii_DSM_17919_ATCC_29578	GCF_000384815.1
1121445	Desulfovibrio_desulfuricans_subsp_desulfuricans_DSM_642	GCF_000420465.1
525146	Desulfovibrio_desulfuricans_subsp_desulfuricans_str_ATCC_27774	GCF_000022125.1
207559	Desulfovibrio_desulfuricans_subsp_desulfuricans_str_G20	GCF_000012665.1
571438	Desulfovibrio_legallii_KHC7	GCF_900102485.1
411464	Desulfovibrio_piger_ATCC_29098	GCF_000156375.1
457398	Desulfovibrio_sp_3_1_syn3	GCF_000145315.2
665942	Desulfovibrio_sp_6_1_46AFAA	GCF_000224635.1
592028	Dialister_invisus_DSM_15470	GCF_000160055.1
888062	Dialister_micraerophilus_DSM_19965	GCF_000194985.1
910314	Dialister_microaerophilus_UPII_345_E	GCF_000183445.1
39950	Dialister_pneumosintes_F0677	GCF_001717505.1
742743	Dialister_succinatiphilus_YIT_11850	GCF_000242435.1
1034346	Dielma_fastidiosa_JC13	GCF_000313565.1
1223524	Dietzia_cinnamea_NBRC_102147	GCF_001571065.1
910954	Dietzia_cinnamea_P4	GCF_000186325.1
883103	Dolosigranulum_pigrum_ATCC_51524	GCF_000245815.1
29394	Dolosigranulum_pigrum_KPL1931_CDC4294_98	GCF_003264085.1
742765	Dorea_formicigenerans_4_6_53AFAA	GCF_000225745.1
411461	Dorea_formicigenerans_ATCC_27755	GCF_000169235.1
39486	Dorea_formicigenerans_ERR1022384	
39486	Dorea_formicigenerans_ERR1203975	
39486	Dorea_formicigenerans_ERR1204069	
39486	Dorea_formicigenerans_ERR2221255	
39486	Dorea_formicigenerans_ERR2221257	
39486	Dorea_formicigenerans_ERR2221275	
39486	Dorea_formicigenerans_ERR2230157	
411462	Dorea_longicatena_DSM_13814	GCF_000154065.1
88431	Dorea_longicatena_ERR1022309	
88431	Dorea_longicatena_ERR1022324	
88431	Dorea_longicatena_ERR1022383	
88431	Dorea_longicatena_ERR1022428	
88431	Dorea_longicatena_ERR1022475	
88431	Dorea_longicatena_ERR1203969	
88431	Dorea_longicatena_ERR1204063	
88431	Dorea_longicatena_ERR2221186	
88431	Dorea_longicatena_ERR2221271	
88431	Dorea_longicatena_ERR2230069	
189330	Dorea_nov_ERR2230118	
658665	Dorea_sp_D27	GCF_001185345.1
1121482	Dyadobacter_beijingensis_DSM_21582	GCF_000382205.1
471854	Dyadobacter_fermentans_DSM_18053	GCF_000023125.1
742766	Dysgonomonas_gadei_ATCC_BAA_286	GCF_000213555.1
742767	Dysgonomonas_mossii_DSM_22836	GCF_000376405.1
667120	Edwardsiella_tarda_080813	GCF_000264765.2
500638	Edwardsiella_tarda_ATCC_23685	GCF_000163955.1
1288122	Edwardsiella_tarda_C07_087	GCF_000348565.1
1027364	Edwardsiella_tarda_DT	GCF_000264825.1
498217	Edwardsiella_tarda_EIB202	GCF_000020865.1
718251	Edwardsiella_tarda_FL6_60	GCF_000146305.1
636	Edwardsiella_tarda_FL95_01	GCF_001011055.1
667121	Edwardsiella_tarda_NBRC_105688	GCF_000341505.1
742768	Eggerthella_lenta_1160AFAA	GCF_000763035.1
84112	Eggerthella_lenta_11C	GCF_003340245.1
84112	Eggerthella_lenta_1356FAA	GCF_000185625.1
84112	Eggerthella_lenta_14A	GCF_003340255.1
84112	Eggerthella_lenta_16A	GCF_003340225.1
84112	Eggerthella_lenta_19C	GCF_003340235.1
84112	Eggerthella_lenta_22C	GCF_003340195.1
84112	Eggerthella_lenta_28B	GCF_003340165.1
84112	Eggerthella_lenta_326I6NA	GCF_003340465.1
84112	Eggerthella_lenta_A2	GCF_003340125.1
84112	Eggerthella_lenta_AB12n2	GCF_003340445.1
84112	Eggerthella_lenta_AB8n2	GCF_003340145.1
84112	Eggerthella_lenta_AN51LG	GCF_003340155.1
84112	Eggerthella_lenta_C592	GCF_002148255.1
84112	Eggerthella_lenta_CC75D52	GCF_003340405.1
84112	Eggerthella_lenta_CC82BHI2	GCF_003340075.1
84112	Eggerthella_lenta_CC86D54	GCF_003340065.1
84112	Eggerthella_lenta_DSM_11767	GCF_003340045.1
84112	Eggerthella_lenta_DSM_11863	GCF_003340015.1
84112	Eggerthella_lenta_DSM_15644	GCF_003340005.1
479437	Eggerthella_lenta_DSM_2243	GCF_000024265.1
84112	Eggerthella_lenta_HGA1	GCF_000191845.1
1357395	Eggerthella_lenta_MR1n12	GCF_003339935.1
84112	Eggerthella_lenta_RC46F	GCF_003339915.1
84112	Eggerthella_lenta_Valencia	GCF_003339885.1
84112	Eggerthella_lenta_W1BHI6	GCF_003339875.1
242230	Eggerthella_sinensis_DSM_16107	GCF_003339815.1
665943	Eggerthella_sp_1_3_56FAA	GCF_000185625.1
502558	Eggerthella_sp_YY7918	GCF_000270285.1
1720315	Eggerthellaceae_bacterium_AT8	GCF_001486445.1
999415	Eggerthia_catenaformis_OT_569	GCF_000422605.1
546274	Eikenella_corrodens_ATCC_23834	GCF_000158615.1
1432051	Eisenbergiella_nov_ERR2221109	
1432051	Eisenbergiella_nov_ERR2221178	
1432052	Eisenbergiella_tayi_ERR1022439	
1432052	Eisenbergiella_tayi_NML110678	GCF_001722575.1
445932	Elusimicrobium_minutum_Pei191	GCF_000020145.1
1776384	Emergencia_timonensis_DSM_101844	GCF_900086585.1
225324	Enhydrobacter_aerosaccus_ATCC_27094	GCF_900167455.1
1472761	Enorma_massiliensis_ERR1022365	
1118060	Enorma_massiliensis_phI	GCF_000311845.1
1232436	Enorma_timonensis_GD5	GCF_000321165.1
935296	Enterobacter_aerogenes_EA1509E	GCF_000334515.1
548	Enterobacter_aerogenes_ERR2221162	
685445	Enterobacter_aerogenes_FGI35	GCF_000383335.1
1028307	Enterobacter_aerogenes_KCTC_2190	GCF_000215745.1
1421338	Enterobacter_asburiae_L1	GCF_000632395.1
640513	Enterobacter_asburiae_LF7a	GCF_000224675.1
500639	Enterobacter_cancerogenus_ATCC_35316	GCF_000155995.1
1045856	Enterobacter_cloacae_EcWSU1	GCF_000239975.1
550	Enterobacter_cloacae_ERR2221114	
550	Enterobacter_cloacae_ERR2221117	
550	Enterobacter_cloacae_ERR2221156	
550	Enterobacter_cloacae_ERR2221157	
550	Enterobacter_cloacae_ERR2221194	
550	Enterobacter_cloacae_GGT036	GCF_000770155.1
1203195	Enterobacter_cloacae_subsp_cloacae_08XA1	GCF_000315775.1
716541	Enterobacter_cloacae_subsp_cloacae_ATCC_13047	GCF_000025565.1
1211025	Enterobacter_cloacae_subsp_cloacae_ENHKU01	GCF_000286275.1
1177927	Enterobacter_cloacae_subsp_cloacae_GS1	GCF_000264705.1
1104326	Enterobacter_cloacae_subsp_dissolvens_SDM	GCF_000235765.1
888063	Enterobacter_hormaechei_ATCC_49162	GCF_001875655.1
158836	Enterobacter_hormaechei_FDAARGOS_68	GCF_000783855.2
1259823	Enterobacter_hormaechei_YT2	GCF_000328905.1
1260282	Enterobacter_hormaechei_YT3	GCF_000328885.1
1334193	Enterobacter_lignolyticus_G5	GCF_001461805.1
701347	Enterobacter_lignolyticus_SCF1	GCF_000164865.1
299767	Enterobacter_ludwigii_UW5	GCF_001029645.1
539813	Enterobacter_mori_800721_17	GCF_002224165.1
980518	Enterobacter_mori_LMG_25706	GCF_000211415.1
547	Enterobacter_nov_ERR2221249	
547	Enterobacter_nov_ERR2221289	
547	Enterobacter_nov_ERR2221350	
547	Enterobacter_nov_ERR2221354	
1812935	Enterobacter_roggenkampii_35734	GCF_000807415.2
1329817	Enterobacter_sp_MGH_8	GCF_000474805.1
1755099	Enterobacter_timonensis_DSM_101775	GCF_900021175.1
469613	Enterobacteriaceae_bacterium_9_2_54FAA	GCF_000185685.2
1158606	Enterococcus_asini_ATCC_700915	GCF_000407365.1
1140002	Enterococcus_avium_ATCC_14025	GCF_000406965.1
1158612	Enterococcus_caccae_ATCC_BAA_1240	GCF_000407145.1
888066	Enterococcus_casseliflavus_ATCC_12755	GCF_000191365.1
565654	Enterococcus_casseliflavus_EC10	GCF_000157295.1
565655	Enterococcus_casseliflavus_EC20	GCF_000157355.2
565652	Enterococcus_casseliflavus_EC30	GCF_000157215.1
1121864	Enterococcus_cecorum_DSM_20682	GCF_001885885.1
1139219	Enterococcus_dispar_ATCC_51266	GCF_000407585.1
1140001	Enterococcus_durans_ATCC_6056	GCF_000406985.1
53345	Enterococcus_durans_ERR2230121	
883162	Enterococcus_durans_FB129_CNAB_4	GCF_000315405.1
1288492	Enterococcus_durans_IPLA_655	GCF_000350465.1
1169282	Enterococcus_faecalis_12030	GCF_000392795.1
1158664	Enterococcus_faecalis_12107	GCF_000395035.1
1151193	Enterococcus_faecalis_1448E03	GCF_000390645.1
1151194	Enterococcus_faecalis_182970	GCF_000390665.1
1151195	Enterococcus_faecalis_19116	GCF_000390685.1
1151196	Enterococcus_faecalis_2630V05	GCF_000390705.1
1151197	Enterococcus_faecalis_2924	GCF_000390725.1
1158670	Enterococcus_faecalis_5952	GCF_000395405.1
1134784	Enterococcus_faecalis_599	GCF_000293985.2
1169281	Enterococcus_faecalis_599951	GCF_000392775.1
936153	Enterococcus_faecalis_62	GCF_000211255.2
1151198	Enterococcus_faecalis_7330082_2	GCF_000390745.1
1151199	Enterococcus_faecalis_7330112_3	GCF_000390765.1
1151200	Enterococcus_faecalis_7330245_2	GCF_000390785.1
1151201	Enterococcus_faecalis_7330257_1	GCF_000390805.1
1151202	Enterococcus_faecalis_7330259_5	GCF_000390825.1
1151204	Enterococcus_faecalis_7330948_5	GCF_000390845.1
1151205	Enterococcus_faecalis_7430275_3	GCF_000390865.1
1151206	Enterococcus_faecalis_7430315_3	GCF_000390885.1
1151207	Enterococcus_faecalis_7430416_3	GCF_000390905.1
1151208	Enterococcus_faecalis_7430821_4	GCF_000390925.1
1169283	Enterococcus_faecalis_79_3	GCF_000392815.1
1169245	Enterococcus_faecalis_A_2_1	GCF_000393615.1
1169246	Enterococcus_faecalis_A_3_1	GCF_000393495.1
565651	Enterococcus_faecalis_AR01_DG	GCF_000157275.1
1169312	Enterococcus_faecalis_ATCC_10100	GCF_000393395.1
1169286	Enterococcus_faecalis_ATCC_19433	GCF_000392875.1
1158675	Enterococcus_faecalis_ATCC_27275	GCF_000395245.1
1158676	Enterococcus_faecalis_ATCC_27959	GCF_000395265.1
525271	Enterococcus_faecalis_ATCC_29200	GCF_000395015.1
1201292	Enterococcus_faecalis_ATCC_29212	GCF_900117365.1
1169290	Enterococcus_faecalis_ATCC_35038	GCF_000392955.1
565642	Enterococcus_faecalis_ATCC_4200	GCF_000157195.1
1169311	Enterococcus_faecalis_ATCC_6055	GCF_000393375.1
1169302	Enterococcus_faecalis_B_4_111	GCF_000393195.1
1157378	Enterococcus_faecalis_B1005	GCF_000395985.1
1157379	Enterococcus_faecalis_B1138	GCF_000396005.1
1157380	Enterococcus_faecalis_B1249	GCF_000396025.1
1151209	Enterococcus_faecalis_B1290	GCF_000390945.1
1151210	Enterococcus_faecalis_B1327	GCF_000390965.1
1151211	Enterococcus_faecalis_B1376	GCF_000390985.1
1151212	Enterococcus_faecalis_B1385	GCF_000391005.1
1157342	Enterococcus_faecalis_B1441	GCF_000391025.1
1157343	Enterococcus_faecalis_B1505	GCF_000391045.1
1157344	Enterococcus_faecalis_B1532	GCF_000391065.1
1151186	Enterococcus_faecalis_B15725	GCF_000390505.1
1157345	Enterococcus_faecalis_B1586	GCF_000391085.1
1157346	Enterococcus_faecalis_B1618	GCF_000391105.1
1157347	Enterococcus_faecalis_B1623	GCF_000391125.1
1151187	Enterococcus_faecalis_B16457	GCF_000390525.1
1157348	Enterococcus_faecalis_B1678	GCF_000391145.1
1157349	Enterococcus_faecalis_B1696	GCF_000391165.1
1157350	Enterococcus_faecalis_B1719	GCF_000391185.1
1157351	Enterococcus_faecalis_B1734	GCF_000391205.1
1157352	Enterococcus_faecalis_B1843	GCF_000391225.1
1157381	Enterococcus_faecalis_B1851	GCF_000396045.1
1157353	Enterococcus_faecalis_B1874	GCF_000391245.1
1157382	Enterococcus_faecalis_B1921	GCF_000396065.1
1157383	Enterococcus_faecalis_B1933	GCF_000396085.1
1157384	Enterococcus_faecalis_B2202	GCF_000396105.1
1157354	Enterococcus_faecalis_B2207	GCF_000391265.1
1157385	Enterococcus_faecalis_B2211	GCF_000396125.1
1157355	Enterococcus_faecalis_B2255	GCF_000391285.1
1157386	Enterococcus_faecalis_B2277	GCF_000396145.1
1157356	Enterococcus_faecalis_B2391	GCF_000391305.1
1157357	Enterococcus_faecalis_B2488	GCF_000391325.1
1157358	Enterococcus_faecalis_B2535	GCF_000391345.1
1157359	Enterococcus_faecalis_B2557	GCF_000391365.1
1157360	Enterococcus_faecalis_B2593	GCF_000391385.1
1157387	Enterococcus_faecalis_B2670	GCF_000396165.1
1157388	Enterococcus_faecalis_B2685	GCF_000396185.1
1157389	Enterococcus_faecalis_B2687	GCF_000396205.1
1157390	Enterococcus_faecalis_B2802	GCF_000396225.1
1157392	Enterococcus_faecalis_B2864	GCF_000396265.1
1157393	Enterococcus_faecalis_B2867	GCF_000396285.1
1157394	Enterococcus_faecalis_B2949	GCF_000396305.1
1157361	Enterococcus_faecalis_B3031	GCF_000391405.1
1157362	Enterococcus_faecalis_B3042	GCF_000391425.1
1157363	Enterococcus_faecalis_B3053	GCF_000391445.1
1157395	Enterococcus_faecalis_B3119	GCF_000396325.1
1157364	Enterococcus_faecalis_B3126	GCF_000391465.1
1157396	Enterococcus_faecalis_B3196	GCF_000396345.1
1157397	Enterococcus_faecalis_B3286	GCF_000396365.1
1157398	Enterococcus_faecalis_B3336	GCF_000396385.1
1157399	Enterococcus_faecalis_B4008	GCF_000396405.1
1157400	Enterococcus_faecalis_B4018	GCF_000396425.1
1157401	Enterococcus_faecalis_B4148	GCF_000396445.1
1157402	Enterococcus_faecalis_B4163	GCF_000396465.1
1157403	Enterococcus_faecalis_B4259	GCF_000396485.1
1157404	Enterococcus_faecalis_B4267	GCF_000396505.1
1157405	Enterococcus_faecalis_B4270	GCF_000396525.1
1157406	Enterococcus_faecalis_B4411	GCF_000396545.1
1157407	Enterococcus_faecalis_B4568	GCF_000396565.1
1157408	Enterococcus_faecalis_B4638	GCF_000396585.1
1157409	Enterococcus_faecalis_B4672	GCF_000396605.1
1157410	Enterococcus_faecalis_B4674	GCF_000396625.1
1157411	Enterococcus_faecalis_B4969	GCF_000396645.1
1158632	Enterococcus_faecalis_B5035	GCF_000394355.1
1157412	Enterococcus_faecalis_B5076	GCF_000396665.1
1151188	Enterococcus_faecalis_B56765	GCF_000390545.1
1157365	Enterococcus_faecalis_B594	GCF_000391485.2
1169309	Enterococcus_faecalis_B653	GCF_000393335.1
1151189	Enterococcus_faecalis_B69486	GCF_000390565.1
1151190	Enterococcus_faecalis_B84847	GCF_000390585.1
1157366	Enterococcus_faecalis_B878	GCF_000391505.1
1157367	Enterococcus_faecalis_B939	GCF_000391525.1
1151191	Enterococcus_faecalis_C19315WT	GCF_000390605.1
1158660	Enterococcus_faecalis_CH116	GCF_000394935.1
1158661	Enterococcus_faecalis_CH136	GCF_000394955.1
565644	Enterococcus_faecalis_CH188	GCF_000157495.1
1158627	Enterococcus_faecalis_CH19	GCF_000394255.1
1158656	Enterococcus_faecalis_CH570	GCF_000394855.1
1158633	Enterococcus_faecalis_Com_2	GCF_000394375.1
1158634	Enterococcus_faecalis_Com_6	GCF_000394395.1
1158671	Enterococcus_faecalis_Com1	GCF_000395175.1
1169306	Enterococcus_faecalis_Com7	GCF_000393275.1
1169247	Enterococcus_faecalis_D1	GCF_000393575.1
1169310	Enterococcus_faecalis_D173	GCF_000393355.1
1169288	Enterococcus_faecalis_D3	GCF_000392915.1
1206105	Enterococcus_faecalis_D32	GCF_000281195.1
565650	Enterococcus_faecalis_D6	GCF_000157455.1
749489	Enterococcus_faecalis_DAPTO_512	GCF_000148005.1
749490	Enterococcus_faecalis_DAPTO_516	GCF_000147985.1
1158677	Enterococcus_faecalis_DS16	GCF_000395285.1
565643	Enterococcus_faecalis_DS5	GCF_000157235.1
1158673	Enterococcus_faecalis_E1	GCF_000395205.1
565647	Enterococcus_faecalis_E1Sol	GCF_000157395.1
1169284	Enterococcus_faecalis_E99	GCF_000392835.1
1158540	Enterococcus_faecalis_EnGen0253	GCF_000396865.1
1351	Enterococcus_faecalis_ERR1203921	
1351	Enterococcus_faecalis_ERR1203927	
1351	Enterococcus_faecalis_ERR1203928	
1351	Enterococcus_faecalis_ERR1203931	
1351	Enterococcus_faecalis_ERR1204022	
1351	Enterococcus_faecalis_ERR1204025	
1351	Enterococcus_faecalis_ERR2221203	
1351	Enterococcus_faecalis_ERR2221223	
1351	Enterococcus_faecalis_ERR2221228	
1351	Enterococcus_faecalis_ERR2221234	
1351	Enterococcus_faecalis_ERR2221236	
1351	Enterococcus_faecalis_ERR2221251	
1351	Enterococcus_faecalis_ERR2221313	
1351	Enterococcus_faecalis_ERR2221314	
1351	Enterococcus_faecalis_ERR2221315	
1351	Enterococcus_faecalis_ERR2221341	
1351	Enterococcus_faecalis_ERR2221346	
1351	Enterococcus_faecalis_ERR2230084	
1351	Enterococcus_faecalis_ERR2230105	
1351	Enterococcus_faecalis_ERR2230117	
1351	Enterococcus_faecalis_ERR2230123	
1351	Enterococcus_faecalis_ERR2230129	
1134785	Enterococcus_faecalis_ERV103	GCF_000294005.2
1134786	Enterococcus_faecalis_ERV116	GCF_000294025.2
1134787	Enterococcus_faecalis_ERV129	GCF_000294045.1
1134788	Enterococcus_faecalis_ERV25	GCF_000294065.2
1134789	Enterococcus_faecalis_ERV31	GCF_000294085.2
1134790	Enterococcus_faecalis_ERV37	GCF_000294105.2
1134791	Enterococcus_faecalis_ERV41	GCF_000294125.1
1134792	Enterococcus_faecalis_ERV62	GCF_000294145.2
1134793	Enterococcus_faecalis_ERV63	GCF_000294165.2
1134794	Enterococcus_faecalis_ERV65	GCF_000294185.2
1134795	Enterococcus_faecalis_ERV68	GCF_000294205.2
1134796	Enterococcus_faecalis_ERV72	GCF_000294225.2
1134798	Enterococcus_faecalis_ERV81	GCF_000294265.2
1134799	Enterococcus_faecalis_ERV85	GCF_000294285.2
1134800	Enterococcus_faecalis_ERV93	GCF_000294305.2
1169297	Enterococcus_faecalis_F1	GCF_000393095.1
1158622	Enterococcus_faecalis_FA2_2	GCF_000394155.1
1169303	Enterococcus_faecalis_Fly_2	GCF_000393215.1
565649	Enterococcus_faecalis_Fly1	GCF_000157415.1
1157368	Enterococcus_faecalis_HEF39	GCF_000391545.1
491075	Enterococcus_faecalis_HH22	GCF_000160155.1
565646	Enterococcus_faecalis_HIP11704	GCF_000157335.1
565648	Enterococcus_faecalis_JH1	GCF_000157375.1
1351	Enterococcus_faecalis_KB1	GCF_001689055.2
1111677	Enterococcus_faecalis_M7	GCF_000320325.1
1169304	Enterococcus_faecalis_Merz151	GCF_000393235.1
1169248	Enterococcus_faecalis_Merz192	GCF_000393535.1
1169249	Enterococcus_faecalis_Merz204	GCF_000393555.1
1169250	Enterococcus_faecalis_Merz89	GCF_000393515.1
565645	Enterococcus_faecalis_Merz96	GCF_000157315.1
1158653	Enterococcus_faecalis_MMH594	GCF_000394795.1
1158657	Enterococcus_faecalis_Ned10	GCF_000394875.1
474186	Enterococcus_faecalis_OG1RF_ATCC_47077	GCF_000172575.2
1027372	Enterococcus_faecalis_OG1X	GCF_000320305.1
1158666	Enterococcus_faecalis_Pan7	GCF_000395075.1
791166	Enterococcus_faecalis_PC1_1	GCF_000178175.1
1134801	Enterococcus_faecalis_R508	GCF_000294325.2
699186	Enterococcus_faecalis_R712	GCF_000163815.1
1158678	Enterococcus_faecalis_RC73	GCF_000395305.1
1158674	Enterococcus_faecalis_RM3817	GCF_000395385.1
1158625	Enterococcus_faecalis_RM4679	GCF_000394215.1
1169299	Enterococcus_faecalis_RMC1	GCF_000393135.1
1169289	Enterococcus_faecalis_RMC5	GCF_000392935.1
1169308	Enterococcus_faecalis_RMC65	GCF_000393315.1
699185	Enterococcus_faecalis_S613	GCF_000163795.1
1158654	Enterococcus_faecalis_SF100	GCF_000394815.1
1158658	Enterococcus_faecalis_SF105	GCF_000394895.1
1158630	Enterococcus_faecalis_SF1592	GCF_000394315.1
1158629	Enterococcus_faecalis_SF19	GCF_000394295.1
1169313	Enterococcus_faecalis_SF21520	GCF_000393455.1
1158668	Enterococcus_faecalis_SF21521	GCF_000395115.1
1158665	Enterococcus_faecalis_SF24396	GCF_000395055.1
1158618	Enterococcus_faecalis_SF24397	GCF_000394075.1
1158619	Enterococcus_faecalis_SF24413	GCF_000394095.1
1158620	Enterococcus_faecalis_SF26630	GCF_000394115.1
1158624	Enterococcus_faecalis_SF28073	GCF_000394195.1
1169305	Enterococcus_faecalis_SF339	GCF_000393255.1
1169251	Enterococcus_faecalis_SF350	GCF_000392675.1
1158655	Enterococcus_faecalis_SF370	GCF_000394835.1
1169252	Enterococcus_faecalis_SF5039	GCF_000395365.1
1169280	Enterococcus_faecalis_SF6375	GCF_000392755.1
1158621	Enterococcus_faecalis_SS_6	GCF_000394135.1
1169298	Enterococcus_faecalis_SS_7	GCF_000393115.1
1351	Enterococcus_faecalis_str_C_19315_led_1b_pp_SCV	GCF_000390625.1
1261557	Enterococcus_faecalis_str_Symbioflor_1	GCF_000317915.1
565636	Enterococcus_faecalis_T1	GCF_000157135.1
1169295	Enterococcus_faecalis_T10	GCF_000393055.1
565640	Enterococcus_faecalis_T11	GCF_000157475.1
1169287	Enterococcus_faecalis_T12	GCF_000392895.1
1158663	Enterococcus_faecalis_T13	GCF_000394995.1
1158626	Enterococcus_faecalis_T14	GCF_000394235.1
1158662	Enterococcus_faecalis_T16	GCF_000394975.1
1169292	Enterococcus_faecalis_T17	GCF_000392995.1
1169296	Enterococcus_faecalis_T18	GCF_000393075.1
1169300	Enterococcus_faecalis_T19	GCF_000393155.1
565637	Enterococcus_faecalis_T2	GCF_000157155.1
1169285	Enterococcus_faecalis_T20	GCF_000392855.1
1158669	Enterococcus_faecalis_T21	GCF_000395135.1
565638	Enterococcus_faecalis_T3	GCF_000157175.1
1169253	Enterococcus_faecalis_T4	GCF_000393595.1
1169293	Enterococcus_faecalis_T5	GCF_000393015.1
1169291	Enterococcus_faecalis_T6	GCF_000392975.1
1169254	Enterococcus_faecalis_T7	GCF_000393635.1
565639	Enterococcus_faecalis_T8	GCF_000161875.1
1169294	Enterococcus_faecalis_T9	GCF_000393035.1
1169314	Enterococcus_faecalis_TR161	GCF_000393475.1
1169307	Enterococcus_faecalis_TR197	GCF_000393295.1
553209	Enterococcus_faecalis_TUSoD_Ef11	GCF_000175015.1
749496	Enterococcus_faecalis_TX0012	GCF_000148245.1
749497	Enterococcus_faecalis_TX0017	GCF_000147905.1
749498	Enterococcus_faecalis_TX0027	GCF_000147535.1
749499	Enterococcus_faecalis_TX0031	GCF_000147275.1
749500	Enterococcus_faecalis_TX0043	GCF_000147515.1
749501	Enterococcus_faecalis_TX0102	GCF_000147215.1
491074	Enterococcus_faecalis_TX0104	GCF_000159255.1
749502	Enterococcus_faecalis_TX0109	GCF_000148105.1
749503	Enterococcus_faecalis_TX0309A	GCF_000147555.1
749504	Enterococcus_faecalis_TX0309B	GCF_000147575.1
749505	Enterococcus_faecalis_TX0312	GCF_000148305.1
749506	Enterococcus_faecalis_TX0411	GCF_000148185.1
749507	Enterococcus_faecalis_TX0470	GCF_000148265.1
749508	Enterococcus_faecalis_TX0630	GCF_000147255.1
749509	Enterococcus_faecalis_TX0635_WH245	GCF_000148125.1
749510	Enterococcus_faecalis_TX0645	GCF_000148205.1
749511	Enterococcus_faecalis_TX0855	GCF_000148045.1
749512	Enterococcus_faecalis_TX0860	GCF_000148085.1
749513	Enterococcus_faecalis_TX1302	GCF_000147495.1
525278	Enterococcus_faecalis_TX1322	GCF_000159275.1
1134802	Enterococcus_faecalis_TX1337RF	GCF_000294345.2
749514	Enterococcus_faecalis_TX1341	GCF_000148225.1
749515	Enterococcus_faecalis_TX1342	GCF_000147475.1
749516	Enterococcus_faecalis_TX1346	GCF_000147455.1
749518	Enterococcus_faecalis_TX2134	GCF_000148065.1
749491	Enterococcus_faecalis_TX2137	GCF_000147595.1
749492	Enterococcus_faecalis_TX2141	GCF_000148165.1
749493	Enterococcus_faecalis_TX4000	GCF_000148445.1
749494	Enterococcus_faecalis_TX4244	GCF_000147295.1
749495	Enterococcus_faecalis_TX4248	GCF_000147925.1
1158546	Enterococcus_faecalis_UAA1014	GCF_000396985.1
1158552	Enterococcus_faecalis_UAA1180	GCF_000393715.1
1158976	Enterococcus_faecalis_UAA1489	GCF_000393795.1
1158637	Enterococcus_faecalis_UAA409	GCF_000394455.1
1158640	Enterococcus_faecalis_UAA702	GCF_000394515.1
1157369	Enterococcus_faecalis_UAA769	GCF_000391565.1
1157370	Enterococcus_faecalis_UAA823	GCF_000391585.1
1157371	Enterococcus_faecalis_UAA902	GCF_000391605.1
1157372	Enterococcus_faecalis_UAA903	GCF_000391625.1
1157373	Enterococcus_faecalis_UAA904	GCF_000391645.1
1157374	Enterococcus_faecalis_UAA905	GCF_000391665.1
1157375	Enterococcus_faecalis_UAA906	GCF_000391685.1
1157376	Enterococcus_faecalis_UAA907	GCF_000391705.1
1157377	Enterococcus_faecalis_UAA943	GCF_000391725.1
1158542	Enterococcus_faecalis_UAA948	GCF_000396905.1
226185	Enterococcus_faecalis_V583	GCF_000007785.1
1158623	Enterococcus_faecalis_V587	GCF_000394175.1
1158628	Enterococcus_faecalis_WH257	GCF_000394275.1
1158631	Enterococcus_faecalis_WH571	GCF_000394335.1
565641	Enterococcus_faecalis_X98	GCF_000157515.1
1158667	Enterococcus_faecalis_YI6_1	GCF_000395095.1
1157416	Enterococcus_faecium_109_A1	GCF_000391745.1
565659	Enterococcus_faecium_1141733	GCF_000157575.1
565656	Enterococcus_faecium_1230933	GCF_000157435.1
565661	Enterococcus_faecium_1231408	GCF_000157615.1
565660	Enterococcus_faecium_1231410	GCF_000157595.1
565658	Enterococcus_faecium_1231501	GCF_000157555.1
565657	Enterococcus_faecium_1231502	GCF_000157535.1
1157417	Enterococcus_faecium_2006_70_121	GCF_000391765.1
1134805	Enterococcus_faecium_504	GCF_000295275.2
1134806	Enterococcus_faecium_505	GCF_000295335.2
1157419	Enterococcus_faecium_7330381_1	GCF_000391805.1
1157420	Enterococcus_faecium_7330446_2	GCF_000391825.1
1157421	Enterococcus_faecium_7330519_3	GCF_000391845.1
1157422	Enterococcus_faecium_7330614_1	GCF_000391865.1
1157423	Enterococcus_faecium_7330884_2	GCF_000391885.1
1157424	Enterococcus_faecium_7430166_3	GCF_000391905.1
1157425	Enterococcus_faecium_841V03	GCF_000391925.1
1157429	Enterococcus_faecium_9730219_1	GCF_000391945.1
1157430	Enterococcus_faecium_9730357_1	GCF_000391965.1
1157431	Enterococcus_faecium_9731349_1	GCF_000391985.1
1157432	Enterococcus_faecium_9731352_4	GCF_000392005.1
1157433	Enterococcus_faecium_9830091_5	GCF_000392025.1
1157435	Enterococcus_faecium_9830512_2	GCF_000392045.1
1157437	Enterococcus_faecium_9830565_4	GCF_000392065.1
1157440	Enterococcus_faecium_9930238_2	GCF_000392085.1
1157441	Enterococcus_faecium_9931110_4	GCF_000392105.1
1157442	Enterococcus_faecium_A17_Sv1	GCF_000392125.1
1158600	Enterococcus_faecium_ATCC_8459	GCF_000336405.1
1155766	Enterococcus_faecium_Aus0004	GCF_000250945.1
1176489	Enterococcus_faecium_C309	GCF_000328425.1
565664	Enterococcus_faecium_C68	GCF_000160315.2
565662	Enterococcus_faecium_Com12	GCF_000157635.1
565663	Enterococcus_faecium_Com15	GCF_000157655.1
1295527	Enterococcus_faecium_CRL1879	GCF_000406365.1
565665	Enterococcus_faecium_D344SRF	GCF_000176295.1
333849	Enterococcus_faecium_DO	GCF_000166815.1
1138880	Enterococcus_faecium_E0045	GCF_000321465.1
1138881	Enterococcus_faecium_E0120	GCF_000321485.1
1138882	Enterococcus_faecium_E0164	GCF_000321505.1
1138883	Enterococcus_faecium_E0269	GCF_000321525.1
1138884	Enterococcus_faecium_E0333	GCF_000321545.1
1138885	Enterococcus_faecium_E0679	GCF_000321565.1
1138886	Enterococcus_faecium_E0680	GCF_000321585.1
1138887	Enterococcus_faecium_E0688	GCF_000321605.1
1138888	Enterococcus_faecium_E1007	GCF_000321625.1
645663	Enterococcus_faecium_E1039	GCF_000174935.1
1138889	Enterococcus_faecium_E1050	GCF_000321645.1
535205	Enterococcus_faecium_E1071	GCF_000172655.1
1138890	Enterococcus_faecium_E1133	GCF_000321665.1
535206	Enterococcus_faecium_E1162	GCF_000172675.1
1138891	Enterococcus_faecium_E1185	GCF_000321685.1
1138892	Enterococcus_faecium_E1258	GCF_000321705.1
1138893	Enterococcus_faecium_E1293	GCF_000390465.1
1138930	Enterococcus_faecium_E1321	GCF_000322345.1
1138894	Enterococcus_faecium_E1392	GCF_000321725.1
1138895	Enterococcus_faecium_E1552	GCF_000321745.1
1138896	Enterococcus_faecium_E1573	GCF_000321765.1
1138897	Enterococcus_faecium_E1574	GCF_000321785.1
1138898	Enterococcus_faecium_E1575	GCF_000321805.1
1138899	Enterococcus_faecium_E1576	GCF_000321825.1
1138900	Enterococcus_faecium_E1578	GCF_000321845.1
1138901	Enterococcus_faecium_E1590	GCF_000321865.1
1138902	Enterococcus_faecium_E1604	GCF_000321885.1
1138903	Enterococcus_faecium_E1613	GCF_000321905.1
1138904	Enterococcus_faecium_E1620	GCF_000321925.1
1138905	Enterococcus_faecium_E1622	GCF_000321945.1
1138906	Enterococcus_faecium_E1623	GCF_000321965.1
1138907	Enterococcus_faecium_E1626	GCF_000321985.1
1138908	Enterococcus_faecium_E1627	GCF_000322005.1
1138909	Enterococcus_faecium_E1630	GCF_000322025.1
1138910	Enterococcus_faecium_E1634	GCF_000322045.1
544875	Enterococcus_faecium_E1636	GCF_000172835.1
1138931	Enterococcus_faecium_E1644	GCF_000322365.1
1138913	Enterococcus_faecium_E1731	GCF_000322065.1
1138914	Enterococcus_faecium_E1861	GCF_000322085.1
1138915	Enterococcus_faecium_E1904	GCF_000322105.1
1138916	Enterococcus_faecium_E1972	GCF_000322125.1
1138917	Enterococcus_faecium_E2039	GCF_000322145.1
1138918	Enterococcus_faecium_E2071	GCF_000322165.1
1138919	Enterococcus_faecium_E2134	GCF_000322185.1
1138920	Enterococcus_faecium_E2297	GCF_000322205.1
1138932	Enterococcus_faecium_E2369	GCF_000322385.1
1138933	Enterococcus_faecium_E2560	GCF_000322405.1
1138921	Enterococcus_faecium_E2620	GCF_000322225.1
1138922	Enterococcus_faecium_E2883	GCF_000322245.1
1138923	Enterococcus_faecium_E2966	GCF_000390485.1
1138924	Enterococcus_faecium_E3083	GCF_000322265.1
1138925	Enterococcus_faecium_E3346	GCF_000322285.1
1138926	Enterococcus_faecium_E3548	GCF_000322305.1
1138929	Enterococcus_faecium_E4215	GCF_000322325.1
1138934	Enterococcus_faecium_E4389	GCF_000322425.1
1138935	Enterococcus_faecium_E6012	GCF_000322445.1
1138936	Enterococcus_faecium_E6045	GCF_000322465.1
1157443	Enterococcus_faecium_E8sv3	GCF_000392145.1
529885	Enterococcus_faecium_E980	GCF_000172615.1
1158641	Enterococcus_faecium_EnGen0305	GCF_000394535.1
1158642	Enterococcus_faecium_EnGen0308	GCF_000394555.1
1158652	Enterococcus_faecium_EnGen0312	GCF_000394755.1
1158646	Enterococcus_faecium_EnGen0314	GCF_000394635.1
1158647	Enterococcus_faecium_EnGen0316	GCF_000394655.1
1158648	Enterococcus_faecium_EnGen0318	GCF_000394675.1
1158649	Enterococcus_faecium_EnGen0319	GCF_000394695.1
1158650	Enterococcus_faecium_EnGen0321	GCF_000394715.1
1158651	Enterococcus_faecium_EnGen0323	GCF_000394735.1
1138937	Enterococcus_faecium_EnGen0375	GCF_000407625.1
1138938	Enterococcus_faecium_EnGen0376	GCF_000407085.1
1138939	Enterococcus_faecium_EnGen0377	GCF_000407105.1
1352	Enterococcus_faecium_ERR2221216	
1352	Enterococcus_faecium_ERR2221309	
1352	Enterococcus_faecium_ERR2221310	
1352	Enterococcus_faecium_ERR2221317	
1352	Enterococcus_faecium_ERR2221332	
1134819	Enterococcus_faecium_ERV1	GCF_000295435.2
1157479	Enterococcus_faecium_F9730129_1	GCF_000395965.1
1157444	Enterococcus_faecium_H17243	GCF_000392165.1
1157446	Enterococcus_faecium_H17575	GCF_000392195.1
1157480	Enterococcus_faecium_HF50104	GCF_000396685.1
1157481	Enterococcus_faecium_HF50105	GCF_000396705.1
1157482	Enterococcus_faecium_HF50106	GCF_000396725.1
1157483	Enterococcus_faecium_HF50203	GCF_000396745.1
1157484	Enterococcus_faecium_HF50204	GCF_000396765.1
1157485	Enterococcus_faecium_HF50215	GCF_000396785.1
1157447	Enterococcus_faecium_HM1071	GCF_000392215.1
1157487	Enterococcus_faecium_HM1072	GCF_000396825.1
1157486	Enterococcus_faecium_HM1073	GCF_000396805.1
1157448	Enterococcus_faecium_HM1074	GCF_000392315.1
1178528	Enterococcus_faecium_LCT_EF128	GCF_000262105.1
1245477	Enterococcus_faecium_LCT_EF20	GCF_000313155.1
1245478	Enterococcus_faecium_LCT_EF258	GCF_000313195.1
1167697	Enterococcus_faecium_LCT_EF90	GCF_000258325.1
791161	Enterococcus_faecium_PC4_1	GCF_000178235.1
1157451	Enterococcus_faecium_S658_3	GCF_000395425.1
565666	Enterococcus_faecium_TC_6	GCF_000161855.1
749520	Enterococcus_faecium_TX0082	GCF_000148025.1
749521	Enterococcus_faecium_TX0133A	GCF_000148285.1
749523	Enterococcus_faecium_TX0133a04	GCF_000147235.1
749524	Enterococcus_faecium_TX0133B	GCF_000148145.1
749525	Enterococcus_faecium_TX0133C	GCF_000147315.1
525279	Enterococcus_faecium_TX1330	GCF_003583905.1
547468	Enterococcus_faecium_U0317	GCF_000172915.1
1158545	Enterococcus_faecium_UAA1007	GCF_000396965.1
1158547	Enterococcus_faecium_UAA1019	GCF_000397005.1
1158548	Enterococcus_faecium_UAA1022	GCF_000397025.1
1158549	Enterococcus_faecium_UAA1023	GCF_000397045.1
1158550	Enterococcus_faecium_UAA1024	GCF_000393675.1
1158551	Enterococcus_faecium_UAA1025	GCF_000393695.1
1158553	Enterococcus_faecium_UAA1280	GCF_000393735.1
1158554	Enterococcus_faecium_UAA1433	GCF_000393755.1
1158555	Enterococcus_faecium_UAA1484	GCF_000393775.1
1158635	Enterococcus_faecium_UAA210	GCF_000394415.1
1158636	Enterococcus_faecium_UAA407	GCF_000394435.1
1158638	Enterococcus_faecium_UAA430	GCF_000394475.1
1158639	Enterococcus_faecium_UAA431	GCF_000394495.1
1157453	Enterococcus_faecium_UAA714	GCF_000395445.1
1157454	Enterococcus_faecium_UAA715	GCF_000395465.1
1157455	Enterococcus_faecium_UAA716	GCF_000395485.1
1157456	Enterococcus_faecium_UAA718	GCF_000395505.1
1157457	Enterococcus_faecium_UAA719	GCF_000395525.1
1157458	Enterococcus_faecium_UAA720	GCF_000395545.1
1157459	Enterococcus_faecium_UAA721	GCF_000395565.1
1157460	Enterococcus_faecium_UAA722	GCF_000395585.1
1157461	Enterococcus_faecium_UAA723	GCF_000395605.1
1157462	Enterococcus_faecium_UAA724	GCF_000395625.1
1157463	Enterococcus_faecium_UAA725	GCF_000395645.1
1157464	Enterococcus_faecium_UAA825	GCF_000395665.1
1157476	Enterococcus_faecium_UAA909	GCF_000395905.1
1157477	Enterococcus_faecium_UAA910	GCF_000395925.1
1157478	Enterococcus_faecium_UAA911	GCF_000395945.1
1157465	Enterococcus_faecium_UAA944	GCF_000395685.1
1157488	Enterococcus_faecium_UAA945	GCF_000396845.1
1158541	Enterococcus_faecium_UAA947	GCF_000396885.1
1158644	Enterococcus_faecium_UAA949	GCF_000394575.1
1158645	Enterococcus_faecium_UAA950	GCF_000394595.1
1158543	Enterococcus_faecium_UAA951	GCF_000396925.1
1158544	Enterococcus_faecium_UAA952	GCF_000396945.1
1328870	Enterococcus_faecium_UC7251	GCF_000411655.1
1157466	Enterococcus_faecium_VAN_219	GCF_000395705.1
1157467	Enterococcus_faecium_VAN_222	GCF_000395725.1
1169279	Enterococcus_faecium_VAN_327	GCF_000393435.1
1157468	Enterococcus_faecium_VAN_332	GCF_000395745.1
1157469	Enterococcus_faecium_VAN_335	GCF_000395765.1
1157470	Enterococcus_faecium_VAN_342	GCF_000395785.1
1157471	Enterococcus_faecium_VAN_345	GCF_000395805.1
1169278	Enterococcus_faecium_VAN_476	GCF_000393415.1
1157472	Enterococcus_faecium_VRE_108	GCF_000395825.1
1157473	Enterococcus_faecium_VRE_110	GCF_000395845.1
1157474	Enterococcus_faecium_VRE_13	GCF_000395865.1
1157475	Enterococcus_faecium_VRE_84	GCF_000395885.1
37734	Enterococcus_flavescens_ERR2221217	
37734	Enterococcus_flavescens_ERR2221403	
565653	Enterococcus_gallinarum_EG2	GCF_000157255.1
1353	Enterococcus_gallinarum_ERR2221218	
1353	Enterococcus_gallinarum_ERR2221324	
1353	Enterococcus_gallinarum_ERR2221329	
1353	Enterococcus_gallinarum_ERR2221342	
1353	Enterococcus_gallinarum_ERR2221347	
1353	Enterococcus_gallinarum_ERR2221362	
1158614	Enterococcus_gilvus_ATCC_BAA_350	GCF_000407545.1
160453	Enterococcus_gilvus_CR1	GCF_003343305.1
768486	Enterococcus_hirae_ATCC_9790	GCF_000271405.2
1640685	Enterococcus_massiliensis_DSM_100308	GCF_001050095.1
1158598	Enterococcus_mundtii_ATCC_882	GCF_000407465.1
1072576	Enterococcus_mundtii_crl1656	GCF_000233395.1
1450511	Enterococcus_mundtii_CRL35	GCF_000611895.1
1300150	Enterococcus_mundtii_QU_25	GCF_000504125.1
1158607	Enterococcus_pallens_ATCC_BAA_351	GCF_000407485.1
160454	Enterococcus_pallens_DSM_15690	GCF_001886075.1
1158610	Enterococcus_phoeniculicola_ATCC_BAA_412	GCF_000407505.1
1158602	Enterococcus_raffinosus_ATCC_49464	GCF_000407525.1
71452	Enterococcus_raffinosus_DSM_5633	GCF_001886185.1
1218093	Enterococcus_raffinosus_NBRC_100492	GCF_001544115.1
742813	Enterococcus_saccharolyticus_30_1	GCF_000234175.1
1139996	Enterococcus_saccharolyticus_ATCC_43076	GCF_000407005.1
351627	Enterococcus_saccharolyticus_DSM8903	GCF_000016545.1
1350	Enterococcus_sp_7L76	GCF_000210115.1
1182762	Enterococcus_sp_C1	GCF_000277605.1
1169666	Enterococcus_sp_GMD2E	GCF_000296895.1
1169667	Enterococcus_sp_GMD3E	GCF_000296915.2
1169668	Enterococcus_sp_GMD4E	GCF_000296935.1
1169669	Enterococcus_sp_GMD5E	GCF_000302675.2
1235794	Enterorhabdus_caecimuris_B7	GCF_000403355.2
1121866	Enterorhabdus_mucosicola_DSM_19490	GCF_000422625.1
908337	Eremococcus_coleocola_ACS_139_V_Col8	GCF_000183205.1
69224	Erwinia_psidii_IBSBF_435	GCF_003846135.1
55212	Erwinia_rhapontici_BIGb0435	GCF_004364855.1
1505663	Erysipelatoclostridium_nov_ERR2221185	
1505663	Erysipelatoclostridium_nov_ERR2221240	
1547	Erysipelatoclostridium_ramosum_ERR1203924	
1547	Erysipelatoclostridium_ramosum_ERR171271	
1547	Erysipelatoclostridium_ramosum_ERR2221150	
1547	Erysipelatoclostridium_ramosum_ERR2221231	
1547	Erysipelatoclostridium_ramosum_ERR2221239	
525280	Erysipelothrix_rhusiopathiae_ATCC_19414	GCF_000160815.2
650150	Erysipelothrix_rhusiopathiae_str_Fujisawa	GCF_000270085.1
1313290	Erysipelothrix_rhusiopathiae_SY1027	GCF_000404205.1
457422	Erysipelotrichaceae_bacterium_2_2_44A	GCF_000225685.1
658657	Erysipelotrichaceae_bacterium_21_3	GCF_000242195.1
552396	Erysipelotrichaceae_bacterium_5_2_54FAA	GCF_000163515.2
469614	Erysipelotrichaceae_bacterium_6_1_45	GCF_000242175.1
1834207	Erysipelotrichaceae_bacterium_I46	GCF_001688965.2
658659	Erysipelotrichaceae_bacterium_sp_3_1_53	GCF_000165065.1
128827	Erysipelotrichaceae_nov_ERR1022332	
128827	Erysipelotrichaceae_nov_ERR1022333	
128827	Erysipelotrichaceae_nov_ERR1022368	
128827	Erysipelotrichaceae_nov_ERR1022369	
128827	Erysipelotrichaceae_nov_ERR1022417	
128827	Erysipelotrichaceae_nov_ERR1022464	
128827	Erysipelotrichaceae_nov_ERR1203923	
128827	Erysipelotrichaceae_nov_ERR1203963	
128827	Erysipelotrichaceae_nov_ERR1204057	
128827	Erysipelotrichaceae_nov_ERR171269	
128827	Erysipelotrichaceae_nov_ERR2221179	
128827	Erysipelotrichaceae_nov_ERR2221230	
128827	Erysipelotrichaceae_nov_ERR2221343	
128827	Erysipelotrichaceae_nov_ERR2230080	
128827	Erysipelotrichaceae_nov_ERR2230108	
208962	Escherichia_albertii_EC06_170	GCF_001549955.1
1440052	Escherichia_albertii_KF1	GCF_000512125.1
502347	Escherichia_albertii_TW07627	GCF_000155105.1
754333	Escherichia_albertii_TW11588	GCF_000208585.1
1005442	Escherichia_coli_0_1288	GCF_000303255.2
1005441	Escherichia_coli_0_1304	GCF_000303235.2
216592	Escherichia_coli_042	GCF_008042015.2
1005566	Escherichia_coli_07798	GCF_000303655.2
1081887	Escherichia_coli_09BKT078844	GCF_000340455.2
869675	Escherichia_coli_1_2264	GCF_000194415.1
869669	Escherichia_coli_1_2741	GCF_000194175.1
1005469	Escherichia_coli_10_0821	GCF_000304855.2
1005466	Escherichia_coli_10_0833	GCF_000305415.2
1005467	Escherichia_coli_10_0869	GCF_000305435.2
358709	Escherichia_coli_101_1	GCF_000168095.1
670905	Escherichia_coli_1357	GCF_000188855.1
1125634	Escherichia_coli_174750	GCF_000354915.1
1116003	Escherichia_coli_174900	GCF_000356105.2
1116108	Escherichia_coli_178900	GCF_000356345.2
1125652	Escherichia_coli_179100	GCF_000356905.1
1116109	Escherichia_coli_179550	GCF_000356365.2
1116103	Escherichia_coli_180050	GCF_000356045.2
1116104	Escherichia_coli_180200	GCF_000356305.2
1116105	Escherichia_coli_180600	GCF_000354835.2
670888	Escherichia_coli_1827_70	GCF_000165655.1
1116130	Escherichia_coli_199900_1	GCF_000356125.1
869688	Escherichia_coli_2_3916	GCF_000194535.1
869690	Escherichia_coli_2_4168	GCF_000194555.1
1116129	Escherichia_coli_201600_1	GCF_000356745.2
670897	Escherichia_coli_2362_75	GCF_000183005.1
754079	Escherichia_coli_2534_86	GCF_000225065.1
1116119	Escherichia_coli_2719100	GCF_000355155.2
1116120	Escherichia_coli_2720900	GCF_000355175.1
1116121	Escherichia_coli_2722950	GCF_000356185.2
1116122	Escherichia_coli_2726800	GCF_000356625.2
1116123	Escherichia_coli_2726950	GCF_000356145.2
1116004	Escherichia_coli_2729250	GCF_000356065.2
1116005	Escherichia_coli_2730350	GCF_000356325.2
1116006	Escherichia_coli_2730450	GCF_000356205.2
1116007	Escherichia_coli_2731150	GCF_000354895.2
1125635	Escherichia_coli_2733950	GCF_000356925.2
1116008	Escherichia_coli_2735000	GCF_000356085.2
1116009	Escherichia_coli_2741950	GCF_000356225.2
1116010	Escherichia_coli_2747800	GCF_000354775.2
1116011	Escherichia_coli_2749250	GCF_000354875.1
1116012	Escherichia_coli_2756500	GCF_000355395.2
1116013	Escherichia_coli_2762100	GCF_000355535.1
1116014	Escherichia_coli_2770900	GCF_000355615.2
1116015	Escherichia_coli_2780750	GCF_000355555.2
1116016	Escherichia_coli_2785200	GCF_000355575.2
1116017	Escherichia_coli_2788150	GCF_000355595.1
1116124	Escherichia_coli_2845350	GCF_000355415.2
1116125	Escherichia_coli_2845650	GCF_000355435.2
1116126	Escherichia_coli_2846750	GCF_000356685.2
1116127	Escherichia_coli_2848050	GCF_000355375.2
1116018	Escherichia_coli_2850400	GCF_000355055.1
1116019	Escherichia_coli_2850750	GCF_000355335.2
1116128	Escherichia_coli_2851500	GCF_000355015.2
1116020	Escherichia_coli_2853500	GCF_000355355.1
1125636	Escherichia_coli_2854350	GCF_000356845.2
1116021	Escherichia_coli_2860050	GCF_000354995.2
1116022	Escherichia_coli_2860650	GCF_000356445.2
1116023	Escherichia_coli_2861200	GCF_000355035.2
1116024	Escherichia_coli_2862600	GCF_000356465.2
1116025	Escherichia_coli_2864350	GCF_000356485.2
1116026	Escherichia_coli_2865200	GCF_000354975.1
1116027	Escherichia_coli_2866350	GCF_000356505.2
1116028	Escherichia_coli_2866450	GCF_000354935.2
1116029	Escherichia_coli_2866550	GCF_000354955.1
1116030	Escherichia_coli_2866750	GCF_000354755.2
1116031	Escherichia_coli_2867750	GCF_000354815.2
1116032	Escherichia_coli_2871950	GCF_000355455.2
1116033	Escherichia_coli_2872000	GCF_000355475.2
1116034	Escherichia_coli_2872800	GCF_000354455.1
1116035	Escherichia_coli_2875000	GCF_000354275.2
1116036	Escherichia_coli_2875150	GCF_000356245.1
869691	Escherichia_coli_3_2303	GCF_000194645.1
869679	Escherichia_coli_3_2608	GCF_000215205.1
869689	Escherichia_coli_3_3884	GCF_000215285.1
1005450	Escherichia_coli_3_4870	GCF_000304815.2
869692	Escherichia_coli_3003	GCF_000194665.1
1005565	Escherichia_coli_3006	GCF_000304135.2
670892	Escherichia_coli_3431	GCF_000184765.1
869681	Escherichia_coli_4_0522	GCF_000194335.1
869687	Escherichia_coli_4_0967	GCF_000194495.1
1127356	Escherichia_coli_4_1_47FAA	GCF_000243195.1
869671	Escherichia_coli_5_0588	GCF_000215145.1
869684	Escherichia_coli_5_0959	GCF_000194395.1
1005452	Escherichia_coli_5_2239	GCF_000304875.2
362663	Escherichia_coli_536	GCF_000013305.1
344610	Escherichia_coli_53638	GCF_000167915.2
562	Escherichia_coli_536A	GCF_900499855.1
752786	Escherichia_coli_541_1	GCF_000264215.1
752785	Escherichia_coli_541_15	GCF_000264115.1
1005561	Escherichia_coli_5412	GCF_000304055.2
585055	Escherichia_coli_55989	GCF_000026245.1
1005558	Escherichia_coli_5905	GCF_000303995.2
1005455	Escherichia_coli_6_0172	GCF_000305155.2
1051348	Escherichia_coli_7_1982	GCF_000335115.1
752788	Escherichia_coli_75	GCF_000264155.1
1005463	Escherichia_coli_8_0416	GCF_000304835.2
1005462	Escherichia_coli_8_0566	GCF_000305175.1
1005464	Escherichia_coli_8_0569	GCF_000305355.1
1005461	Escherichia_coli_8_0586	GCF_000305375.2
1005460	Escherichia_coli_8_2524	GCF_000305395.2
525281	Escherichia_coli_83972	GCF_000159295.1
1005397	Escherichia_coli_88_0221	GCF_000305455.2
1005398	Escherichia_coli_88_1042	GCF_000316345.2
1005396	Escherichia_coli_88_1467	GCF_000316325.2
1005399	Escherichia_coli_89_0511	GCF_000316365.2
869686	Escherichia_coli_9_0111	GCF_000215265.1
869685	Escherichia_coli_9_1649	GCF_000194475.2
1005401	Escherichia_coli_90_0039	GCF_000316405.2
1005400	Escherichia_coli_90_0091	GCF_000316385.2
1005402	Escherichia_coli_90_2281	GCF_000316425.2
869695	Escherichia_coli_900105_10e	GCF_000194725.1
1005481	Escherichia_coli_93_001	GCF_000267945.2
1005403	Escherichia_coli_93_0055	GCF_000316445.2
1005404	Escherichia_coli_93_0056	GCF_000316465.1
869680	Escherichia_coli_93_0624	GCF_000215225.1
1005405	Escherichia_coli_94_0618	GCF_000316485.1
1051346	Escherichia_coli_95_0083	GCF_000335375.2
1005406	Escherichia_coli_95_0183	GCF_000316845.2
869674	Escherichia_coli_95_0941	GCF_000194255.1
1005408	Escherichia_coli_95_0943	GCF_000316885.2
1005407	Escherichia_coli_95_1288	GCF_000316865.2
1005415	Escherichia_coli_96_0107	GCF_000316765.2
1005414	Escherichia_coli_96_0109	GCF_000318425.2
1005411	Escherichia_coli_96_0427	GCF_000316825.2
1005410	Escherichia_coli_96_0428	GCF_000316905.2
869677	Escherichia_coli_96_0497	GCF_000215185.1
1005413	Escherichia_coli_96_0932	GCF_000316805.2
1005412	Escherichia_coli_96_0939	GCF_000316785.2
869683	Escherichia_coli_96_154	GCF_000215245.1
1005416	Escherichia_coli_97_0003	GCF_000316745.2
1005420	Escherichia_coli_97_0007	GCF_000316505.2
1005419	Escherichia_coli_97_0010	GCF_000318445.2
869670	Escherichia_coli_97_0246	GCF_000194215.1
869672	Escherichia_coli_97_0259	GCF_000194235.1
869676	Escherichia_coli_97_0264	GCF_000194295.2
1005423	Escherichia_coli_99_0670	GCF_000335215.2
1005421	Escherichia_coli_99_0672	GCF_000316705.2
1005422	Escherichia_coli_99_0678	GCF_000316545.2
1005424	Escherichia_coli_99_0713	GCF_000316565.2
869678	Escherichia_coli_99_0741	GCF_000194435.1
1005434	Escherichia_coli_99_0814	GCF_000335235.2
1005433	Escherichia_coli_99_0815	GCF_000334975.2
1005430	Escherichia_coli_99_0816	GCF_000334995.2
1005432	Escherichia_coli_99_0839	GCF_000335255.2
1005431	Escherichia_coli_99_0848	GCF_000335275.2
1005440	Escherichia_coli_99_1753	GCF_000335295.2
1005435	Escherichia_coli_99_1762	GCF_000335155.2
1005438	Escherichia_coli_99_1775	GCF_000335315.2
1005439	Escherichia_coli_99_1781	GCF_000335135.1
1005436	Escherichia_coli_99_1805	GCF_000335035.2
1004153	Escherichia_coli_AA86	GCF_000211395.1
655817	Escherichia_coli_ABU_83972	GCF_000148365.1
1169664	Escherichia_coli_AD30	GCF_000304255.1
1089445	Escherichia_coli_AI27	GCF_000259135.1
405955	Escherichia_coli_APEC_O1	GCF_000014845.1
1274814	Escherichia_coli_APEC_O78	GCF_000332755.1
1005563	Escherichia_coli_ARS4_2123	GCF_000304095.2
1322345	Escherichia_coli_ATCC_25922	GCF_000743255.1
1051353	Escherichia_coli_ATCC_700728	GCF_000335055.2
481805	Escherichia_coli_ATCC_8739	GCF_003591595.1
413997	Escherichia_coli_B_str_REL606	GCF_000017985.1
550672	Escherichia_coli_B088	GCF_000163155.1
550674	Escherichia_coli_B093	GCF_000242015.1
344601	Escherichia_coli_B171	GCF_000167895.3
550676	Escherichia_coli_B185	GCF_000163175.1
550677	Escherichia_coli_B354	GCF_000163195.1
869694	Escherichia_coli_B41	GCF_000194705.1
550682	Escherichia_coli_B799	GCF_000261385.1
340184	Escherichia_coli_B7A	GCF_000725265.1
1116037	Escherichia_coli_BCE001_MS16	GCF_000355495.2
1116112	Escherichia_coli_BCE002_MS12	GCF_000354295.1
1125637	Escherichia_coli_BCE006_MS_23	GCF_000356885.2
1116113	Escherichia_coli_BCE007_MS_11	GCF_000356705.1
1116471	Escherichia_coli_BCE008_MS_13	GCF_000356725.1
1116114	Escherichia_coli_BCE011_MS_01	GCF_000356285.2
1116115	Escherichia_coli_BCE019_MS_13	GCF_000354315.2
1116116	Escherichia_coli_BCE030_MS_09	GCF_000356385.1
1116117	Escherichia_coli_BCE032_MS_12	GCF_000356405.2
1116118	Escherichia_coli_BCE034_MS_14	GCF_000354335.2
511693	Escherichia_coli_BL21	GCF_000833145.1
469008	Escherichia_coli_BL21DE3	GCF_000009565.1
679895	Escherichia_coli_BW25113	GCF_000750555.1
595496	Escherichia_coli_BW2952	GCF_000022345.1
1116002	Escherichia_coli_C_34666	GCF_000354355.2
1126911	Escherichia_coli_C639_08	GCF_000410655.2
1126932	Escherichia_coli_C844_97	GCF_000410675.2
1005559	Escherichia_coli_CB7326	GCF_000304015.2
199310	Escherichia_coli_CFT073	GCF_000007445.1
475609	Escherichia_coli_chi7122	GCF_000307205.1
993513	Escherichia_coli_cloneA_i1	GCF_000233675.1
752790	Escherichia_coli_CUMT8	GCF_000264235.1
556266	Escherichia_coli_D9	GCF_000158395.1
868180	Escherichia_coli_DEC10A	GCF_000249995.1
868181	Escherichia_coli_DEC10B	GCF_000250015.1
868182	Escherichia_coli_DEC10C	GCF_000250035.1
868183	Escherichia_coli_DEC10D	GCF_000250055.1
868184	Escherichia_coli_DEC10E	GCF_000250075.1
868185	Escherichia_coli_DEC10F	GCF_000250095.1
868186	Escherichia_coli_DEC11A	GCF_000250115.1
868187	Escherichia_coli_DEC11B	GCF_000250135.1
868188	Escherichia_coli_DEC11C	GCF_000250155.1
868189	Escherichia_coli_DEC11D	GCF_000250175.1
868190	Escherichia_coli_DEC11E	GCF_000250195.1
868191	Escherichia_coli_DEC12A	GCF_000250215.1
868192	Escherichia_coli_DEC12B	GCF_000250235.1
868193	Escherichia_coli_DEC12C	GCF_000250255.1
868194	Escherichia_coli_DEC12D	GCF_000250275.1
868195	Escherichia_coli_DEC12E	GCF_000250295.1
868196	Escherichia_coli_DEC13A	GCF_000250315.1
868197	Escherichia_coli_DEC13B	GCF_000250335.1
868198	Escherichia_coli_DEC13C	GCF_000250355.1
868199	Escherichia_coli_DEC13D	GCF_000250375.1
868200	Escherichia_coli_DEC13E	GCF_000250395.1
868201	Escherichia_coli_DEC14A	GCF_000250415.1
868202	Escherichia_coli_DEC14B	GCF_000250435.1
868203	Escherichia_coli_DEC14C	GCF_000250455.1
868204	Escherichia_coli_DEC14D	GCF_000250475.1
868206	Escherichia_coli_DEC15A	GCF_000250495.1
868207	Escherichia_coli_DEC15B	GCF_000250515.1
868208	Escherichia_coli_DEC15C	GCF_000250535.1
868209	Escherichia_coli_DEC15D	GCF_000250555.1
868210	Escherichia_coli_DEC15E	GCF_000250575.1
868133	Escherichia_coli_DEC1A	GCF_000249055.1
868134	Escherichia_coli_DEC1B	GCF_000249075.1
868135	Escherichia_coli_DEC1C	GCF_000249095.1
868136	Escherichia_coli_DEC1D	GCF_000249115.1
868137	Escherichia_coli_DEC1E	GCF_000249135.1
868138	Escherichia_coli_DEC2A	GCF_000249155.1
868139	Escherichia_coli_DEC2B	GCF_000249175.1
868140	Escherichia_coli_DEC2C	GCF_000249195.1
868141	Escherichia_coli_DEC2D	GCF_000249215.1
868142	Escherichia_coli_DEC2E	GCF_000249235.1
868143	Escherichia_coli_DEC3A	GCF_000249255.1
868144	Escherichia_coli_DEC3B	GCF_000249275.1
868145	Escherichia_coli_DEC3C	GCF_000249295.1
868146	Escherichia_coli_DEC3D	GCF_000249315.1
868147	Escherichia_coli_DEC3E	GCF_000249335.1
868148	Escherichia_coli_DEC3F	GCF_000249355.1
868149	Escherichia_coli_DEC4A	GCF_000249375.1
868150	Escherichia_coli_DEC4B	GCF_000249395.1
868151	Escherichia_coli_DEC4C	GCF_000249415.1
868152	Escherichia_coli_DEC4D	GCF_000249435.1
868153	Escherichia_coli_DEC4E	GCF_000249455.1
868154	Escherichia_coli_DEC4F	GCF_000249475.1
868155	Escherichia_coli_DEC5A	GCF_000249495.1
868156	Escherichia_coli_DEC5B	GCF_000249515.1
868157	Escherichia_coli_DEC5C	GCF_000249535.1
868158	Escherichia_coli_DEC5D	GCF_000249555.1
868159	Escherichia_coli_DEC5E	GCF_000249575.1
868160	Escherichia_coli_DEC6A	GCF_000249595.1
868161	Escherichia_coli_DEC6B	GCF_000249615.1
868162	Escherichia_coli_DEC6C	GCF_000249635.1
868163	Escherichia_coli_DEC6D	GCF_000249655.1
868164	Escherichia_coli_DEC6E	GCF_000249675.1
868165	Escherichia_coli_DEC7A	GCF_000249695.1
868166	Escherichia_coli_DEC7B	GCF_000249715.1
868167	Escherichia_coli_DEC7C	GCF_000249735.1
868168	Escherichia_coli_DEC7D	GCF_000249755.1
868169	Escherichia_coli_DEC7E	GCF_000249775.1
868170	Escherichia_coli_DEC8A	GCF_000249795.1
868171	Escherichia_coli_DEC8B	GCF_000249815.1
868172	Escherichia_coli_DEC8C	GCF_000249835.1
868173	Escherichia_coli_DEC8D	GCF_000249855.1
868174	Escherichia_coli_DEC8E	GCF_000249875.1
868175	Escherichia_coli_DEC9A	GCF_000249895.1
868176	Escherichia_coli_DEC9B	GCF_000249915.1
868177	Escherichia_coli_DEC9C	GCF_000249935.1
868178	Escherichia_coli_DEC9D	GCF_000249955.1
868179	Escherichia_coli_DEC9E	GCF_000249975.1
536056	Escherichia_coli_DH1	GCF_000270105.1
550685	Escherichia_coli_E101	GCF_000241995.1
340186	Escherichia_coli_E110019	GCF_000167875.1
656372	Escherichia_coli_E1167	GCF_000190795.1
670894	Escherichia_coli_E128010	GCF_000188775.1
656374	Escherichia_coli_E1520	GCF_000190815.1
340185	Escherichia_coli_E22	GCF_000167855.1
216593	Escherichia_coli_E2348_69	GCF_000026545.1
331111	Escherichia_coli_E24377A	GCF_000017745.1
550687	Escherichia_coli_E482	GCF_000190835.1
1005536	Escherichia_coli_EC1734	GCF_000267045.1
1005537	Escherichia_coli_EC1735	GCF_000303615.2
1005538	Escherichia_coli_EC1736	GCF_000303595.2
1005539	Escherichia_coli_EC1737	GCF_000303575.2
1005535	Escherichia_coli_EC1738	GCF_000267025.1
1005540	Escherichia_coli_EC1845	GCF_000267225.2
1005541	Escherichia_coli_EC1846	GCF_000303555.2
1005542	Escherichia_coli_EC1847	GCF_000303535.2
1005543	Escherichia_coli_EC1848	GCF_000303515.2
1005544	Escherichia_coli_EC1849	GCF_000303495.2
1005545	Escherichia_coli_EC1850	GCF_000303475.2
1005546	Escherichia_coli_EC1856	GCF_000303455.2
1005547	Escherichia_coli_EC1862	GCF_000303435.2
1005548	Escherichia_coli_EC1863	GCF_000267205.2
1005549	Escherichia_coli_EC1864	GCF_000303415.2
1005550	Escherichia_coli_EC1865	GCF_000303395.2
1005551	Escherichia_coli_EC1866	GCF_000303375.2
1005553	Escherichia_coli_EC1869	GCF_000303335.2
1005554	Escherichia_coli_EC1870	GCF_000303315.2
1230480	Escherichia_coli_EC302_04	GCF_000297235.3
1005529	Escherichia_coli_EC4013	GCF_000267345.2
945434	Escherichia_coli_EC4100B	GCF_000193995.1
1005524	Escherichia_coli_EC4196	GCF_000267445.2
1005523	Escherichia_coli_EC4203	GCF_000267465.2
1005530	Escherichia_coli_EC4402	GCF_000267325.1
1005527	Escherichia_coli_EC4421	GCF_000267385.2
1005528	Escherichia_coli_EC4422	GCF_000267365.2
1005532	Escherichia_coli_EC4436	GCF_000267285.2
1005533	Escherichia_coli_EC4437	GCF_000267265.2
1005531	Escherichia_coli_EC4439	GCF_000267305.2
1005534	Escherichia_coli_EC4448	GCF_000267245.2
585397	Escherichia_coli_ED1a	GCF_000026305.1
1115998	Escherichia_coli_Envira_10_1	GCF_000355195.2
1115997	Escherichia_coli_Envira_8_11	GCF_000355215.2
766166	Escherichia_coli_EPEC_C342_62	GCF_000268205.1
670896	Escherichia_coli_EPECa12	GCF_000268125.1
670893	Escherichia_coli_EPECa14	GCF_000188755.1
562	Escherichia_coli_ERR1203920	
562	Escherichia_coli_ERR2221112	
562	Escherichia_coli_ERR2221113	
562	Escherichia_coli_ERR2221128	
562	Escherichia_coli_ERR2221214	
562	Escherichia_coli_ERR2221221	
562	Escherichia_coli_ERR2221222	
562	Escherichia_coli_ERR2221227	
562	Escherichia_coli_ERR2221250	
562	Escherichia_coli_ERR2221318	
562	Escherichia_coli_ERR2221398	
562	Escherichia_coli_ERR2221401	
316401	Escherichia_coli_ETEC_H10407	GCF_000210475.1
340197	Escherichia_coli_F11	GCF_000167835.1
1005470	Escherichia_coli_FDA504	GCF_000303755.2
1005471	Escherichia_coli_FDA505	GCF_000267005.2
1005474	Escherichia_coli_FDA506	GCF_000303715.2
1005472	Escherichia_coli_FDA507	GCF_000303735.2
1005473	Escherichia_coli_FDA517	GCF_000267485.2
562	Escherichia_coli_FDAARGOS_170	GCF_001471755.2
1005476	Escherichia_coli_FRIK1985	GCF_000267525.2
1005478	Escherichia_coli_FRIK1990	GCF_000267965.2
1005475	Escherichia_coli_FRIK1996	GCF_000267505.2
1005480	Escherichia_coli_FRIK1997	GCF_000303795.2
1005477	Escherichia_coli_FRIK1999	GCF_000303775.2
1005479	Escherichia_coli_FRIK2001	GCF_000303855.2
1005482	Escherichia_coli_FRIK523	GCF_000303275.2
1005483	Escherichia_coli_FRIK920	GCF_000302715.1
656379	Escherichia_coli_FVEC1302	GCF_000163215.1
656380	Escherichia_coli_FVEC1412	GCF_000163235.1
754078	Escherichia_coli_G58_1	GCF_000225165.1
656383	Escherichia_coli_H120	GCF_000190855.1
656388	Escherichia_coli_H252	GCF_000190895.1
656390	Escherichia_coli_H263	GCF_000190915.1
656393	Escherichia_coli_H299	GCF_000176695.2
869673	Escherichia_coli_H30	GCF_000215165.1
656398	Escherichia_coli_H397	GCF_000241975.1
656404	Escherichia_coli_H489	GCF_000191015.1
656405	Escherichia_coli_H494	GCF_000242035.1
656408	Escherichia_coli_H591	GCF_000176675.2
656413	Escherichia_coli_H730	GCF_000261405.1
656414	Escherichia_coli_H736	GCF_000176535.2
1308540	Escherichia_coli_HM26	GCF_000387805.2
1308981	Escherichia_coli_HM27	GCF_000387825.2
1308982	Escherichia_coli_HM46	GCF_000387845.2
752789	Escherichia_coli_HM605	GCF_000264175.1
1308983	Escherichia_coli_HM65	GCF_000387785.2
331112	Escherichia_coli_HS	GCF_000017765.1
585034	Escherichia_coli_IAI1	GCF_000026265.1
585057	Escherichia_coli_IAI39	GCF_000026345.1
714962	Escherichia_coli_IHE3034	GCF_000025745.1
1204724	Escherichia_coli_IMT2125	GCF_000308975.1
1144303	Escherichia_coli_J53	GCF_902006475.1
869682	Escherichia_coli_JB1_95	GCF_000194355.1
1115999	Escherichia_coli_Jurua_18_11	GCF_000355235.2
1116000	Escherichia_coli_Jurua_20_10	GCF_000355255.2
752784	Escherichia_coli_KD2	GCF_000264195.1
595495	Escherichia_coli_KO11	GCF_000147855.2
1169315	Escherichia_coli_KTE1	GCF_000407665.1
1169330	Escherichia_coli_KTE10	GCF_000350685.1
1182699	Escherichia_coli_KTE100	GCF_000408565.1
1182700	Escherichia_coli_KTE101	GCF_000352505.1
1182701	Escherichia_coli_KTE102	GCF_000408585.1
1182702	Escherichia_coli_KTE103	GCF_000408605.1
1169372	Escherichia_coli_KTE104	GCF_000353185.1
1169373	Escherichia_coli_KTE105	GCF_000326145.1
1169374	Escherichia_coli_KTE106	GCF_000326165.1
1182703	Escherichia_coli_KTE107	GCF_000408625.1
1182704	Escherichia_coli_KTE108	GCF_000408645.1
1169375	Escherichia_coli_KTE109	GCF_000326185.1
1169331	Escherichia_coli_KTE11	GCF_000350705.1
1182706	Escherichia_coli_KTE111	GCF_000351865.1
1169376	Escherichia_coli_KTE112	GCF_000326565.1
1169377	Escherichia_coli_KTE113	GCF_000326585.1
1169321	Escherichia_coli_KTE114	GCF_000407765.1
1182707	Escherichia_coli_KTE115	GCF_000352525.1
1182708	Escherichia_coli_KTE116	GCF_000351885.1
1169378	Escherichia_coli_KTE117	GCF_000326205.1
1182709	Escherichia_coli_KTE118	GCF_000352545.1
1182710	Escherichia_coli_KTE119	GCF_000351905.1
1169332	Escherichia_coli_KTE12	GCF_000350725.1
1169379	Escherichia_coli_KTE120	GCF_000326925.1
1182711	Escherichia_coli_KTE121	GCF_000408665.1
1169380	Escherichia_coli_KTE122	GCF_000326945.1
1182712	Escherichia_coli_KTE123	GCF_000352565.1
1169381	Escherichia_coli_KTE124	GCF_000326225.1
1169382	Escherichia_coli_KTE125	GCF_000326965.1
1182713	Escherichia_coli_KTE126	GCF_000408685.1
1182714	Escherichia_coli_KTE127	GCF_000408705.1
1169383	Escherichia_coli_KTE128	GCF_000326245.1
1169384	Escherichia_coli_KTE129	GCF_000326265.1
1169318	Escherichia_coli_KTE13	GCF_000407725.1
1182715	Escherichia_coli_KTE130	GCF_000408725.1
1169385	Escherichia_coli_KTE131	GCF_000326285.1
1182716	Escherichia_coli_KTE132	GCF_000408745.1
1169386	Escherichia_coli_KTE133	GCF_000326305.1
1182717	Escherichia_coli_KTE134	GCF_000408765.1
1182718	Escherichia_coli_KTE135	GCF_000352585.1
1182719	Escherichia_coli_KTE136	GCF_000352605.1
1169387	Escherichia_coli_KTE137	GCF_000326325.1
1169388	Escherichia_coli_KTE138	GCF_000326685.1
1169389	Escherichia_coli_KTE139	GCF_000326345.1
1169333	Escherichia_coli_KTE14	GCF_000407805.1
1182720	Escherichia_coli_KTE140	GCF_000352625.1
1182721	Escherichia_coli_KTE141	GCF_000352645.1
1182722	Escherichia_coli_KTE142	GCF_000351925.1
1182723	Escherichia_coli_KTE143	GCF_000351945.1
1182724	Escherichia_coli_KTE144	GCF_000352665.1
1169390	Escherichia_coli_KTE145	GCF_000326705.1
1182725	Escherichia_coli_KTE146	GCF_000352685.1
1182726	Escherichia_coli_KTE147	GCF_000352705.1
1169391	Escherichia_coli_KTE148	GCF_000326365.1
1169334	Escherichia_coli_KTE15	GCF_000350745.1
1169392	Escherichia_coli_KTE150	GCF_000326725.1
1169393	Escherichia_coli_KTE153	GCF_000326385.1
1182728	Escherichia_coli_KTE154	GCF_000352725.1
1182729	Escherichia_coli_KTE155	GCF_000408785.1
1182730	Escherichia_coli_KTE156	GCF_000351965.1
1169394	Escherichia_coli_KTE157	GCF_000326745.1
1182731	Escherichia_coli_KTE158	GCF_000352745.1
1182732	Escherichia_coli_KTE159	GCF_000408805.1
1169335	Escherichia_coli_KTE16	GCF_000350765.1
1169395	Escherichia_coli_KTE160	GCF_000326405.1
1182733	Escherichia_coli_KTE161	GCF_000351985.1
1182734	Escherichia_coli_KTE162	GCF_000352005.1
1169396	Escherichia_coli_KTE163	GCF_000326425.1
1182735	Escherichia_coli_KTE165	GCF_000352765.1
1169397	Escherichia_coli_KTE166	GCF_000326765.1
1169398	Escherichia_coli_KTE167	GCF_000326905.1
1169399	Escherichia_coli_KTE168	GCF_000326445.1
1182736	Escherichia_coli_KTE169	GCF_000352025.1
1169336	Escherichia_coli_KTE17	GCF_000352125.1
1182737	Escherichia_coli_KTE170	GCF_000408825.1
1182738	Escherichia_coli_KTE171	GCF_000352045.1
1279005	Escherichia_coli_KTE172	GCF_000408845.1
1181724	Escherichia_coli_KTE173	GCF_000352845.1
1169400	Escherichia_coli_KTE174	GCF_000326605.1
1181725	Escherichia_coli_KTE175	GCF_000352865.1
1169401	Escherichia_coli_KTE176	GCF_000326465.1
1169402	Escherichia_coli_KTE177	GCF_000326785.1
1181726	Escherichia_coli_KTE178	GCF_000350905.1
1169403	Escherichia_coli_KTE179	GCF_000326485.1
1169337	Escherichia_coli_KTE18	GCF_000352145.1
1169404	Escherichia_coli_KTE180	GCF_000326805.1
1181727	Escherichia_coli_KTE181	GCF_000350925.1
1181728	Escherichia_coli_KTE182	GCF_000408065.1
1181729	Escherichia_coli_KTE183	GCF_000352905.1
1181730	Escherichia_coli_KTE184	GCF_000352885.1
1181731	Escherichia_coli_KTE185	GCF_000408085.1
1181732	Escherichia_coli_KTE186	GCF_000408105.1
1181733	Escherichia_coli_KTE187	GCF_000350945.1
1181734	Escherichia_coli_KTE188	GCF_000350965.1
1181735	Escherichia_coli_KTE189	GCF_000350985.1
1169338	Escherichia_coli_KTE19	GCF_000407825.1
1181736	Escherichia_coli_KTE190	GCF_000352825.1
1181737	Escherichia_coli_KTE191	GCF_000351005.1
1181738	Escherichia_coli_KTE192	GCF_000352785.1
1181739	Escherichia_coli_KTE193	GCF_000351025.1
1181740	Escherichia_coli_KTE194	GCF_000352805.1
1181741	Escherichia_coli_KTE195	GCF_000408125.1
1181742	Escherichia_coli_KTE196	GCF_000352925.1
1181743	Escherichia_coli_KTE197	GCF_000352945.1
1181744	Escherichia_coli_KTE198	GCF_000408145.1
1181745	Escherichia_coli_KTE199	GCF_000408165.1
1169324	Escherichia_coli_KTE2	GCF_000350625.1
1169339	Escherichia_coli_KTE20	GCF_000407845.1
1181746	Escherichia_coli_KTE200	GCF_000408185.1
1181747	Escherichia_coli_KTE201	GCF_000351045.1
1181748	Escherichia_coli_KTE202	GCF_000352965.1
1181749	Escherichia_coli_KTE203	GCF_000352985.1
1181750	Escherichia_coli_KTE204	GCF_000351065.1
1181751	Escherichia_coli_KTE205	GCF_000351085.1
1181752	Escherichia_coli_KTE206	GCF_000351105.1
1181753	Escherichia_coli_KTE207	GCF_000353005.1
1181754	Escherichia_coli_KTE208	GCF_000351125.1
1181755	Escherichia_coli_KTE209	GCF_000353025.1
1169340	Escherichia_coli_KTE21	GCF_000350785.1
1181756	Escherichia_coli_KTE210	GCF_000351145.1
1181757	Escherichia_coli_KTE211	GCF_000353045.1
1181758	Escherichia_coli_KTE212	GCF_000351165.1
1181759	Escherichia_coli_KTE213	GCF_000351185.1
1181760	Escherichia_coli_KTE214	GCF_000351205.1
1181761	Escherichia_coli_KTE215	GCF_000353065.1
1181762	Escherichia_coli_KTE216	GCF_000351225.1
1181763	Escherichia_coli_KTE217	GCF_000353085.1
1181764	Escherichia_coli_KTE218	GCF_000353105.1
1181765	Escherichia_coli_KTE219	GCF_000408205.1
1169341	Escherichia_coli_KTE22	GCF_000352265.1
1181766	Escherichia_coli_KTE220	GCF_000351245.1
1181767	Escherichia_coli_KTE221	GCF_000408225.1
1181768	Escherichia_coli_KTE222	GCF_000408245.1
1181769	Escherichia_coli_KTE223	GCF_000353125.1
1181770	Escherichia_coli_KTE224	GCF_000351265.1
1181771	Escherichia_coli_KTE225	GCF_000408265.1
1181772	Escherichia_coli_KTE226	GCF_000408285.1
1181773	Escherichia_coli_KTE227	GCF_000353145.1
1181774	Escherichia_coli_KTE228	GCF_000351285.1
1181775	Escherichia_coli_KTE229	GCF_000353165.1
1169342	Escherichia_coli_KTE23	GCF_000352205.1
1181776	Escherichia_coli_KTE230	GCF_000351305.1
1169323	Escherichia_coli_KTE231	GCF_000407785.1
1169365	Escherichia_coli_KTE232	GCF_000326825.1
1181777	Escherichia_coli_KTE233	GCF_000351325.1
1181778	Escherichia_coli_KTE234	GCF_000351345.1
1181779	Escherichia_coli_KTE235	GCF_000351365.1
1181780	Escherichia_coli_KTE236	GCF_000351385.1
1181781	Escherichia_coli_KTE237	GCF_000351405.1
1169343	Escherichia_coli_KTE24	GCF_000407865.1
1181782	Escherichia_coli_KTE240	GCF_000408305.1
1169344	Escherichia_coli_KTE25	GCF_000350805.1
1169345	Escherichia_coli_KTE26	GCF_000350825.1
1169346	Escherichia_coli_KTE27	GCF_000407885.1
1169347	Escherichia_coli_KTE28	GCF_000350845.1
1169348	Escherichia_coli_KTE29	GCF_000352245.1
1169316	Escherichia_coli_KTE3	GCF_000407685.1
1169349	Escherichia_coli_KTE31	GCF_000407925.1
1169351	Escherichia_coli_KTE33	GCF_000398885.1
1169352	Escherichia_coli_KTE34	GCF_000407945.1
1169320	Escherichia_coli_KTE35	GCF_000407745.1
1169353	Escherichia_coli_KTE36	GCF_000407965.1
1169354	Escherichia_coli_KTE37	GCF_000407985.1
1169355	Escherichia_coli_KTE38	GCF_000408005.1
1169356	Escherichia_coli_KTE39	GCF_000350865.1
1169325	Escherichia_coli_KTE4	GCF_000350645.1
1169357	Escherichia_coli_KTE40	GCF_000408025.1
1169358	Escherichia_coli_KTE41	GCF_000408045.1
1169359	Escherichia_coli_KTE42	GCF_000352185.1
1169360	Escherichia_coli_KTE43	GCF_000352225.1
1169361	Escherichia_coli_KTE44	GCF_000350885.1
1169362	Escherichia_coli_KTE45	GCF_000352165.1
1182653	Escherichia_coli_KTE46	GCF_000352285.1
1182654	Escherichia_coli_KTE47	GCF_000351425.1
1182655	Escherichia_coli_KTE48	GCF_000352305.1
1182656	Escherichia_coli_KTE49	GCF_000351445.1
1169326	Escherichia_coli_KTE5	GCF_000350665.1
1182657	Escherichia_coli_KTE50	GCF_000352325.1
1182658	Escherichia_coli_KTE51	GCF_000351465.1
1182660	Escherichia_coli_KTE53	GCF_000351485.1
1182661	Escherichia_coli_KTE54	GCF_000352345.1
1182662	Escherichia_coli_KTE55	GCF_000351505.1
1182663	Escherichia_coli_KTE56	GCF_000351525.1
1182664	Escherichia_coli_KTE57	GCF_000351545.1
1182665	Escherichia_coli_KTE58	GCF_000351565.1
1182666	Escherichia_coli_KTE59	GCF_000352365.1
1169327	Escherichia_coli_KTE6	GCF_000352065.1
1182667	Escherichia_coli_KTE60	GCF_000351585.1
1182668	Escherichia_coli_KTE61	GCF_000408345.1
1182669	Escherichia_coli_KTE62	GCF_000351605.1
1182670	Escherichia_coli_KTE63	GCF_000352385.1
1182671	Escherichia_coli_KTE64	GCF_000408365.1
1182672	Escherichia_coli_KTE65	GCF_000352405.1
1182673	Escherichia_coli_KTE66	GCF_000351625.1
1182674	Escherichia_coli_KTE67	GCF_000351645.1
1182675	Escherichia_coli_KTE68	GCF_000408385.1
1182676	Escherichia_coli_KTE69	GCF_000408405.1
1169317	Escherichia_coli_KTE7	GCF_000407705.1
1182677	Escherichia_coli_KTE70	GCF_000408425.1
1182678	Escherichia_coli_KTE71	GCF_000408445.1
1182679	Escherichia_coli_KTE72	GCF_000351665.1
1182680	Escherichia_coli_KTE73	GCF_000408465.1
1182681	Escherichia_coli_KTE74	GCF_000408485.1
1182682	Escherichia_coli_KTE75	GCF_000351685.1
1182683	Escherichia_coli_KTE76	GCF_000351705.1
1182684	Escherichia_coli_KTE77	GCF_000351725.1
1182685	Escherichia_coli_KTE78	GCF_000352425.1
1182686	Escherichia_coli_KTE79	GCF_000352445.1
1169328	Escherichia_coli_KTE8	GCF_000352085.1
1182687	Escherichia_coli_KTE80	GCF_000351745.1
1182688	Escherichia_coli_KTE81	GCF_000351765.1
1169363	Escherichia_coli_KTE82	GCF_000326505.1
1182689	Escherichia_coli_KTE83	GCF_000351785.1
1182690	Escherichia_coli_KTE84	GCF_000352465.1
1169364	Escherichia_coli_KTE85	GCF_000326885.1
1182691	Escherichia_coli_KTE86	GCF_000351805.1
1182692	Escherichia_coli_KTE87	GCF_000351825.1
1169366	Escherichia_coli_KTE88	GCF_000326625.1
1182693	Escherichia_coli_KTE89	GCF_000408505.1
1169329	Escherichia_coli_KTE9	GCF_000352105.1
1169367	Escherichia_coli_KTE90	GCF_000326645.1
1182694	Escherichia_coli_KTE91	GCF_000352485.1
1182696	Escherichia_coli_KTE93	GCF_000351845.1
1169368	Escherichia_coli_KTE94	GCF_000326525.1
1169369	Escherichia_coli_KTE95	GCF_000326845.1
1182697	Escherichia_coli_KTE96	GCF_000408525.1
1169370	Escherichia_coli_KTE97	GCF_000326545.1
1182698	Escherichia_coli_KTE98	GCF_000408545.1
1169371	Escherichia_coli_KTE99	GCF_000326665.1
1163386	Escherichia_coli_LCT_EC106	GCF_000259695.1
1258567	Escherichia_coli_LCT_EC52	GCF_000331615.1
1258580	Escherichia_coli_LCT_EC59	GCF_000317395.1
591946	Escherichia_coli_LF82	GCF_000284495.1
670890	Escherichia_coli_LT_68	GCF_000188815.1
656417	Escherichia_coli_M605	GCF_000176555.2
656419	Escherichia_coli_M718	GCF_000176575.2
656420	Escherichia_coli_M863	GCF_000190955.1
1005557	Escherichia_coli_MA6	GCF_000303975.2
1116140	Escherichia_coli_MP020940_1	GCF_000355275.2
1125638	Escherichia_coli_MP020980_1	GCF_000358145.2
1116139	Escherichia_coli_MP020980_2	GCF_000355295.1
1116057	Escherichia_coli_MP021017_1	GCF_000355515.2
1116064	Escherichia_coli_MP021017_10	GCF_000354375.2
1116065	Escherichia_coli_MP021017_11	GCF_000354415.2
1116111	Escherichia_coli_MP021017_12	GCF_000354395.1
1116058	Escherichia_coli_MP021017_2	GCF_000354435.2
1116059	Escherichia_coli_MP021017_3	GCF_000354475.2
1116060	Escherichia_coli_MP021017_4	GCF_000354495.2
1116061	Escherichia_coli_MP021017_5	GCF_000354515.2
1116062	Escherichia_coli_MP021017_6	GCF_000354535.2
1116063	Escherichia_coli_MP021017_9	GCF_000354555.2
1116134	Escherichia_coli_MP021552_11	GCF_000354575.2
1116135	Escherichia_coli_MP021552_12	GCF_000354595.1
1116132	Escherichia_coli_MP021552_7	GCF_000354615.2
1116133	Escherichia_coli_MP021552_8	GCF_000354735.2
1116136	Escherichia_coli_MP021561_2	GCF_000354795.2
1116137	Escherichia_coli_MP021561_3	GCF_000356425.2
1116138	Escherichia_coli_MP021566_1	GCF_000354855.1
679207	Escherichia_coli_MS_107_1	GCF_000179175.1
749537	Escherichia_coli_MS_115_1	GCF_000164235.1
749538	Escherichia_coli_MS_116_1	GCF_000164475.1
679206	Escherichia_coli_MS_119_7	GCF_000179155.1
679205	Escherichia_coli_MS_124_1	GCF_000179135.1
679204	Escherichia_coli_MS_145_7	GCF_000179115.1
749540	Escherichia_coli_MS_146_1	GCF_000164275.1
749545	Escherichia_coli_MS_182_1	GCF_000164255.1
749546	Escherichia_coli_MS_185_1	GCF_000164575.1
749547	Escherichia_coli_MS_187_1	GCF_000164335.1
749548	Escherichia_coli_MS_196_1	GCF_000164555.1
749549	Escherichia_coli_MS_198_1	GCF_000164195.1
749550	Escherichia_coli_MS_200_1	GCF_000164535.1
749527	Escherichia_coli_MS_21_1	GCF_000164355.1
749528	Escherichia_coli_MS_45_1	GCF_000164295.1
749531	Escherichia_coli_MS_69_1	GCF_000164315.1
749532	Escherichia_coli_MS_78_1	GCF_000164455.1
796392	Escherichia_coli_MS_79_10	GCF_000179095.1
749533	Escherichia_coli_MS_84_1	GCF_000164215.1
679202	Escherichia_coli_MS_85_1	GCF_000179075.1
562	Escherichia_coli_Mt1B1	GCF_003052625.1
1005567	Escherichia_coli_N1	GCF_000303635.2
1033813	Escherichia_coli_NA114	GCF_000214765.2
753642	Escherichia_coli_NC101	GCF_000179795.1
1169663	Escherichia_coli_NCCP15647	GCF_000259385.1
1169863	Escherichia_coli_NCCP15657	GCF_000258785.1
1169862	Escherichia_coli_NCCP15658	GCF_000260475.1
1005484	Escherichia_coli_NE037	GCF_000303835.2
1005486	Escherichia_coli_NE098	GCF_000303295.2
1005485	Escherichia_coli_NE1487	GCF_000303815.2
316435	Escherichia_coli_Nissle_1917	GCF_003546975.1
1227814	Escherichia_coli_O08	GCF_000340235.1
585395	Escherichia_coli_O103H2_str_12009	GCF_000010745.1
1165941	Escherichia_coli_O103H2_str_CVM9450	GCF_000263915.1
1165940	Escherichia_coli_O103H25_str_CVM9340	GCF_000263895.1
1101440	Escherichia_coli_O103H25_str_NIPH_11060424	GCF_000234605.1
1042803	Escherichia_coli_O104_H4_str_01_09591	GCF_000221065.1
1048265	Escherichia_coli_O104_H4_str_04_8351	GCF_000235245.1
1048266	Escherichia_coli_O104_H4_str_09_7901	GCF_000235225.1
1240768	Escherichia_coli_O104_H4_str_11_02030	GCF_000319995.1
1240769	Escherichia_coli_O104_H4_str_11_02033_1	GCF_000320015.1
1240770	Escherichia_coli_O104_H4_str_11_02092	GCF_000320035.1
1240771	Escherichia_coli_O104_H4_str_11_02093	GCF_000320075.1
1240772	Escherichia_coli_O104_H4_str_11_02281	GCF_000320095.1
1240773	Escherichia_coli_O104_H4_str_11_02318	GCF_000319835.1
1240774	Escherichia_coli_O104_H4_str_11_02913	GCF_000320115.1
1240775	Escherichia_coli_O104_H4_str_11_03439	GCF_000320135.1
1240777	Escherichia_coli_O104_H4_str_11_03943	GCF_000320155.1
1240776	Escherichia_coli_O104_H4_str_11_04080	GCF_000320175.1
1048334	Escherichia_coli_O104_H4_str_11_3677	GCF_000235205.1
1068614	Escherichia_coli_O104_H4_str_11_4404	GCF_000235185.1
1068615	Escherichia_coli_O104_H4_str_11_4522	GCF_000235165.1
1068616	Escherichia_coli_O104_H4_str_11_4623	GCF_000235145.1
1068617	Escherichia_coli_O104_H4_str_11_4632_C1	GCF_000235125.1
1068618	Escherichia_coli_O104_H4_str_11_4632_C2	GCF_000235105.1
1068619	Escherichia_coli_O104_H4_str_11_4632_C3	GCF_000235085.1
1068620	Escherichia_coli_O104_H4_str_11_4632_C4	GCF_000235065.1
1068621	Escherichia_coli_O104_H4_str_11_4632_C5	GCF_000235045.1
1134782	Escherichia_coli_O104_H4_str_2009EL_2050	GCF_000299255.1
1133853	Escherichia_coli_O104_H4_str_2009EL_2071	GCF_000299475.1
1133852	Escherichia_coli_O104_H4_str_2011C_3493	GCF_000299455.1
1048254	Escherichia_coli_O104_H4_str_C227_11	GCF_000235285.1
1048256	Escherichia_coli_O104_H4_str_C236_11	GCF_000235265.1
1240761	Escherichia_coli_O104_H4_str_Ec11_4984	GCF_000319915.1
1240762	Escherichia_coli_O104_H4_str_Ec11_4986	GCF_000319955.1
1240763	Escherichia_coli_O104_H4_str_Ec11_4987	GCF_000319975.1
1240764	Escherichia_coli_O104_H4_str_Ec11_4988	GCF_000320195.1
1240765	Escherichia_coli_O104_H4_str_Ec11_5603	GCF_000320215.1
1240766	Escherichia_coli_O104_H4_str_Ec11_5604	GCF_000319935.1
1240767	Escherichia_coli_O104_H4_str_Ec11_6006	GCF_000320235.1
1240758	Escherichia_coli_O104_H4_str_Ec11_9450	GCF_000319855.1
1240759	Escherichia_coli_O104_H4_str_Ec11_9941	GCF_000320045.1
1240760	Escherichia_coli_O104_H4_str_Ec11_9990	GCF_000319875.1
1240778	Escherichia_coli_O104_H4_str_Ec12_0465	GCF_000320255.1
1240779	Escherichia_coli_O104_H4_str_Ec12_0466	GCF_000320275.1
1073985	Escherichia_coli_O104_H4_str_GOS1	GCF_000223015.1
1073841	Escherichia_coli_O104_H4_str_GOS2	GCF_000223035.1
1042804	Escherichia_coli_O104_H4_str_H112180280	GCF_000217975.1
1052677	Escherichia_coli_O104_H4_str_H112180282	GCF_000222505.1
1069643	Escherichia_coli_O104_H4_str_H112180283	GCF_000222545.1
1040638	Escherichia_coli_O104_H4_str_LB226692	GCF_003072445.1
1136217	Escherichia_coli_O104_H4_str_ON2010	GCF_000258635.1
1136218	Escherichia_coli_O104_H4_str_ON2011	GCF_000258615.1
1038844	Escherichia_coli_O104_H4_str_TY_2482	GCF_000217695.1
1246623	Escherichia_coli_O10K5LH4_str_ATCC_23506	GCF_000333175.1
585396	Escherichia_coli_O111_H_str_11128	GCF_000010765.1
1232151	Escherichia_coli_O111_H11_str_CFSAN001630	GCF_000313425.1
1165946	Escherichia_coli_O111_H11_str_CVM9534	GCF_000263935.1
1165947	Escherichia_coli_O111_H11_str_CVM9553	GCF_000276925.1
1232154	Escherichia_coli_O111_H8_str_CFSAN001632	GCF_000313445.1
1165945	Escherichia_coli_O111_H8_str_CVM9570	GCF_000263975.1
1165943	Escherichia_coli_O111_H8_str_CVM9574	GCF_000263995.1
1165942	Escherichia_coli_O111_H8_str_CVM9602	GCF_000276745.1
1165944	Escherichia_coli_O111_H8_str_CVM9634	GCF_000276765.1
1078029	Escherichia_coli_O113_H21_str_CL_3	GCF_000234235.1
1078031	Escherichia_coli_O121_H19_str_MT_2	GCF_000234275.2
1090929	Escherichia_coli_O127_H27_str_C43_90	GCF_000350045.2
574521	Escherichia_coli_O127_H6_str_E2348_69	GCF_000026545.1
1078035	Escherichia_coli_O145_H28_str_4865_96	GCF_000234315.1
926027	Escherichia_coli_O157_H_str_493_89	GCF_000187305.1
926028	Escherichia_coli_O157_H_str_H_2687	GCF_000187325.1
155864	Escherichia_coli_O157_H7_EDL933	GCF_000732965.1
997824	Escherichia_coli_O157_H7_str_1044	GCF_000192665.1
997825	Escherichia_coli_O157_H7_str_1125	GCF_000192685.1
83334	Escherichia_coli_O157_H7_str_2149	GCF_001753465.1
941435	Escherichia_coli_O157_H7_str_EC1212	GCF_000193955.1
702430	Escherichia_coli_O157_H7_str_EC4009	GCF_000178315.1
444449	Escherichia_coli_O157_H7_str_EC4042	GCF_000181775.1
444448	Escherichia_coli_O157_H7_str_EC4045	GCF_000181755.1
702432	Escherichia_coli_O157_H7_str_EC4084	GCF_000178715.1
444450	Escherichia_coli_O157_H7_str_EC4115	GCF_000021125.1
702434	Escherichia_coli_O157_H7_str_EC4191	GCF_000178755.1
702436	Escherichia_coli_O157_H7_str_EC536	GCF_000178795.1
637388	Escherichia_coli_O157_H7_str_FRIK2000	GCF_000175755.1
570506	Escherichia_coli_O157_H7_str_FRIK966	GCF_000175735.1
926026	Escherichia_coli_O157_H7_str_G5101	GCF_000187285.1
1240385	Escherichia_coli_O157_H7_str_H093800014	GCF_000321145.1
926032	Escherichia_coli_O157_H7_str_LSU_61	GCF_000187385.1
386585	Escherichia_coli_O157_H7_str_Sakai	GCF_000008865.2
544404	Escherichia_coli_O157_H7_str_TW14359	GCF_000022225.1
502346	Escherichia_coli_O157_H7_str_TW14588	GCF_000155125.1
1317131	Escherichia_coli_O157_str_NCCP15738	GCF_000392575.1
1317130	Escherichia_coli_O157_str_NCCP15739	GCF_000392555.1
941322	Escherichia_coli_O25b_H4_ST131_str_EC958	GCF_000285655.3
573235	Escherichia_coli_O26_H11_str_11368	GCF_000091005.1
1232150	Escherichia_coli_O26_H11_str_CFSAN001629	GCF_000313405.1
1165950	Escherichia_coli_O26_H11_str_CVM10021	GCF_000276945.1
1165951	Escherichia_coli_O26_H11_str_CVM10026	GCF_000264035.1
1165952	Escherichia_coli_O26_H11_str_CVM10030	GCF_000276845.1
1165953	Escherichia_coli_O26_H11_str_CVM10224	GCF_000276785.1
1165949	Escherichia_coli_O26_H11_str_CVM9942	GCF_000264015.1
1163738	Escherichia_coli_O26_H11_str_CVM9952	GCF_000276885.1
1167694	Escherichia_coli_O32_H37_str_P4	GCF_000259425.1
1078033	Escherichia_coli_O45_H2_str_03_EN_705	GCF_000234295.1
1268238	Escherichia_coli_O5_K4_L_H4_str_ATCC_23502	GCF_000333195.1
926029	Escherichia_coli_O55_H7_str_3256_97	GCF_000187345.1
701177	Escherichia_coli_O55_H7_str_CB9615	GCF_000025165.1
926030	Escherichia_coli_O55_H7_str_USDA_5905	GCF_002775135.1
1072459	Escherichia_coli_O7_K1_str_CE10	GCF_000227625.1
685038	Escherichia_coli_O83_H1_str_NRG_857C	GCF_000183345.1
1055539	Escherichia_coli_O91	GCF_000403965.1
1078030	Escherichia_coli_O91_H21_str_B2F1	GCF_000234255.2
670904	Escherichia_coli_OK1180	GCF_000188835.1
1090930	Escherichia_coli_ONT_H33_str_C48_93	GCF_000350025.2
1116141	Escherichia_coli_P0298942_1	GCF_000356165.2
1116147	Escherichia_coli_P0298942_10	GCF_000356525.2
1116148	Escherichia_coli_P0298942_11	GCF_000357725.1
1116149	Escherichia_coli_P0298942_12	GCF_000358915.1
1116150	Escherichia_coli_P0298942_14	GCF_000358815.1
1116151	Escherichia_coli_P0298942_15	GCF_000357385.2
1125639	Escherichia_coli_P0298942_3	GCF_000357445.2
1125640	Escherichia_coli_P0298942_4	GCF_000357065.2
1116143	Escherichia_coli_P0298942_6	GCF_000357425.2
1116144	Escherichia_coli_P0298942_7	GCF_000357545.2
1116045	Escherichia_coli_P0299438_10	GCF_000357585.2
1116046	Escherichia_coli_P0299438_11	GCF_000356985.2
1116152	Escherichia_coli_P0299438_2	GCF_000356645.2
1116038	Escherichia_coli_P0299438_3	GCF_000357005.2
1116039	Escherichia_coli_P0299438_4	GCF_000357025.2
1116040	Escherichia_coli_P0299438_5	GCF_000357045.2
1116041	Escherichia_coli_P0299438_6	GCF_000357225.2
1116042	Escherichia_coli_P0299438_7	GCF_000357245.1
1116043	Escherichia_coli_P0299438_8	GCF_000357265.2
1116044	Escherichia_coli_P0299438_9	GCF_000357285.2
1125648	Escherichia_coli_P0299483_1	GCF_000357465.2
1125649	Escherichia_coli_P0299483_2	GCF_000357105.1
1125650	Escherichia_coli_P0299483_3	GCF_000357125.1
1116131	Escherichia_coli_P02997067_6	GCF_000357145.2
1116047	Escherichia_coli_P0299917_1	GCF_000356665.2
1116056	Escherichia_coli_P0299917_10	GCF_000357165.1
1116048	Escherichia_coli_P0299917_2	GCF_000357185.2
1116050	Escherichia_coli_P0299917_4	GCF_000357305.2
1116051	Escherichia_coli_P0299917_5	GCF_000357325.1
1116052	Escherichia_coli_P0299917_6	GCF_000357345.2
1116053	Escherichia_coli_P0299917_7	GCF_000357365.2
1116054	Escherichia_coli_P0299917_8	GCF_000358795.2
1116055	Escherichia_coli_P0299917_9	GCF_000357505.2
1116066	Escherichia_coli_P0301867_1	GCF_000355315.2
1116072	Escherichia_coli_P0301867_11	GCF_000357525.2
1125642	Escherichia_coli_P0301867_13	GCF_000357625.2
1125641	Escherichia_coli_P0301867_2	GCF_000356025.2
1116067	Escherichia_coli_P0301867_3	GCF_000358835.2
1116068	Escherichia_coli_P0301867_4	GCF_000356005.2
1116069	Escherichia_coli_P0301867_5	GCF_000358855.2
1116070	Escherichia_coli_P0301867_7	GCF_000358775.2
1125647	Escherichia_coli_P0301904_3	GCF_000357645.1
1116079	Escherichia_coli_P0302293_10	GCF_000356765.2
1116073	Escherichia_coli_P0302293_2	GCF_000356545.1
1116074	Escherichia_coli_P0302293_3	GCF_000356805.2
1116075	Escherichia_coli_P0302293_4	GCF_000356785.2
1116076	Escherichia_coli_P0302293_6	GCF_000356945.1
1125643	Escherichia_coli_P0302293_7	GCF_000357665.2
1116077	Escherichia_coli_P0302293_8	GCF_000356965.1
1116078	Escherichia_coli_P0302293_9	GCF_000358165.2
1116153	Escherichia_coli_P0302308_1	GCF_000355075.2
1116158	Escherichia_coli_P0302308_10	GCF_000358875.1
1116159	Escherichia_coli_P0302308_11	GCF_000357605.2
1116160	Escherichia_coli_P0302308_12	GCF_000358735.1
1116161	Escherichia_coli_P0302308_13	GCF_000358975.2
1116162	Escherichia_coli_P0302308_14	GCF_000358935.2
1116154	Escherichia_coli_P0302308_2	GCF_000357765.2
1116155	Escherichia_coli_P0302308_3	GCF_000357785.2
1116156	Escherichia_coli_P0302308_4	GCF_000357805.1
1116157	Escherichia_coli_P0302308_5	GCF_000357825.2
1116163	Escherichia_coli_P0304777_1	GCF_000355095.2
1116171	Escherichia_coli_P0304777_10	GCF_000358185.2
1116172	Escherichia_coli_P0304777_11	GCF_000358205.2
1116173	Escherichia_coli_P0304777_12	GCF_000358225.2
1116174	Escherichia_coli_P0304777_13	GCF_000358245.2
1116175	Escherichia_coli_P0304777_14	GCF_000358265.2
1116176	Escherichia_coli_P0304777_15	GCF_000358285.2
1116164	Escherichia_coli_P0304777_2	GCF_000400895.2
1116165	Escherichia_coli_P0304777_3	GCF_000358315.1
1116166	Escherichia_coli_P0304777_4	GCF_000358355.2
1116168	Escherichia_coli_P0304777_7	GCF_000358375.1
1116169	Escherichia_coli_P0304777_8	GCF_000358395.2
1116170	Escherichia_coli_P0304777_9	GCF_000358415.2
1125651	Escherichia_coli_P0304799_3	GCF_000357685.2
1116177	Escherichia_coli_P0304816_1	GCF_000356565.1
1116187	Escherichia_coli_P0304816_11	GCF_000358455.2
1116188	Escherichia_coli_P0304816_12	GCF_000358495.2
1116189	Escherichia_coli_P0304816_13	GCF_000358475.1
1116190	Escherichia_coli_P0304816_14	GCF_000358995.1
1116191	Escherichia_coli_P0304816_15	GCF_000358515.2
1116178	Escherichia_coli_P0304816_2	GCF_000358535.2
1116179	Escherichia_coli_P0304816_3	GCF_000359015.2
1116180	Escherichia_coli_P0304816_4	GCF_000359035.2
1116181	Escherichia_coli_P0304816_5	GCF_000358955.2
1116182	Escherichia_coli_P0304816_6	GCF_000357845.2
1116183	Escherichia_coli_P0304816_7	GCF_000357865.2
1116184	Escherichia_coli_P0304816_8	GCF_000357885.2
1116185	Escherichia_coli_P0304816_9	GCF_000357905.2
1125644	Escherichia_coli_P0305260_1	GCF_000356585.2
1116084	Escherichia_coli_P0305260_10	GCF_000357925.2
1116085	Escherichia_coli_P0305260_11	GCF_000357945.2
1116086	Escherichia_coli_P0305260_12	GCF_000357965.2
1116087	Escherichia_coli_P0305260_13	GCF_000357985.2
1116088	Escherichia_coli_P0305260_15	GCF_000358005.2
1125645	Escherichia_coli_P0305260_2	GCF_000357705.2
1116192	Escherichia_coli_P0305260_3	GCF_000358025.2
1116193	Escherichia_coli_P0305260_4	GCF_000358045.2
1116194	Escherichia_coli_P0305260_5	GCF_000358065.2
1116080	Escherichia_coli_P0305260_6	GCF_000358085.2
1116081	Escherichia_coli_P0305260_7	GCF_000358105.2
1116082	Escherichia_coli_P0305260_8	GCF_000358125.1
1116083	Escherichia_coli_P0305260_9	GCF_000356825.2
1116089	Escherichia_coli_p0305293_1	GCF_000356605.2
1116098	Escherichia_coli_p0305293_10	GCF_000358555.1
1116099	Escherichia_coli_p0305293_11	GCF_000358575.2
1116100	Escherichia_coli_p0305293_12	GCF_000358595.2
1125646	Escherichia_coli_p0305293_14	GCF_000357485.2
1116102	Escherichia_coli_p0305293_15	GCF_000358615.2
1116090	Escherichia_coli_p0305293_2	GCF_000358635.2
1116091	Escherichia_coli_p0305293_3	GCF_000358655.2
1116092	Escherichia_coli_p0305293_4	GCF_000358675.2
1116093	Escherichia_coli_p0305293_5	GCF_000359055.2
1116094	Escherichia_coli_p0305293_6	GCF_000359075.1
1116095	Escherichia_coli_p0305293_7	GCF_000359095.2
1116096	Escherichia_coli_p0305293_8	GCF_000358695.2
1116097	Escherichia_coli_p0305293_9	GCF_000358715.2
910348	Escherichia_coli_P12b	GCF_000257275.1
1005494	Escherichia_coli_PA10	GCF_000267865.2
1051349	Escherichia_coli_PA11	GCF_000335415.2
1051350	Escherichia_coli_PA13	GCF_000335435.2
1005495	Escherichia_coli_PA14	GCF_000267845.2
1005496	Escherichia_coli_PA15	GCF_000267825.2
1051351	Escherichia_coli_PA19	GCF_000335335.2
1005487	Escherichia_coli_PA2	GCF_000335355.2
1005497	Escherichia_coli_PA22	GCF_000267085.1
1005498	Escherichia_coli_PA23	GCF_000303895.2
1005499	Escherichia_coli_PA24	GCF_000267805.2
1005500	Escherichia_coli_PA25	GCF_000267785.2
1005501	Escherichia_coli_PA28	GCF_000267765.2
1005488	Escherichia_coli_PA3	GCF_000267925.2
1005502	Escherichia_coli_PA31	GCF_000267745.2
1005503	Escherichia_coli_PA32	GCF_000267725.2
1005504	Escherichia_coli_PA33	GCF_000267705.2
1005505	Escherichia_coli_PA34	GCF_000303695.2
1051352	Escherichia_coli_PA35	GCF_000335175.2
1005506	Escherichia_coli_PA38	GCF_000303675.2
1005489	Escherichia_coli_PA4	GCF_000303875.2
1005508	Escherichia_coli_PA40	GCF_000267105.1
1005509	Escherichia_coli_PA41	GCF_000267665.2
1005510	Escherichia_coli_PA42	GCF_000267645.2
1005511	Escherichia_coli_PA45	GCF_000303935.2
1005512	Escherichia_coli_PA47	GCF_000335075.2
1005513	Escherichia_coli_PA48	GCF_000335095.2
1005490	Escherichia_coli_PA5	GCF_000267905.2
1005491	Escherichia_coli_PA7	GCF_000302735.1
1005492	Escherichia_coli_PA8	GCF_000335455.2
1005493	Escherichia_coli_PA9	GCF_000267885.2
1001989	Escherichia_coli_PCN033	GCF_000219515.2
670899	Escherichia_coli_RN587_1	GCF_000188875.1
1227813	Escherichia_coli_S17	GCF_000340255.1
585035	Escherichia_coli_S88	GCF_000026285.1
1144302	Escherichia_coli_SCI_07	GCF_000252805.1
409438	Escherichia_coli_SE11	GCF_000010385.1
431946	Escherichia_coli_SE15	GCF_000010485.1
1196033	Escherichia_coli_SEPT362	GCF_000340275.1
439855	Escherichia_coli_SMS_3_5	GCF_000019645.1
754082	Escherichia_coli_STEC_7v	GCF_000194575.1
754083	Escherichia_coli_STEC_94C	GCF_000225105.1
754084	Escherichia_coli_STEC_B2F1	GCF_000225025.1
754085	Escherichia_coli_STEC_C165_02	GCF_000225045.1
754086	Escherichia_coli_STEC_DG131_3	GCF_000225125.1
754087	Escherichia_coli_STEC_EH250	GCF_000225145.1
754088	Escherichia_coli_STEC_H_1_8	GCF_000225185.2
754089	Escherichia_coli_STEC_MHI813	GCF_000225205.1
754081	Escherichia_coli_STEC_O31	GCF_000281775.1
754090	Escherichia_coli_STEC_S1191	GCF_000225225.1
885275	Escherichia_coli_str_clone_D_i14	GCF_000233895.1
885276	Escherichia_coli_str_clone_D_i2	GCF_000233875.1
316385	Escherichia_coli_str_K_12_substr_DH10B	GCF_000019425.1
1110693	Escherichia_coli_str_K_12_substr_MDS42	GCF_008247765.1
511145	Escherichia_coli_str_K_12_substr_MG1655	GCF_003627195.1
879462	Escherichia_coli_str_K_12_substr_MG1655star	GCF_000146735.1
316407	Escherichia_coli_str_K_12_substr_W3110	GCF_000010245.2
1235805	Escherichia_coli_SWW33	GCF_000364305.1
656429	Escherichia_coli_TA007	GCF_000190975.1
656435	Escherichia_coli_TA124	GCF_000242055.1
656437	Escherichia_coli_TA143	GCF_000176615.2
656440	Escherichia_coli_TA206	GCF_000176595.2
656443	Escherichia_coli_TA271	GCF_000176635.2
656444	Escherichia_coli_TA280	GCF_000176655.2
1116001	Escherichia_coli_ThroopD	GCF_000355115.2
1005555	Escherichia_coli_TT12B	GCF_000303955.2
1005564	Escherichia_coli_TW00353	GCF_000304115.2
1005515	Escherichia_coli_TW06591	GCF_000267125.1
869693	Escherichia_coli_TW07793	GCF_000194685.1
1005516	Escherichia_coli_TW07945	GCF_000267625.2
1005519	Escherichia_coli_TW09098	GCF_000267605.2
1005520	Escherichia_coli_TW09109	GCF_000267065.1
1005522	Escherichia_coli_TW10119	GCF_000267185.1
1005517	Escherichia_coli_TW10246	GCF_000267145.1
656449	Escherichia_coli_TW10509	GCF_000190995.1
913091	Escherichia_coli_TW10598	GCF_000166535.2
913090	Escherichia_coli_TW10722	GCF_000166555.1
913089	Escherichia_coli_TW10828	GCF_000166575.1
1005518	Escherichia_coli_TW11039	GCF_000267165.1
913088	Escherichia_coli_TW11681	GCF_000166595.1
1005526	Escherichia_coli_TW14301	GCF_000267405.2
913087	Escherichia_coli_TW14425	GCF_000166615.1
1005562	Escherichia_coli_TW15901	GCF_000304075.2
670903	Escherichia_coli_TX1999	GCF_000225245.1
869729	Escherichia_coli_UM146	GCF_000148605.1
585056	Escherichia_coli_UMN026	GCF_000026325.1
1050617	Escherichia_coli_UMNF18	GCF_000220005.1
696406	Escherichia_coli_UMNK88	GCF_000212715.2
364106	Escherichia_coli_UTI89_UPEC	GCF_000013265.1
566546	Escherichia_coli_W	GCF_000258145.1
1090926	Escherichia_coli_W26	GCF_000258225.1
1069495	Escherichia_coli_XH001	GCF_000224395.1
1068608	Escherichia_coli_XH140A	GCF_000226585.1
741093	Escherichia_coli_Xuzhou21	GCF_000262125.1
585054	Escherichia_fergusonii_ATCC_35469	GCF_000026225.1
550694	Escherichia_fergusonii_B253	GCF_000190495.1
981367	Escherichia_fergusonii_ECD227	GCF_000191665.1
1115512	Escherichia_hermannii_NBRC_105704	GCF_000248015.1
457400	Escherichia_sp_1_1_43	GCF_000159895.2
561	Escherichia_sp_3_2_53FAA	GCF_000157115.2
457401	Escherichia_sp_4_1_40B	GCF_000158415.2
754331	Escherichia_sp_TW09308	GCF_000208565.1
663278	Ethanoligenens_harbinense_YUAN_3	GCF_000178115.2
518637	Eubacterium_biforme_DSM_3989	GCF_000156655.1
1321814	Eubacterium_brachy_ATCC_33089	GCF_000488855.1
633697	Eubacterium_cellulosolvens_6	GCF_000183525.2
1408436	Eubacterium_cellulosolvens_LD2006	GCF_000621585.1
717960	Eubacterium_cylindroides_T2_87	GCF_000210615.1
1408437	Eubacterium_desmolans_ATCC_43058	GCF_000701665.1
428127	Eubacterium_dolichum_DSM_3991	GCF_000154285.1
515620	Eubacterium_eligens_ATCC_27750	GCF_000146185.1
411469	Eubacterium_hallii_DSM_3353	GCF_000173975.1
411487	Eubacterium_hallii_L2_7	GCF_900209925.1
883109	Eubacterium_infirmum_F0142	GCF_000242675.1
1736	Eubacterium_limosum_DSM_20543	GCF_000807675.2
1736	Eubacterium_limosum_ERR2221373	
903814	Eubacterium_limosum_KIST612	GCF_000152245.2
1732	Eubacterium_oxidoreducens_DSM_3217	GCF_900104415.1
1235802	Eubacterium_plexicaudatum_ASF492	GCF_000364225.1
155865	Eubacterium_pyruvativorans_KHPC4	GCF_900102225.1
1256908	Eubacterium_ramulus_ATCC_29099	GCF_000469345.1
39490	Eubacterium_ramulus_ERR1022349	
515619	Eubacterium_rectale_ATCC_33656	GCF_000020605.1
657318	Eubacterium_rectale_DSM_17629	GCF_000209935.1
39491	Eubacterium_rectale_ERR1022318	
39491	Eubacterium_rectale_ERR1022399	
39491	Eubacterium_rectale_ERR1022482	
39491	Eubacterium_rectale_ERR1203958	
39491	Eubacterium_rectale_ERR1204052	
39491	Eubacterium_rectale_ERR2221160	
39491	Eubacterium_rectale_ERR2230060	
657317	Eubacterium_rectale_M104_1	GCF_000209955.1
592031	Eubacterium_saphenum_ATCC_49989	GCF_000161975.1
657319	Eubacterium_siraeum_70_3	GCF_000209915.1
428128	Eubacterium_siraeum_DSM_15702	GCF_000154325.1
717961	Eubacterium_siraeum_V10Sc8a	GCF_000210635.1
1235790	Eubacterium_sp_14_2	GCF_000403845.2
457402	Eubacterium_sp_3_1_31	GCF_000242955.1
1658112	Eubacterium_sp_SB2	GCF_001244405.1
888727	Eubacterium_sulci_ATCC_35585	GCF_000526055.1
411463	Eubacterium_ventriosum_ATCC_27560	GCF_000153885.1
39498	Eubacterium_yurii_ATCC_43714	GCF_900167215.1
864565	Eubacterium_yurii_subsp_margaretiae_ATCC_43715	GCF_000146855.1
910964	Ewingella_americana_ATCC_33852	GCF_000735345.1
41202	Ewingella_americana_BRK18a	GCF_002816315.1
1397694	Exiguobacterium_aurantiacum_DSM_6208	GCF_000702585.1
273528	Exiguobacterium_marinum_ERR2221224	
33986	Exiguobacterium_nov_ERR2221364	
169177	Exiguobacterium_undae_ERR2221363	
1796622	Extibacter_muris_DSM_28560	GCF_004345005.1
883110	Facklamia_hominis_ACS_120_V_Sch10	GCA_000413455.1
883111	Facklamia_hominis_CCUG_36813	GCA_000301035.1
883113	Facklamia_languida_CCUG_37842	GCF_000245795.1
216851	Faecalibacterium_cf_ERR1022328	
748224	Faecalibacterium_cf_prausnitzii_KLE1255	GCF_000166035.1
411483	Faecalibacterium_prausnitzii_A2_165	GCF_000162015.1
853	Faecalibacterium_prausnitzii_ERR1022279	
853	Faecalibacterium_prausnitzii_ERR1022327	
853	Faecalibacterium_prausnitzii_ERR1022484	
853	Faecalibacterium_prausnitzii_ERR2221188	
718252	Faecalibacterium_prausnitzii_L2_6	GCA_000210735.1
411485	Faecalibacterium_prausnitzii_M21_2	GCF_000154385.1
657322	Faecalibacterium_prausnitzii_SL3_3	GCF_000209855.1
649755	Faecalitalea_cylindroides_ATCC_27803	GCF_000469305.1
1723384	Fenollaria_timonensis_GD5	GCF_001457835.1
546269	Filifactor_alocis_ATCC_35896	GCF_000163895.2
768713	Finegoldia_magna_ACS_171_V_Col3	GCF_000179495.1
334413	Finegoldia_magna_ATCC_29328	GCF_000010185.1
525282	Finegoldia_magna_ATCC_53516	GCF_000159695.1
866773	Finegoldia_magna_BVS033A4	GCF_000179695.1
866779	Finegoldia_magna_SY403409CC001050417	GCF_000221585.1
1522309	Flaviflexus_massiliensis_SIT4	GCF_001375495.1
295428	Flavobacterium_cheniae_CGMCC_16844	GCF_007830415.1
295428	Flavobacterium_cheniae_DSM_22462	GCF_004363695.1
416016	Flavobacterium_cucumis_DSM_18830	GCF_900148835.1
411475	Flavonifractor_plautii_ATCC_29863	GCF_000239295.1
292800	Flavonifractor_plautii_ERR1022312	
292800	Flavonifractor_plautii_ERR1022406	
292800	Flavonifractor_plautii_ERR1022420	
292800	Flavonifractor_plautii_ERR1022446	
292800	Flavonifractor_plautii_ERR2221213	
292800	Flavonifractor_plautii_ERR2221305	
292800	Flavonifractor_plautii_YL31	GCF_001688625.2
1650663	Fournierella_massiliensis_DSM_100451	GCF_001486665.1
1796636	Frisingicoccus_caecimuris_DSM_28559	GCF_004340975.1
283737	Fructobacillus_durionis_DSM_19113	GCF_900112405.1
220714	Fructobacillus_pseudoficulneus_DSM_15468	GCF_900108455.1
709323	Fructobacillus_tropaeoli_F214_1	GCF_001047135.2
217511	Fulvimarina_pelagi_DSM_15513	GCF_001463845.1
314231	Fulvimarina_pelagi_HTCC2506	GCF_000153705.1
1150298	Fusicatenibacter_saccharivorans_ERR1022307	
1150298	Fusicatenibacter_saccharivorans_ERR1022400	
1150298	Fusicatenibacter_saccharivorans_ERR1022437	
469605	Fusobacterium_gonidiaformans_3_1_5R	GCF_000158235.1
469615	Fusobacterium_gonidiaformans_ATCC_25563	GCF_003019695.1
1852365	Fusobacterium_massiliense_DSM_103085	GCF_900095705.1
469616	Fusobacterium_mortiferum_ATCC_9817	GCF_003019315.1
858	Fusobacterium_necrogenes_NCTC10723	GCF_900450765.1
556263	Fusobacterium_necrophorum_D12	GCF_000158295.2
742814	Fusobacterium_necrophorum_subsp_funduliforme_1_1_36S	GCF_003019715.1
1095747	Fusobacterium_necrophorum_subsp_funduliforme_ATCC_51357	GCF_000262225.1
1161424	Fusobacterium_necrophorum_subsp_funduliforme_Fnf_1007	GCF_000292975.1
1357398	Fusobacterium_nucleatum_13_3C	GCF_000523555.1
1204475	Fusobacterium_nucleatum_CTI_2	GCF_000479265.1
457403	Fusobacterium_nucleatum_subsp_animalis_11_3_2	GCF_000218655.1
469601	Fusobacterium_nucleatum_subsp_animalis_21_1A	GCF_000218645.2
469603	Fusobacterium_nucleatum_subsp_animalis_3_1_33	GCF_000162355.2
457405	Fusobacterium_nucleatum_subsp_animalis_7_1	GCF_000158275.2
997347	Fusobacterium_nucleatum_subsp_animalis_ATCC_51191	GCA_000220825.1
556264	Fusobacterium_nucleatum_subsp_animalis_D11	GCF_000158535.2
999414	Fusobacterium_nucleatum_subsp_animalis_OT_420	GCF_000242975.1
525283	Fusobacterium_nucleatum_subsp_nucleatum_ATCC_23726	GCF_000178895.1
190304	Fusobacterium_nucleatum_subsp_nucleatum_ATCC_25586	GCF_000007325.1
393480	Fusobacterium_nucleatum_subsp_polymorphum_ATCC_10953	GCF_000153625.3
693991	Fusobacterium_nucleatum_subsp_polymorphum_F0401	GCF_000234075.2
469602	Fusobacterium_nucleatum_subsp_vincentii_3_1_27	GCF_000163915.2
469604	Fusobacterium_nucleatum_subsp_vincentii_3_1_36A2	GCF_000162235.2
469606	Fusobacterium_nucleatum_subsp_vincentii_4_1_13	GCF_000158255.2
209882	Fusobacterium_nucleatum_subsp_vincentii_ATCC_49256	
1408439	Fusobacterium_perfoetens_ATCC_29250	GCF_000622245.1
469621	Fusobacterium_periodonticum_1_1_41FAA	GCF_000163935.1
469599	Fusobacterium_periodonticum_2_1_31	GCF_000158215.3
546275	Fusobacterium_periodonticum_ATCC_33693	GCF_000160475.1
1278306	Fusobacterium_russii_ATCC_25533	GCF_000381725.1
469607	Fusobacterium_sp_4_8	GCF_000400875.1
457404	Fusobacterium_ulcerans_12_1B	GCF_000242995.2
469617	Fusobacterium_ulcerans_ATCC_49185	GCF_900683735.1
469618	Fusobacterium_varium_ATCC_27725	GCF_003019655.1
1686296	Gabonia_massiliensis_DSM_100571	GCF_001403595.1
1720195	Gabonibacter_massiliensis_DSM_101039	GCF_001487125.1
698958	Gardnerella_vaginalis_00703Bmash	GCF_000263615.1
2702	Gardnerella_vaginalis_14019_MetR	GCF_001278345.1
1261060	Gardnerella_vaginalis_JCP7672	GCF_000414645.1
546270	Gemella_haemolysans_ATCC_10379	GCF_000173915.1
562981	Gemella_haemolysans_M341	GCF_000204355.1
562982	Gemella_morbillorum_M424	GCF_000185645.1
1408440	Gemella_sanguinis_ATCC700632	GCF_000701685.1
562983	Gemella_sanguinis_M325	GCF_000204335.2
214688	Gemmata_obscuriglobus_UQM_2246	GCF_000171775.1
379066	Gemmatimonas_aurantiaca_T_27	GCF_000010305.1
745368	Gemmiger_formicilis_ATCC_27749	GCF_900167555.1
745368	Gemmiger_formicilis_ERR1203953	
745368	Gemmiger_formicilis_ERR1204047	
745368	Gemmiger_formicilis_ERR2221191	
937593	Geobacillus_stearothermophilus_ATCC_7953	GCF_000705495.1
1382315	Geobacillus_vulcani_PSS1	GCF_000733845.1
1077975	Gordonia_rubripertincta_NBRC_101908	GCF_000327325.1
1316928	Gordonia_terrae_C_6	GCF_000390025.1
1089454	Gordonia_terrae_NBRC_100016	GCF_000248035.1
657308	Gordonibacter_pamelaeae_7_10_1_bT_DSM_19378	GCF_000210055.1
471189	Gordonibacter_pamelaeae_ERR2221155	
471189	Gordonibacter_pamelaeae_ERR2221387	
1689269	Gorillibacterium_timonense_CSUR_P2011	GCF_001457415.1
1128398	Gottschalkia_acidurici_9a	GCF_000299355.1
1503	Gottschalkia_purinilyticum_DSM_1384	GCF_001190785.1
1564956	Gracilibacillus_massiliensis_DSM_29726	GCF_001458115.1
1816696	Gracilibacillus_timonensis_CSUR_P2481	GCF_900086715.1
342658	Gracilibacter_sp_BRH_c7a	
638301	Granulicatella_adiacens_ATCC_49175	GCF_000160675.1
626369	Granulicatella_elegans_ATCC_700633	GCF_000162475.2
675812	Grimontia_hollisae_CIP_101886	GCF_000176515.1
1504823	Guyana_massiliensis_LF_3	GCF_000752095.2
888728	Haemophilus_aegyptius_ATCC_11116	GCF_000195005.1
1095742	Haemophilus_haemolyticus_HK386	GCF_000262285.1
1028803	Haemophilus_haemolyticus_M19501	GCF_000222025.1
1028804	Haemophilus_haemolyticus_M21127	GCF_000222045.1
1028805	Haemophilus_haemolyticus_M21621	GCF_000222065.1
1028806	Haemophilus_haemolyticus_M21639	GCF_000222085.1
862964	Haemophilus_influenzae_10810	GCF_000210875.1
727	Haemophilus_influenzae_477	GCF_000931575.1
521004	Haemophilus_influenzae_6P18H1	GCF_000173335.1
521005	Haemophilus_influenzae_7P49H1	GCF_000173315.1
281310	Haemophilus_influenzae_86_028NP	GCF_000012185.1
866630	Haemophilus_influenzae_F3031	GCF_000197875.1
935897	Haemophilus_influenzae_F3047	GCF_000200475.1
727	Haemophilus_influenzae_Hi375	GCF_000767075.1
656913	Haemophilus_influenzae_NT127	GCF_000175435.1
374928	Haemophilus_influenzae_PittAA	GCF_000169795.1
374930	Haemophilus_influenzae_PittEE	GCF_000016465.1
374931	Haemophilus_influenzae_PittGG	GCF_000016485.1
374932	Haemophilus_influenzae_PittHH	GCF_000169815.1
374933	Haemophilus_influenzae_PittII	GCF_000169835.1
262727	Haemophilus_influenzae_R2846	GCF_000165575.1
262728	Haemophilus_influenzae_R2866	GCF_000165525.1
71421	Haemophilus_influenzae_Rd_KW20	GCF_000027305.1
656912	Haemophilus_influenzae_RdAW	GCF_000175455.1
735	Haemophilus_parahaemolyticus_CCUG_3716_3716T	GCF_002015035.1
1430896	Haemophilus_parahaemolyticus_G321	GCF_000826045.1
1095744	Haemophilus_parahaemolyticus_HK385	GCF_900450675.1
729	Haemophilus_parainfluenzae_215035_2_ISO5	GCF_001279145.1
888828	Haemophilus_parainfluenzae_ATCC_33392	GCF_000191405.1
1095746	Haemophilus_parainfluenzae_HK2019	GCF_000261285.1
1095745	Haemophilus_parainfluenzae_HK262	GCF_000259485.1
862965	Haemophilus_parainfluenzae_T3T1	GCF_000210895.1
736	Haemophilus_paraphrohaemolyticus_CCUG_3718	GCF_002015045.1
1095743	Haemophilus_paraphrohaemolyticus_HK411	GCF_000260675.1
1035188	Haemophilus_pittmaniae_HK_85	GCF_000223275.1
249188	Haemophilus_pittmaniae_NCTC13334	GCF_900186995.1
1035839	Haemophilus_sputorum_CCUG_13788	GCF_000238795.1
1078483	Haemophilus_sputorum_HK_2154	GCF_000287615.1
1002364	Hafnia_alvei_ATCC_51873	GCF_000239255.1
1328337	Hafnia_alvei_BIDMC_31	GCF_000521985.1
569	Hafnia_alvei_ERR2221402	
1453496	Hafnia_alvei_FB1	GCF_000597785.2
569	Hafnia_alvei_HUMV_5920	GCF_001636255.1
546367	Hafnia_paralvei_FDAARGOS_158	GCF_001559255.2
931277	Halococcus_morrhuae_DSM1307	GCF_000336695.1
213554	Halomonas_campaniensis_LS21	GCF_000696485.1
135569	Helicobacter_apodemus_SCJK1	GCF_003097575.1
613026	Helicobacter_bilis_ATCC_43879	GCF_000158435.2
1235804	Helicobacter_bilis_WiWa	GCF_000364285.1
537970	Helicobacter_canadensis_MIT_98_5491	GCF_000162575.1
1357399	Helicobacter_canis_NCTC_12740	GCF_000507865.1
537971	Helicobacter_cinaedi_CCUG_18818	GCF_000349975.1
1325130	Helicobacter_fennelliae_MRY12_0050	GCF_000509365.1
215	Helicobacter_fennelliae_NCTC13102	GCF_900451005.1
235279	Helicobacter_hepaticus_ATCC_51449	GCF_000007905.1
1357400	Helicobacter_macacae_MIT_99_5501	GCF_000507845.1
537972	Helicobacter_pullorum_MIT_98_5489	GCF_000155495.1
985081	Helicobacter_pylori_2017	GCF_000192315.1
985080	Helicobacter_pylori_2018	GCF_000192335.1
85962	Helicobacter_pylori_26695	GCF_000307795.1
210	Helicobacter_pylori_26695_1MET	GCF_000827025.1
585535	Helicobacter_pylori_35A	GCF_000178935.2
290847	Helicobacter_pylori_51	GCF_000011725.1
684950	Helicobacter_pylori_52	GCF_000023805.1
585538	Helicobacter_pylori_83	GCF_000213135.1
981211	Helicobacter_pylori_8A3	GCF_000285055.1
869727	Helicobacter_pylori_908	GCF_000148665.1
544405	Helicobacter_pylori_98_10	GCF_000172935.1
1231719	Helicobacter_pylori_A45	GCF_000333835.1
1055531	Helicobacter_pylori_Aklavik117	GCF_000315955.1
1055532	Helicobacter_pylori_Aklavik86	GCF_000317875.1
544406	Helicobacter_pylori_B128	GCF_007844075.1
592205	Helicobacter_pylori_B38	GCF_000091345.1
999629	Helicobacter_pylori_B45	GCF_000234645.2
693745	Helicobacter_pylori_B8	GCF_000196755.1
981210	Helicobacter_pylori_BCS100H1	GCF_000285035.1
210	Helicobacter_pylori_BM013A	GCF_000685665.1
1200325	Helicobacter_pylori_CCHI_33	GCF_000349485.1
992013	Helicobacter_pylori_CPY1124	GCF_000275225.2
992014	Helicobacter_pylori_CPY1313	GCF_000275205.1
992015	Helicobacter_pylori_CPY1662	GCF_000349505.1
992016	Helicobacter_pylori_CPY1962	GCF_000275185.1
992017	Helicobacter_pylori_CPY3281	GCF_000274725.1
992018	Helicobacter_pylori_CPY6081	GCF_000274705.1
992019	Helicobacter_pylori_CPY6261	GCF_000274685.1
992020	Helicobacter_pylori_CPY6271	GCF_000274665.1
992022	Helicobacter_pylori_CPY6311	GCF_000274645.2
765964	Helicobacter_pylori_Cuz20	GCF_000148895.1
1055527	Helicobacter_pylori_ELS37	GCF_000255955.1
866344	Helicobacter_pylori_F16	GCF_000270005.1
866345	Helicobacter_pylori_F30	GCF_000270025.1
102608	Helicobacter_pylori_F32	GCF_000270045.1
866346	Helicobacter_pylori_F57	GCF_000270065.1
563041	Helicobacter_pylori_G27	GCF_000021165.1
1159019	Helicobacter_pylori_GAM100Ai	GCF_000310005.2
1159020	Helicobacter_pylori_GAM101Biv	GCF_000344945.2
1159021	Helicobacter_pylori_GAM103Bi	GCF_000344965.2
1159022	Helicobacter_pylori_GAM105Ai	GCF_000344985.2
1159024	Helicobacter_pylori_GAM114Ai	GCF_000345025.2
1159025	Helicobacter_pylori_GAM115Ai	GCF_000345045.2
1159027	Helicobacter_pylori_GAM118Bi	GCF_000345085.2
1159028	Helicobacter_pylori_GAM119Bi	GCF_000345105.2
1159029	Helicobacter_pylori_GAM120Ai	GCF_000345125.2
1159030	Helicobacter_pylori_GAM121Aii	GCF_000345145.2
1159031	Helicobacter_pylori_GAM201Ai	GCF_000345065.2
1159032	Helicobacter_pylori_GAM210Bi	GCF_000345165.2
1159033	Helicobacter_pylori_GAM231Ai	GCF_000345185.2
1159034	Helicobacter_pylori_GAM239Bi	GCF_000345205.2
1159035	Helicobacter_pylori_GAM244Ai	GCF_000345225.2
1159036	Helicobacter_pylori_GAM245Ai	GCF_000345245.2
1159037	Helicobacter_pylori_GAM246Ai	GCF_000345265.2
1159038	Helicobacter_pylori_GAM249T	GCF_000345285.2
1159039	Helicobacter_pylori_GAM250AFi	GCF_000345305.2
1159040	Helicobacter_pylori_GAM250T	GCF_000345325.2
1159041	Helicobacter_pylori_GAM252Bi	GCF_000345345.2
1159042	Helicobacter_pylori_GAM252T	GCF_000345365.2
1159043	Helicobacter_pylori_GAM254Ai	GCF_000345385.2
1159044	Helicobacter_pylori_GAM260ASi	GCF_000345405.2
1159045	Helicobacter_pylori_GAM260Bi	GCF_000345425.2
1159046	Helicobacter_pylori_GAM260BSi	GCF_000345445.2
1159047	Helicobacter_pylori_GAM263BFi	GCF_000345465.2
1159048	Helicobacter_pylori_GAM264Ai	GCF_000345485.2
1159049	Helicobacter_pylori_GAM265BSii	GCF_000345505.2
1159051	Helicobacter_pylori_GAM270ASi	GCF_000345545.2
1159052	Helicobacter_pylori_GAM42Ai	GCF_000345565.2
1159054	Helicobacter_pylori_GAM80Ai	GCF_000345605.2
1159055	Helicobacter_pylori_GAM83Bi	GCF_000345625.2
1159056	Helicobacter_pylori_GAM83T	GCF_000345645.2
1159058	Helicobacter_pylori_GAM96Ai	GCF_000345685.2
907240	Helicobacter_pylori_Gambia94_24	GCF_000185205.1
1159059	Helicobacter_pylori_GAMchJs106B	GCF_000345705.2
1159060	Helicobacter_pylori_GAMchJs114i	GCF_000346815.2
1159061	Helicobacter_pylori_GAMchJs117Ai	GCF_000346835.2
1159062	Helicobacter_pylori_GAMchJs124i	GCF_000346855.2
1159064	Helicobacter_pylori_GAMchJs136i	GCF_000346875.2
1213457	Helicobacter_pylori_HLJHP193	GCF_000287835.1
1214223	Helicobacter_pylori_HLJHP253	GCF_000287775.1
1214221	Helicobacter_pylori_HLJHP256	GCF_000287735.1
1214222	Helicobacter_pylori_HLJHP271	GCF_000287755.1
992035	Helicobacter_pylori_Hp_A_11	GCF_000359645.1
992054	Helicobacter_pylori_Hp_A_14	GCF_000274005.2
992055	Helicobacter_pylori_Hp_A_16	GCF_000275165.1
992036	Helicobacter_pylori_Hp_A_17	GCF_000275265.2
992037	Helicobacter_pylori_Hp_A_20	GCF_000275285.1
992056	Helicobacter_pylori_Hp_A_26	GCF_000274025.1
992057	Helicobacter_pylori_Hp_A_27	GCF_000274045.2
992032	Helicobacter_pylori_Hp_A_4	GCF_000275305.2
992033	Helicobacter_pylori_Hp_A_5	GCF_000275045.1
992052	Helicobacter_pylori_Hp_A_6	GCF_000273985.1
992053	Helicobacter_pylori_Hp_A_8	GCF_000273825.1
992034	Helicobacter_pylori_Hp_A_9	GCF_000275065.2
992058	Helicobacter_pylori_Hp_H_1	GCF_000349405.1
992063	Helicobacter_pylori_Hp_H_10	GCF_000275325.1
992064	Helicobacter_pylori_Hp_H_11	GCF_000274485.2
992038	Helicobacter_pylori_Hp_H_16	GCF_000275245.2
992065	Helicobacter_pylori_Hp_H_18	GCF_000274505.1
992066	Helicobacter_pylori_Hp_H_19	GCF_000274125.1
992067	Helicobacter_pylori_Hp_H_21	GCF_000274185.2
992068	Helicobacter_pylori_Hp_H_23	GCF_000274165.1
992039	Helicobacter_pylori_Hp_H_24	GCF_000275085.1
992094	Helicobacter_pylori_Hp_H_24b	GCF_000275585.2
992095	Helicobacter_pylori_Hp_H_24c	GCF_000275565.2
992040	Helicobacter_pylori_Hp_H_27	GCF_000275105.1
992041	Helicobacter_pylori_Hp_H_28	GCF_000275125.1
992042	Helicobacter_pylori_Hp_H_29	GCF_000273885.1
992059	Helicobacter_pylori_Hp_H_3	GCF_000274065.1
992043	Helicobacter_pylori_Hp_H_30	GCF_000273865.2
992069	Helicobacter_pylori_Hp_H_34	GCF_000274265.1
992044	Helicobacter_pylori_Hp_H_36	GCF_000273845.1
992060	Helicobacter_pylori_Hp_H_4	GCF_000274145.1
992046	Helicobacter_pylori_Hp_H_41	GCF_000273805.1
992047	Helicobacter_pylori_Hp_H_42	GCF_000273905.1
992048	Helicobacter_pylori_Hp_H_43	GCF_000273965.1
992049	Helicobacter_pylori_Hp_H_44	GCF_000273925.1
992050	Helicobacter_pylori_Hp_H_45	GCF_000273945.1
992092	Helicobacter_pylori_Hp_H_5b	GCF_000274365.1
992061	Helicobacter_pylori_Hp_H_6	GCF_000274105.1
992062	Helicobacter_pylori_Hp_H_9	GCF_000274085.2
992117	Helicobacter_pylori_Hp_M1	GCF_000274965.2
992118	Helicobacter_pylori_Hp_M2	GCF_000274985.2
992119	Helicobacter_pylori_Hp_M3	GCF_000274885.2
992120	Helicobacter_pylori_Hp_M4	GCF_000275545.2
992121	Helicobacter_pylori_Hp_M5	GCF_000275025.2
992122	Helicobacter_pylori_Hp_M6	GCF_000275005.2
992125	Helicobacter_pylori_Hp_M9	GCF_000275485.2
992072	Helicobacter_pylori_Hp_P_1	GCF_000274785.1
992078	Helicobacter_pylori_Hp_P_11	GCF_000274205.2
992106	Helicobacter_pylori_Hp_P_11b	GCF_000274385.2
992079	Helicobacter_pylori_Hp_P_13	GCF_000274225.1
992107	Helicobacter_pylori_Hp_P_13b	GCF_000274405.1
992080	Helicobacter_pylori_Hp_P_15	GCF_000274285.1
992108	Helicobacter_pylori_Hp_P_15b	GCF_000274425.2
992081	Helicobacter_pylori_Hp_P_16	GCF_000274305.1
992098	Helicobacter_pylori_Hp_P_1b	GCF_000274445.2
992073	Helicobacter_pylori_Hp_P_2	GCF_000274805.1
992083	Helicobacter_pylori_Hp_P_23	GCF_000274325.1
992084	Helicobacter_pylori_Hp_P_25	GCF_000274865.1
992111	Helicobacter_pylori_Hp_P_25c	GCF_000274465.1
992112	Helicobacter_pylori_Hp_P_25d	GCF_000275145.2
992085	Helicobacter_pylori_Hp_P_26	GCF_000275385.1
992114	Helicobacter_pylori_Hp_P_28b	GCF_000275345.2
992099	Helicobacter_pylori_Hp_P_2b	GCF_000275505.2
992074	Helicobacter_pylori_Hp_P_3	GCF_000274825.2
992087	Helicobacter_pylori_Hp_P_30	GCF_000275405.2
992100	Helicobacter_pylori_Hp_P_3b	GCF_000275525.2
992075	Helicobacter_pylori_Hp_P_4	GCF_000274845.2
992088	Helicobacter_pylori_Hp_P_41	GCF_000275425.2
992102	Helicobacter_pylori_Hp_P_4c	GCF_000275365.2
992103	Helicobacter_pylori_Hp_P_4d	GCF_000274745.1
992089	Helicobacter_pylori_Hp_P_62	GCF_000275445.2
992091	Helicobacter_pylori_Hp_P_74	GCF_000274345.1
992077	Helicobacter_pylori_Hp_P_8	GCF_000274245.1
992105	Helicobacter_pylori_Hp_P_8b	GCF_000274765.2
1159065	Helicobacter_pylori_HP116Bi	GCF_000345725.2
210	Helicobacter_pylori_Hp238	GCF_000817025.1
1159066	Helicobacter_pylori_HP250AFii	GCF_000345745.2
1159067	Helicobacter_pylori_HP250AFiii	GCF_000345765.2
1159068	Helicobacter_pylori_HP250AFiV	GCF_000345785.2
1159069	Helicobacter_pylori_HP250ASi	GCF_000345805.2
1159070	Helicobacter_pylori_HP250ASii	GCF_000345825.2
1159072	Helicobacter_pylori_HP250BFii	GCF_000345865.2
1159073	Helicobacter_pylori_HP250BFiii	GCF_000345885.2
1159074	Helicobacter_pylori_HP250BFiV	GCF_000345905.2
1159075	Helicobacter_pylori_HP250BSi	GCF_000345925.2
1159076	Helicobacter_pylori_HP260AFi	GCF_000345945.2
1159077	Helicobacter_pylori_HP260AFii	GCF_000345965.2
1159078	Helicobacter_pylori_HP260ASii	GCF_000345985.2
1159079	Helicobacter_pylori_HP260BFii	GCF_000346005.2
1159080	Helicobacter_pylori_HP260Bi	GCF_000346025.2
357544	Helicobacter_pylori_HPAG1	GCF_000013245.1
1163743	Helicobacter_pylori_HUP_B14	GCF_000259235.1
907238	Helicobacter_pylori_India7	GCF_000185185.1
85963	Helicobacter_pylori_J99	GCF_000982695.1
907237	Helicobacter_pylori_Lithuania75	GCF_000185225.1
1200324	Helicobacter_pylori_MALT	GCF_000349465.1
102616	Helicobacter_pylori_N6	GCF_000285895.1
1282880	Helicobacter_pylori_NAK7	GCF_000401295.1
981220	Helicobacter_pylori_NQ1671	GCF_000285235.1
981217	Helicobacter_pylori_NQ1707	GCF_000285175.1
981213	Helicobacter_pylori_NQ1712	GCF_000285095.1
981212	Helicobacter_pylori_NQ315	GCF_000285075.1
981214	Helicobacter_pylori_NQ352	GCF_000285115.1
981219	Helicobacter_pylori_NQ367	GCF_000285215.1
981216	Helicobacter_pylori_NQ392	GCF_000285155.1
992028	Helicobacter_pylori_NQ4044	GCF_000274625.1
992027	Helicobacter_pylori_NQ4053	GCF_000274605.1
981218	Helicobacter_pylori_NQ4060	GCF_000285195.1
992029	Helicobacter_pylori_NQ4076	GCF_000274585.1
992026	Helicobacter_pylori_NQ4099	GCF_000274565.1
992031	Helicobacter_pylori_NQ4110	GCF_000274545.2
992030	Helicobacter_pylori_NQ4161	GCF_000274525.2
981221	Helicobacter_pylori_NQ4191	GCF_000285255.1
992024	Helicobacter_pylori_NQ4200	GCF_000274905.1
992023	Helicobacter_pylori_NQ4216	GCF_000274945.2
992025	Helicobacter_pylori_NQ4228	GCF_000274925.1
1248725	Helicobacter_pylori_OK113	GCF_000348865.1
1248726	Helicobacter_pylori_OK310	GCF_000348885.1
570508	Helicobacter_pylori_P12	GCF_000021465.1
1163742	Helicobacter_pylori_PeCan18	GCF_000277425.1
765963	Helicobacter_pylori_PeCan4	GCF_000148875.1
1055528	Helicobacter_pylori_Puno120	GCF_000224535.1
1055529	Helicobacter_pylori_Puno135	GCF_000224555.1
1145113	Helicobacter_pylori_R036d	GCF_000299715.1
1145114	Helicobacter_pylori_R037c	GCF_000299735.1
1145115	Helicobacter_pylori_R038b	GCF_000299755.1
1145116	Helicobacter_pylori_R046Wa	GCF_000299775.1
1145117	Helicobacter_pylori_R055a	GCF_000299795.1
1145118	Helicobacter_pylori_R056a	GCF_000299815.1
1145112	Helicobacter_pylori_R32b	GCF_000299835.1
1234365	Helicobacter_pylori_Rif1	GCF_000307815.1
1234600	Helicobacter_pylori_Rif2	GCF_000307835.1
794851	Helicobacter_pylori_Sat464	GCF_000148915.1
1163740	Helicobacter_pylori_Shi112	GCF_000277405.1
1163741	Helicobacter_pylori_Shi169	GCF_000277385.1
1163739	Helicobacter_pylori_Shi417	GCF_000277365.1
512562	Helicobacter_pylori_Shi470	GCF_000020245.1
765962	Helicobacter_pylori_SJM180	GCF_000148855.1
1055530	Helicobacter_pylori_SNT49	GCF_000224575.1
907239	Helicobacter_pylori_SouthAfrica7	GCF_000185245.1
1287063	Helicobacter_pylori_UM007	GCF_000401355.1
1287061	Helicobacter_pylori_UM018	GCF_000401315.1
1287064	Helicobacter_pylori_UM034	GCF_000401375.1
1321939	Helicobacter_pylori_UM037	GCF_000392515.3
1287065	Helicobacter_pylori_UM045	GCF_000401395.1
1287062	Helicobacter_pylori_UM054	GCF_000401335.1
1321940	Helicobacter_pylori_UM066	GCF_000392535.3
1321938	Helicobacter_pylori_UM299	GCF_000392475.3
637913	Helicobacter_pylori_v225d	GCF_000093185.1
1127122	Helicobacter_pylori_XZ274	GCF_000262655.1
1449345	Helicobacter_rodentium_ATCC_700285	GCF_000687535.1
50960	Helicobacter_trogontum_50960_7	GCF_900198495.1
76936	Helicobacter_typhlonius_ATCC_BAA_367	GCF_000765765.2
556267	Helicobacter_winghamensis_ATCC_BAA_430	GCF_000158455.1
863372	Herbaspirillum_huttiense_1147	GCF_007829175.1
863372	Herbaspirillum_huttiense_AU6965_10_3	GCF_004366705.1
863372	Herbaspirillum_huttiense_NFYY_53159	GCF_004367745.1
1235558	Herbaspirillum_huttiense_subsp_putei_IAM_15032	GCF_000478365.1
545696	Holdemania_filiformis_VPI_J1_31B_1_DSM_12042	GCF_000157995.1
1211819	Holdemania_massiliensis_AP2	GCF_000327285.1
714549	Hydrotalea_flava_isolate_2	GCF_900089555.1
261299	Intestinibacter_bartlettii_ERR1022395	
261299	Intestinibacter_bartlettii_ERR1022418	
1505657	Intestinibacter_nov_ERR2221096	
1297617	Intestinimonas_butyriciproducens_AF211	GCF_001454945.1
1297617	Intestinimonas_butyriciproducens_ERR1022450	
1297617	Intestinimonas_butyriciproducens_SRB_521_5_I	GCF_004154955.1
1673721	Intestinimonas_massiliensis_DSM_100417	GCF_001244995.1
1392389	Intestinimonas_nov_ERR1022454	
1392389	Intestinimonas_nov_ERR171285	
1504822	Jeddahella_massiliensis_OL_1	GCF_000752675.2
679200	Johnsonella_ignava_ATCC_51276	GCF_000235445.1
885272	Jonquetella_anthropi_DSM_22815	GCF_000237805.1
645512	Jonquetella_anthropi_E3_33_E1	GCF_000161995.1
1686287	Kallipyga_gabonensis_DSM_100575	GCF_001286805.1
1118059	Kallipyga_massiliensis_ph2	GCF_000311985.1
1410657	Kandleria_vitulina_DSM_20405	GCF_001436965.1
888741	Kingella_denitrificans_ATCC_33394	GCF_000190695.1
502	Kingella_denitrificans_isolate_GC77	GCF_900169325.1
629741	Kingella_oralis_ATCC_51147	GCF_000160435.1
548	Klebsiella_aerogenes_CAV1320	GCF_001021995.1
548	Klebsiella_aerogenes_G7	GCF_001571545.2
1134687	Klebsiella_michiganensis_10_5242	GCF_000247835.1
1134687	Klebsiella_michiganensis_10_5250	GCF_000247915.1
1134687	Klebsiella_michiganensis_FDAARGOS_66	GCF_000783895.2
1134687	Klebsiella_michiganensis_M1	GCF_000724525.1
1134687	Klebsiella_michiganensis_MGH87	GCF_001030755.1
883118	Klebsiella_oxytoca_10_5243	GCF_000247855.1
883120	Klebsiella_oxytoca_10_5245	GCF_000247875.1
883123	Klebsiella_oxytoca_10_5248	GCF_000269585.1
1134455	Klebsiella_oxytoca_11492_1	GCF_000252915.2
571	Klebsiella_oxytoca_CAV1099	GCF_001022295.1
571	Klebsiella_oxytoca_CAV1335	GCF_001022115.1
571	Klebsiella_oxytoca_CAV1374	GCF_001022195.1
571	Klebsiella_oxytoca_CHS143	GCF_001030705.1
1191061	Klebsiella_oxytoca_E718	GCF_000276705.2
571	Klebsiella_oxytoca_ERR2221287	
571	Klebsiella_oxytoca_ERR2221335	
571	Klebsiella_oxytoca_ERR2221348	
571	Klebsiella_oxytoca_ERR2221399	
571	Klebsiella_oxytoca_ERR2221400	
571	Klebsiella_oxytoca_ICU1_2b	GCF_001594375.1
571	Klebsiella_oxytoca_JKo3	GCF_001548355.1
1006551	Klebsiella_oxytoca_KCTC_1686	GCF_000240325.1
571	Klebsiella_oxytoca_MGH88	GCF_001030775.1
1037908	Klebsiella_pneumoniae_1162281	GCF_000219965.1
1074486	Klebsiella_pneumoniae_1191100241	GCF_000223435.1
507522	Klebsiella_pneumoniae_342	GCF_000019565.1
1304920	Klebsiella_pneumoniae_361_1301	GCF_000406485.1
1304922	Klebsiella_pneumoniae_500_1420	GCF_000406765.2
1304923	Klebsiella_pneumoniae_540_1460	GCF_000406865.1
1304924	Klebsiella_pneumoniae_646_1568	GCF_000406885.1
1316938	Klebsiella_pneumoniae_ATCC_25955	GCF_000409715.1
1276652	Klebsiella_pneumoniae_ATCC_BAA_1705	GCF_000349265.2
1263871	Klebsiella_pneumoniae_ATCC_BAA_2146	GCF_000349285.2
573	Klebsiella_pneumoniae_CHS153	GCF_001030715.1
573	Klebsiella_pneumoniae_CHS222	GCF_001030745.1
1284796	Klebsiella_pneumoniae_DMC0526	GCF_000409065.1
573	Klebsiella_pneumoniae_ERR2221115	
573	Klebsiella_pneumoniae_ERR2221116	
573	Klebsiella_pneumoniae_ERR2221118	
573	Klebsiella_pneumoniae_ERR2221121	
573	Klebsiella_pneumoniae_ERR2221297	
573	Klebsiella_pneumoniae_ERR2221368	
573	Klebsiella_pneumoniae_ERR2221372	
1316939	Klebsiella_pneumoniae_G5_2	GCF_000409735.1
1267897	Klebsiella_pneumoniae_hvKP1	GCF_000338255.1
1037890	Klebsiella_pneumoniae_JH1	GCF_000219945.1
1049565	Klebsiella_pneumoniae_KCTC_2242	GCF_000220485.1
1284834	Klebsiella_pneumoniae_KP_11	GCF_000406505.1
484021	Klebsiella_pneumoniae_NTUH_K2044	GCF_000009885.1
272620	Klebsiella_pneumoniae_pneumoniae_MGH78578	GCF_000016305.1
1279040	Klebsiella_pneumoniae_PR04	GCF_000372625.3
1193292	Klebsiella_pneumoniae_subsp_pneumoniae_1084	GCF_000294365.1
1306950	Klebsiella_pneumoniae_subsp_pneumoniae_12_3578	GCF_000367165.1
1162296	Klebsiella_pneumoniae_subsp_pneumoniae_DSM_30104	GCF_000281755.1
1226680	Klebsiella_pneumoniae_subsp_pneumoniae_Ecl8	GCF_000315385.1
1125630	Klebsiella_pneumoniae_subsp_pneumoniae_HS11286	GCF_000240185.1
1087440	Klebsiella_pneumoniae_subsp_pneumoniae_KPNIH1	GCF_000281535.2
1094170	Klebsiella_pneumoniae_subsp_pneumoniae_KPNIH10	GCF_000281435.2
1094171	Klebsiella_pneumoniae_subsp_pneumoniae_KPNIH11	GCF_000281575.1
1128946	Klebsiella_pneumoniae_subsp_pneumoniae_KPNIH12	GCF_000281335.1
1128948	Klebsiella_pneumoniae_subsp_pneumoniae_KPNIH14	GCF_000281455.1
1128950	Klebsiella_pneumoniae_subsp_pneumoniae_KPNIH16	GCF_000281595.1
1128951	Klebsiella_pneumoniae_subsp_pneumoniae_KPNIH17	GCF_000281355.1
1128952	Klebsiella_pneumoniae_subsp_pneumoniae_KPNIH18	GCF_000281475.1
1128953	Klebsiella_pneumoniae_subsp_pneumoniae_KPNIH19	GCF_000281615.1
1087441	Klebsiella_pneumoniae_subsp_pneumoniae_KPNIH2	GCF_000281255.1
1128954	Klebsiella_pneumoniae_subsp_pneumoniae_KPNIH20	GCF_000281375.1
1168062	Klebsiella_pneumoniae_subsp_pneumoniae_KPNIH21	GCF_000281495.1
1168063	Klebsiella_pneumoniae_subsp_pneumoniae_KPNIH22	GCF_000281515.1
1168064	Klebsiella_pneumoniae_subsp_pneumoniae_KPNIH23	GCF_000281635.1
1087443	Klebsiella_pneumoniae_subsp_pneumoniae_KPNIH4	GCF_000281395.1
1087444	Klebsiella_pneumoniae_subsp_pneumoniae_KPNIH5	GCF_000281275.1
1087445	Klebsiella_pneumoniae_subsp_pneumoniae_KPNIH6	GCF_000281295.1
1094167	Klebsiella_pneumoniae_subsp_pneumoniae_KPNIH7	GCF_000281415.1
1094168	Klebsiella_pneumoniae_subsp_pneumoniae_KPNIH8	GCF_000281555.1
1094169	Klebsiella_pneumoniae_subsp_pneumoniae_KPNIH9	GCF_000281315.1
1226115	Klebsiella_pneumoniae_subsp_pneumoniae_KpQ3	GCF_000300835.1
1177153	Klebsiella_pneumoniae_subsp_pneumoniae_LZ	GCF_000263095.1
1212766	Klebsiella_pneumoniae_subsp_pneumoniae_ST258_490	GCF_000283455.1
1185419	Klebsiella_pneumoniae_subsp_pneumoniae_ST258_K26BO	GCF_000313465.1
1185420	Klebsiella_pneumoniae_subsp_pneumoniae_ST258_K28BO	GCF_000313365.1
1185418	Klebsiella_pneumoniae_subsp_pneumoniae_ST512_K30BO	GCF_000309505.2
1203544	Klebsiella_pneumoniae_subsp_pneumoniae_WGLW1	GCF_000300655.1
1203545	Klebsiella_pneumoniae_subsp_pneumoniae_WGLW2	GCF_000300675.1
1203547	Klebsiella_pneumoniae_subsp_pneumoniae_WGLW5	GCF_000300955.1
667127	Klebsiella_pneumoniae_subsp_rhinoscleromatis_ATCC_13884	GCF_000827775.2
1284814	Klebsiella_pneumoniae_UHKPC_52	GCF_000709225.1
1284811	Klebsiella_pneumoniae_UHKPC01	GCF_000406445.1
1284823	Klebsiella_pneumoniae_UHKPC04	GCF_000406705.1
1284790	Klebsiella_pneumoniae_UHKPC05	GCF_000709245.1
1284810	Klebsiella_pneumoniae_UHKPC09	GCF_000406425.1
1284820	Klebsiella_pneumoniae_UHKPC22	GCF_000406685.1
1284788	Klebsiella_pneumoniae_UHKPC23	GCF_000401195.1
1284815	Klebsiella_pneumoniae_UHKPC24	GCF_000406605.1
1284816	Klebsiella_pneumoniae_UHKPC26	GCF_000406665.1
1284813	Klebsiella_pneumoniae_UHKPC27	GCF_000406465.1
1284821	Klebsiella_pneumoniae_UHKPC29	GCF_000409045.1
1284822	Klebsiella_pneumoniae_UHKPC32	GCF_000409105.1
1284787	Klebsiella_pneumoniae_UHKPC40	GCF_000406405.1
1284819	Klebsiella_pneumoniae_UHKPC45	GCF_000709205.1
1284801	Klebsiella_pneumoniae_UHKPC48	GCF_000409085.1
1284817	Klebsiella_pneumoniae_UHKPC57	GCF_000409125.1
1284812	Klebsiella_pneumoniae_UHKPC81	GCF_000406525.1
1284824	Klebsiella_pneumoniae_VAKPC252	GCF_000406725.1
1284825	Klebsiella_pneumoniae_VAKPC254	GCF_000406825.1
1284826	Klebsiella_pneumoniae_VAKPC269	GCF_000406845.1
1284829	Klebsiella_pneumoniae_VAKPC270	GCF_000406585.1
1284830	Klebsiella_pneumoniae_VAKPC276	GCF_000406625.1
1284827	Klebsiella_pneumoniae_VAKPC278	GCF_000709185.1
1284828	Klebsiella_pneumoniae_VAKPC280	GCF_000406565.1
1284831	Klebsiella_pneumoniae_VAKPC297	GCF_000406545.1
1284832	Klebsiella_pneumoniae_VAKPC309	GCF_000406645.1
1276653	Klebsiella_quasipneumoniae_700603	GCF_003181175.1
244366	Klebsiella_sp_1_1_55	GCF_000163075.1
665944	Klebsiella_sp_4_1_44FAA	GCF_000238715.1
1934254	Klebsiella_sp_M5al	GCF_002090195.1
749535	Klebsiella_sp_MS_92_3	GCF_000195655.1
936565	Klebsiella_sp_OBRC7	GCF_000293135.1
640131	Klebsiella_variicola_KV321_ZB100000	GCF_000025465.1
1006000	Kluyvera_ascorbata_ATCC_33433	GCF_000735365.1
580	Kluyvera_cryocrescens_L2	GCF_001266615.1
1218112	Kluyvera_cryocrescens_NBRC_102467	GCF_001571285.1
1354264	Kluyvera_georgiana_ATCC_51603	GCF_001654985.1
61648	Kluyvera_intermedia_FOSA7093	GCF_002092975.1
1218113	Kluyvera_intermedia_NBRC_102594_ATCC_33110	GCF_001598315.1
71999	Kocuria_palustris_CD07_3	GCF_001483775.1
1236550	Kocuria_palustris_PEL	GCF_000315815.2
378753	Kocuria_rhizophila_DC2201	GCF_000010285.1
1029824	Kocuria_rhizophila_P7_4	GCF_000214115.1
1235834	Kosakonia_sacchari_SP1	GCF_000300455.3
1033739	Kurthia_massiliensis_JC30	GCF_000285555.1
1033740	Kurthia_senegalensis_JC8E	GCF_000285595.1
1276	Kytococcus_sedentarius_1083_KSED	GCF_001061885.1
1276	Kytococcus_sedentarius_262_KSED	GCF_001064185.1
478801	Kytococcus_sedentarius_DSM_20547	GCF_000023925.1
979627	Lachnoanaerobaculum_orale_DSM_24553	GCF_003862485.1
467210	Lachnoanaerobaculum_saburreum_DNF00896	GCF_001552975.1
887325	Lachnoanaerobaculum_saburreum_DSM_3986	GCF_000185385.1
1095750	Lachnoanaerobaculum_saburreum_F0468	GCF_000257705.1
140626	Lachnobacterium_bovis_AE2004	GCF_000687515.1
1410660	Lachnobacterium_bovis_C6A12	GCF_000622065.1
1122142	Lachnobacterium_bovis_DSM_14045	GCF_900107245.1
877445	Lachnobacterium_bovis_NK4B19	GCF_000421025.1
140626	Lachnobacterium_bovis_S1b	GCF_900111325.1
1506553	Lachnoclostridium_nov_ERR1022273	
1506553	Lachnoclostridium_nov_ERR1022276	
1506553	Lachnoclostridium_nov_ERR1022305	
1506553	Lachnoclostridium_nov_ERR1022387	
1506553	Lachnoclostridium_nov_ERR1022388	
1506553	Lachnoclostridium_nov_ERR1022392	
1506553	Lachnoclostridium_nov_ERR1022405	
1506553	Lachnoclostridium_nov_ERR1022430	
1506553	Lachnoclostridium_nov_ERR1022434	
1506553	Lachnoclostridium_nov_ERR1203939	
1506553	Lachnoclostridium_nov_ERR1203968	
1506553	Lachnoclostridium_nov_ERR1204033	
1506553	Lachnoclostridium_nov_ERR1204062	
1506553	Lachnoclostridium_nov_ERR171262	
1506553	Lachnoclostridium_nov_ERR171273	
1506553	Lachnoclostridium_nov_ERR171281	
1506553	Lachnoclostridium_nov_ERR2221145	
1506553	Lachnoclostridium_nov_ERR2221158	
1506553	Lachnoclostridium_nov_ERR2221159	
1506553	Lachnoclostridium_nov_ERR2230065	
1506553	Lachnoclostridium_nov_ERR2230076	
1506553	Lachnoclostridium_nov_ERR2230092	
1506553	Lachnoclostridium_nov_ERR2230109	
1506553	Lachnoclostridium_nov_ERR2230115	
1506553	Lachnoclostridium_nov_ERR2230132	
1506553	Lachnoclostridium_nov_ERR2230151	
1834196	Lachnoclostridium_sp_YL32	GCF_001688665.2
1282887	Lachnospira_multipara_ATCC_19207	GCF_000424105.1
28051	Lachnospira_multipara_D15d	GCF_900108125.1
1410661	Lachnospira_multipara_LB2003	GCF_000702205.1
1410662	Lachnospira_multipara_MC2003	GCF_000621945.1
28050	Lachnospira_nov_ERR1022391	
28050	Lachnospira_nov_ERR1022394	
28050	Lachnospira_nov_ERR1203977	
28050	Lachnospira_nov_ERR1204071	
28052	Lachnospira_pectinoschiza_ERR1022352	
28052	Lachnospira_pectinoschiza_ERR1022401	
28052	Lachnospira_pectinoschiza_M83	GCF_900103815.1
658081	Lachnospiraceae_bacterium_1_1_57FAA	GCF_000218445.1
658655	Lachnospiraceae_bacterium_1_4_56FAA	GCF_000218385.1
742723	Lachnospiraceae_bacterium_2_1_46FAA	GCF_000209385.2
658082	Lachnospiraceae_bacterium_2_1_58FAA	GCF_000218465.1
665950	Lachnospiraceae_bacterium_3_1_46FAA	GCF_000209405.1
658086	Lachnospiraceae_bacterium_3_1_57FAA_CT1	GCF_000218405.2
658085	Lachnospiraceae_bacterium_5_1_57FAA	GCF_000218425.1
658083	Lachnospiraceae_bacterium_6_1_63FAA	GCF_000209425.1
658087	Lachnospiraceae_bacterium_7_1_58FAA	GCF_000242155.1
658088	Lachnospiraceae_bacterium_9_1_43BFAA	GCF_000209445.1
861454	Lachnospiraceae_bacterium_oral_taxon_082_str_F0431	GCF_000242315.1
658089	Lachnospiraceae_bacterium_sp_5_1_63FAA	GCF_000185525.1
665951	Lachnospiraceae_bacterium_sp_8_1_57FAA	GCF_000185545.1
186803	Lachnospiraceae_nov_ERR1022272	
186803	Lachnospiraceae_nov_ERR1022274	
186803	Lachnospiraceae_nov_ERR1022277	
186803	Lachnospiraceae_nov_ERR1022289	
186803	Lachnospiraceae_nov_ERR1022303	
186803	Lachnospiraceae_nov_ERR1022308	
186803	Lachnospiraceae_nov_ERR1022341	
186803	Lachnospiraceae_nov_ERR1022342	
186803	Lachnospiraceae_nov_ERR1022343	
186803	Lachnospiraceae_nov_ERR1022351	
186803	Lachnospiraceae_nov_ERR1022353	
186803	Lachnospiraceae_nov_ERR1022380	
186803	Lachnospiraceae_nov_ERR1022381	
186803	Lachnospiraceae_nov_ERR1022386	
186803	Lachnospiraceae_nov_ERR1022389	
186803	Lachnospiraceae_nov_ERR1022390	
186803	Lachnospiraceae_nov_ERR1022398	
186803	Lachnospiraceae_nov_ERR1022402	
186803	Lachnospiraceae_nov_ERR1022429	
186803	Lachnospiraceae_nov_ERR1022431	
186803	Lachnospiraceae_nov_ERR1022433	
186803	Lachnospiraceae_nov_ERR1022436	
186803	Lachnospiraceae_nov_ERR1022478	
186803	Lachnospiraceae_nov_ERR1022480	
186803	Lachnospiraceae_nov_ERR1022481	
186803	Lachnospiraceae_nov_ERR1203950	
186803	Lachnospiraceae_nov_ERR1203952	
186803	Lachnospiraceae_nov_ERR1203964	
186803	Lachnospiraceae_nov_ERR1203967	
186803	Lachnospiraceae_nov_ERR1203970	
186803	Lachnospiraceae_nov_ERR1203972	
186803	Lachnospiraceae_nov_ERR1204044	
186803	Lachnospiraceae_nov_ERR1204046	
186803	Lachnospiraceae_nov_ERR1204058	
186803	Lachnospiraceae_nov_ERR1204061	
186803	Lachnospiraceae_nov_ERR1204064	
186803	Lachnospiraceae_nov_ERR1204066	
186803	Lachnospiraceae_nov_ERR171267	
186803	Lachnospiraceae_nov_ERR171274	
186803	Lachnospiraceae_nov_ERR171283	
186803	Lachnospiraceae_nov_ERR2221097	
186803	Lachnospiraceae_nov_ERR2221111	
186803	Lachnospiraceae_nov_ERR2221148	
186803	Lachnospiraceae_nov_ERR2221151	
186803	Lachnospiraceae_nov_ERR2221161	
186803	Lachnospiraceae_nov_ERR2221181	
186803	Lachnospiraceae_nov_ERR2221183	
186803	Lachnospiraceae_nov_ERR2221187	
186803	Lachnospiraceae_nov_ERR2221212	
186803	Lachnospiraceae_nov_ERR2221263	
186803	Lachnospiraceae_nov_ERR2221266	
186803	Lachnospiraceae_nov_ERR2221278	
186803	Lachnospiraceae_nov_ERR2221285	
186803	Lachnospiraceae_nov_ERR2221344	
186803	Lachnospiraceae_nov_ERR2221369	
186803	Lachnospiraceae_nov_ERR2221389	
186803	Lachnospiraceae_nov_ERR2230050	
186803	Lachnospiraceae_nov_ERR2230056	
186803	Lachnospiraceae_nov_ERR2230057	
186803	Lachnospiraceae_nov_ERR2230058	
186803	Lachnospiraceae_nov_ERR2230083	
186803	Lachnospiraceae_nov_ERR2230113	
186803	Lachnospiraceae_nov_ERR2230114	
186803	Lachnospiraceae_nov_ERR2230144	
186803	Lachnospiraceae_nov_ERR2230148	
575593	Lachnospiraceae_oral_taxon_107_str_F0167	GCF_000209465.1
89059	Lactobacillus_acidipiscis_ACA_DC_1533	GCF_900116935.1
1423716	Lactobacillus_acidipiscis_DSM_15836	GCF_001435755.1
1046599	Lactobacillus_acidipiscis_KCTC_13900	GCF_000260635.1
525306	Lactobacillus_acidophilus_ATCC_4796	GCF_000159715.1
1314884	Lactobacillus_acidophilus_La_14	GCF_000389675.2
272621	Lactobacillus_acidophilus_NCFM	GCF_000011985.1
1423718	Lactobacillus_agilis_DSM_20509	GCF_001436215.1
1601	Lactobacillus_agilis_UMNLA4	GCF_002237865.1
105612	Lactobacillus_algidus_CMTALT10	GCF_900206325.1
1423719	Lactobacillus_algidus_DSM_15638	GCF_001434695.1
585524	Lactobacillus_amylolyticus_DSM_11664	GCF_001435665.1
891391	Lactobacillus_amylovorus_30SC	GCF_000191545.1
695560	Lactobacillus_amylovorus_GRL_1112	GCF_000182855.2
695562	Lactobacillus_amylovorus_GRL1118	GCF_000194115.1
1605	Lactobacillus_animalis_ERR2221125	
1605	Lactobacillus_animalis_ERR2221280	
1605	Lactobacillus_animalis_ERR2221327	
930942	Lactobacillus_animalis_KCTC_3501	GCF_000183825.1
1605	Lactobacillus_animalis_NP51	GCF_002894975.1
525309	Lactobacillus_antri_DSM_16041	GCF_001435475.1
303541	Lactobacillus_apis_LMG_26964	GCF_002837055.1
1423724	Lactobacillus_apodemi_DSM_16634_JCM_16172	GCF_001434405.1
387344	Lactobacillus_brevis_ATCC_367	GCF_000014465.1
649758	Lactobacillus_brevis_DSM_20054	GCF_001433855.1
1001583	Lactobacillus_brevis_KB290	GCF_000359625.1
525310	Lactobacillus_brevis_subsp_gravesensis_ATCC_27305	GCF_000159175.1
525318	Lactobacillus_buchneri_ATCC_11577	GCF_000159195.1
1071400	Lactobacillus_buchneri_CD034	GCF_000298115.2
511437	Lactobacillus_buchneri_NRRL_B_30929	GCF_000211375.1
1423730	Lactobacillus_camelliae_DSM_22697_JCM_13995	GCF_001311195.1
1051650	Lactobacillus_casei_12A	GCF_000309565.2
1051651	Lactobacillus_casei_21_1	GCF_000309585.1
1051653	Lactobacillus_casei_A2_362	GCF_000309625.1
321967	Lactobacillus_casei_ATCC_334	GCF_000014525.1
543734	Lactobacillus_casei_casei_BL23	GCF_000026485.1
1582	Lactobacillus_casei_ERR2221237	
1582	Lactobacillus_casei_ERR2221291	
1582	Lactobacillus_casei_ERR2221303	
1582	Lactobacillus_casei_ERR2221304	
1582	Lactobacillus_casei_ERR2221325	
1051661	Lactobacillus_casei_UW4	GCF_000309745.1
1215914	Lactobacillus_casei_W56	GCF_000318035.1
575594	Lactobacillus_coleohominis_101_4_CHN	GCF_000161935.1
1185325	Lactobacillus_coryniformis_subsp_coryniformis_CECT_5711	GCF_000283115.1
913848	Lactobacillus_coryniformis_subsp_coryniformis_KCTC_3167	GCF_002706425.1
575595	Lactobacillus_crispatus_125_2_CHN	GCF_000162255.1
679188	Lactobacillus_crispatus_214_1	GCF_000177575.1
440496	Lactobacillus_crispatus_CTV_05	GCF_000165885.1
883094	Lactobacillus_crispatus_FB049_03	GCF_000301115.1
883092	Lactobacillus_crispatus_FB077_07	GCF_000301135.1
491076	Lactobacillus_crispatus_JV_V01	GCF_000160515.1
575596	Lactobacillus_crispatus_MV_1A_US	GCF_000161915.2
575597	Lactobacillus_crispatus_MV_3A_US	GCF_000162315.1
748671	Lactobacillus_crispatus_ST1	GCF_000091765.1
1074451	Lactobacillus_curvatus_CRL_705	GCF_000235705.1
28038	Lactobacillus_curvatus_ERR2221163	
1293592	Lactobacillus_curvatus_JCM_1096_DSM_20019	GCF_004101845.1
353496	Lactobacillus_delbrueckii_subsp_bulgaricus_2038	GCF_000191165.1
390333	Lactobacillus_delbrueckii_subsp_bulgaricus_ATCC_11842	GCF_000056065.1
321956	Lactobacillus_delbrueckii_subsp_bulgaricus_ATCC_BAA_365	GCF_000014405.1
1042400	Lactobacillus_delbrueckii_subsp_bulgaricus_CNCM_I_1519	GCF_000284715.1
1042399	Lactobacillus_delbrueckii_subsp_bulgaricus_CNCM_I_1632	GCF_000284695.1
767455	Lactobacillus_delbrueckii_subsp_bulgaricus_ND02	GCF_000182835.1
1423823	Lactobacillus_delbrueckii_subsp_delbrueckii_DSM_20074	
1584	Lactobacillus_delbrueckii_subsp_lactis_DSM_20072	GCF_000192165.1
1217420	Lactobacillus_delbrueckii_ZN7a_9	GCF_001437485.1
1423738	Lactobacillus_dextrinicus_DSM_20335	GCF_001436095.1
872326	Lactobacillus_equicursoris_66c	GCF_000312625.1
1211775	Lactobacillus_equicursoris_DSM_19284	GCF_001434815.1
936140	Lactobacillus_farciminis_KCTC_3681_DSM_20184	GCF_002706745.1
575599	Lactobacillus_fermentum_28_3_CHN	GCF_000162395.1
525325	Lactobacillus_fermentum_ATCC_14931	GCF_000159215.1
712938	Lactobacillus_fermentum_CECT_5716	GCF_000210515.1
767453	Lactobacillus_fermentum_F_6	GCF_000397165.1
334390	Lactobacillus_fermentum_IFO_3956	GCF_000010145.1
1221537	Lactobacillus_florum_2F	GCF_000304715.1
941770	Lactobacillus_fructivorans_KCTC_3543_DSM_20203	GCF_003368395.1
1423746	Lactobacillus_frumenti_DSM_13145	GCF_001436045.1
630527	Lactobacillus_gasseri_202_4	GCF_000175055.1
679196	Lactobacillus_gasseri_224_1	GCF_000177415.1
324831	Lactobacillus_gasseri_ATCC_33323	GCF_000014425.1
1185324	Lactobacillus_gasseri_CECT_5714	GCF_000283135.1
1596	Lactobacillus_gasseri_ERR1203930	
1596	Lactobacillus_gasseri_ERR1204024	
1596	Lactobacillus_gasseri_ERR2221164	
1596	Lactobacillus_gasseri_ERR2221406	
525326	Lactobacillus_gasseri_JV_V03	GCF_000143645.1
1334627	Lactobacillus_gasseri_K7	GCF_000406345.2
559301	Lactobacillus_gasseri_MV_22	GCF_000155935.2
575603	Lactobacillus_gasseri_SJ_9E_US	GCF_000176995.2
575604	Lactobacillus_gasseri_SV_16A_US	GCF_000177035.2
1144300	Lactobacillus_gastricus_PS3	GCF_000247775.1
405566	Lactobacillus_helveticus_DPC_4571	GCF_000015385.1
585520	Lactobacillus_helveticus_DSM_20075	GCF_000160855.1
767462	Lactobacillus_helveticus_H10	GCF_000189515.1
880633	Lactobacillus_helveticus_R0052	GCF_000165775.1
1423757	Lactobacillus_hilgardii_ATCC_8290	GCF_000159315.1
147802	Lactobacillus_iners_7_1_47FAA	GCF_000227195.1
713605	Lactobacillus_iners_AB_1	GCF_000177755.1
888801	Lactobacillus_iners_ATCC_55195	GCF_000185405.1
525328	Lactobacillus_iners_DSM_13335	GCF_001435015.1
879298	Lactobacillus_iners_LactinV_03V1_b	GCF_000149105.1
879299	Lactobacillus_iners_LactinV_09V1_c	GCF_000149085.1
879300	Lactobacillus_iners_LactinV_11V1_d	GCF_000149065.1
879302	Lactobacillus_iners_LEAF_2052A_d	GCF_000179955.1
879301	Lactobacillus_iners_LEAF_2053A_b	GCF_000179935.1
879303	Lactobacillus_iners_LEAF_2062A_h1	GCF_000179975.1
879304	Lactobacillus_iners_LEAF_3008A_a	GCF_000179995.1
879295	Lactobacillus_iners_SPIN_1401G	GCF_000204435.1
879296	Lactobacillus_iners_SPIN_2503V10_D	GCF_000149145.1
928327	Lactobacillus_iners_UPII_143_D	GCF_000191685.1
928328	Lactobacillus_iners_UPII_60_B	GCF_000191705.1
1203076	Lactobacillus_ingluviei_str_Autruche_4	GCF_000312405.1
151781	Lactobacillus_intestinalis_ERR2221123	
575605	Lactobacillus_jensenii_115_3_CHN	GCF_000162435.1
440497	Lactobacillus_jensenii_1153	GCF_000155915.2
596325	Lactobacillus_jensenii_269_3	GCF_000175035.1
575606	Lactobacillus_jensenii_27_2_CHN	GCF_000161895.2
525329	Lactobacillus_jensenii_JV_V16	GCF_000159335.1
575607	Lactobacillus_jensenii_SJ_7A_US	GCF_000162335.1
525330	Lactobacillus_johnsonii_ATCC_33200	GCF_000159355.1
909954	Lactobacillus_johnsonii_DPC_6026	GCF_000204985.1
33959	Lactobacillus_johnsonii_ERR2221124	
33959	Lactobacillus_johnsonii_ERR2221205	
633699	Lactobacillus_johnsonii_FI9785	GCF_000091405.1
257314	Lactobacillus_johnsonii_NCC_533	GCF_000008065.1
1037411	Lactobacillus_johnsonii_pf01	GCA_000219475.3
1423763	Lactobacillus_kalixensis_DSM_16043	GCF_001434335.1
1033837	Lactobacillus_kefiranofaciens_ZW3	GCF_000214785.1
1423768	Lactobacillus_kunkeei_DSM_12361_ATCC_700308	GCF_001433825.1
1419324	Lactobacillus_kunkeei_EFB6	GCF_000687335.1
148814	Lactobacillus_kunkeei_MP2	GCF_001314945.1
1122148	Lactobacillus_lindneri_DSM_20690_JCM_11027	GCF_001311115.1
53444	Lactobacillus_lindneri_TMW_1_2007	GCF_002907025.1
1046596	Lactobacillus_mali_KCTC_3596_DSM_20444	GCF_000276905.1
1423769	Lactobacillus_manihotivorans_DSM_13343_JCM_12514	GCF_001435035.1
1423770	Lactobacillus_mindensis_DSM_14500	GCF_001434275.1
1130798	Lactobacillus_mucosae_LM1	GCF_000248095.2
1235801	Lactobacillus_murinus_ASF361	GCF_000364205.1
1622	Lactobacillus_murinus_ERR2221126	
1578	Lactobacillus_nov_ERR2221311	
1578	Lactobacillus_nov_ERR2221384	
1423778	Lactobacillus_oligofermentans_DSM_15707_LMG_22743	GCF_001434315.1
944562	Lactobacillus_oris_F0423	GCF_000221505.1
908339	Lactobacillus_oris_PB013_T2_3	GCF_000180015.1
1423782	Lactobacillus_panis_DSM_6035	GCF_001027985.1
1267003	Lactobacillus_parabrevis_ATCC_53295	GCF_001434055.1
1423784	Lactobacillus_parabuchneri_DSM_5707_NBRC_107865	GCF_001591885.1
152331	Lactobacillus_parabuchneri_FAM21829	GCF_002095645.1
1051652	Lactobacillus_paracasei_32G	GCF_000309605.1
998820	Lactobacillus_paracasei_BD_II	GCF_000194765.1
1051654	Lactobacillus_paracasei_CRF28	GCF_000309645.1
1051655	Lactobacillus_paracasei_Lc_10	GCF_000309765.1
999378	Lactobacillus_paracasei_LC2W	GCF_000194785.1
1051656	Lactobacillus_paracasei_LPC_37	GCF_000309785.1
1051657	Lactobacillus_paracasei_M36	GCF_000309665.1
537973	Lactobacillus_paracasei_subsp_paracasei_8700_2	GCF_000155515.2
525337	Lactobacillus_paracasei_subsp_paracasei_ATCC_25302	GCF_000159495.1
1256223	Lactobacillus_paracasei_subsp_paracasei_Lpp120	GCF_000409935.1
1256218	Lactobacillus_paracasei_subsp_paracasei_Lpp122	GCF_000409855.1
1256220	Lactobacillus_paracasei_subsp_paracasei_Lpp17	GCF_000410135.1
1256225	Lactobacillus_paracasei_subsp_paracasei_Lpp225	GCF_000410175.1
1256226	Lactobacillus_paracasei_subsp_paracasei_Lpp226	GCF_000409895.1
1256219	Lactobacillus_paracasei_subsp_paracasei_Lpp230	GCF_000409815.1
1256222	Lactobacillus_paracasei_subsp_paracasei_Lpp46	GCF_000409875.1
1256213	Lactobacillus_paracasei_subsp_paracasei_Lpp49	GCF_000410035.1
1256199	Lactobacillus_paracasei_subsp_paracasei_Lpp74	GCF_000410235.1
1256229	Lactobacillus_paracasei_subsp_tolerans_Lpl14	GCF_000410335.1
1256230	Lactobacillus_paracasei_subsp_tolerans_Lpl7	GCF_000409835.1
1051658	Lactobacillus_paracasei_T71499	GCF_000309685.1
1051659	Lactobacillus_paracasei_UCD174	GCF_000309705.1
1051660	Lactobacillus_paracasei_UW1	GCF_000309725.1
498216	Lactobacillus_paracasei_Zhang	GCF_000019245.4
60520	Lactobacillus_paraplantarum_D2_1	GCF_002897175.1
1423789	Lactobacillus_paraplantarum_DSM_10667	GCF_003641145.1
1203066	Lactobacillus_pasteurii_DSM_23907_CRBIP_24_76	GCF_004354755.1
1136177	Lactobacillus_pentosus_KCA1	GCF_000271445.1
1327988	Lactobacillus_plantarum_16	GCF_000412205.1
1590	Lactobacillus_plantarum_ERR2221349	
1328309	Lactobacillus_plantarum_IPLA88	GCF_000410795.1
644042	Lactobacillus_plantarum_JDM1	GCF_000023085.1
525338	Lactobacillus_plantarum_subsp_plantarum_ATCC_14917	GCF_000143745.1
1036177	Lactobacillus_plantarum_subsp_plantarum_NC8	GCF_000247735.1
767468	Lactobacillus_plantarum_subsp_plantarum_P_8	GCF_000392485.3
889932	Lactobacillus_plantarum_subsp_plantarum_ST_III	GCF_000148815.2
1284223	Lactobacillus_plantarum_UCMA_3037	GCF_000347515.1
220668	Lactobacillus_plantarum_WCFS1	GCF_000203855.3
1284663	Lactobacillus_plantarum_ZJ316	GCF_000338115.2
1242253	Lactobacillus_pobuzihii_E100301_KCTC_13174	GCF_001433815.1
1423794	Lactobacillus_pontis_DSM_8475	GCF_001435345.1
35787	Lactobacillus_pontis_UMB0683_21837_8_53_1	GCF_002940945.1
1423795	Lactobacillus_rapi_DSM_19907_JCM_15042	GCF_001436255.1
349123	Lactobacillus_reuteri_100_23	GCF_000168255.1
927703	Lactobacillus_reuteri_ATCC_53608	GCF_000236455.2
525341	Lactobacillus_reuteri_CF48_3A	GCF_000159615.1
557436	Lactobacillus_reuteri_DSM_20016	GCF_000016825.1
1598	Lactobacillus_reuteri_ERR2221127	
1598	Lactobacillus_reuteri_ERR2221204	
299033	Lactobacillus_reuteri_F275_JCM_1112	GCF_000010005.1
1598	Lactobacillus_reuteri_I49	GCF_001688685.2
1340495	Lactobacillus_reuteri_I5007	GCF_000410995.1
863368	Lactobacillus_reuteri_lpuph	GCF_000179455.1
863369	Lactobacillus_reuteri_mlc3	GCF_000179435.1
585517	Lactobacillus_reuteri_MM2_3	GCF_000160715.1
548485	Lactobacillus_reuteri_MM4_1A	GCF_000159475.2
491077	Lactobacillus_reuteri_SD2112_ATCC_55730	GCF_000159455.2
1002365	Lactobacillus_rhamnosus_ATCC_21052	GCF_000235865.1
1088720	Lactobacillus_rhamnosus_ATCC_8530	GCF_000233755.1
47715	Lactobacillus_rhamnosus_ERR1203919	
47715	Lactobacillus_rhamnosus_ERR2221226	
568703	Lactobacillus_rhamnosus_GG_ATCC_53103	GCF_000011045.1
486408	Lactobacillus_rhamnosus_HN001	GCF_000173255.4
568704	Lactobacillus_rhamnosus_Lc_705	GCF_000026525.1
525361	Lactobacillus_rhamnosus_LMS2_1	GCF_000160175.1
1203258	Lactobacillus_rhamnosus_LRHMDP2	GCF_000311945.1
1203259	Lactobacillus_rhamnosus_LRHMDP3	GCF_000311965.1
880592	Lactobacillus_rhamnosus_R0011	GCF_000235785.1
947835	Lactobacillus_rodentium_DSM_24759	GCF_003423665.1
525362	Lactobacillus_ruminis_ATCC_25644	GCF_000225845.1
1069534	Lactobacillus_ruminis_ATCC_27782	GCF_000224985.1
1423798	Lactobacillus_ruminis_DSM_20403_NBRC_102161	GCF_001591905.1
1623	Lactobacillus_ruminis_ERR2221165	
1623	Lactobacillus_ruminis_ERR2221355	
1040964	Lactobacillus_ruminis_SPM0211	GCF_000217755.1
1227363	Lactobacillus_saerimneri_30a	GCF_000317165.1
314315	Lactobacillus_sakei_subsp_sakei_23K	GCF_000026065.1
1423833	Lactobacillus_sakei_subsp_sakei_DSM_20017_JCM_1157	GCF_001434065.1
712961	Lactobacillus_salivarius_CECT_5713	GCF_000143435.1
1624	Lactobacillus_salivarius_ERR2221215	
1624	Lactobacillus_salivarius_ERR2221301	
1624	Lactobacillus_salivarius_ERR2221323	
1041521	Lactobacillus_salivarius_GJ_24	GCF_000217735.1
1423799	Lactobacillus_salivarius_HO66_ATCC_11741	GCF_001435955.1
1029822	Lactobacillus_salivarius_NIAS840	GCF_000215465.1
362948	Lactobacillus_salivarius_salivarius_UCC118	GCF_000008925.1
1423800	Lactobacillus_sanfranciscensis_DSM_20451	GCF_002907365.1
714313	Lactobacillus_sanfranciscensis_TMW_1_1304	GCF_000225325.1
1625	Lactobacillus_sanfranciscensis_TMW_1_2137	GCF_002907145.1
348151	Lactobacillus_siliginis_DSM_22696	GCF_001437435.1
1046595	Lactobacillus_suebicus_DSM_5007_KCTC_3549	GCF_001434475.1
1423809	Lactobacillus_taiwanensis_DSM_21401	GCF_001436695.1
525365	Lactobacillus_ultunensis_DSM_16047	GCF_001436305.1
1423813	Lactobacillus_vaccinostercus_DSM_20634	GCF_001436295.1
1423814	Lactobacillus_vaginalis_ATCC_49540	GCF_000159435.1
1633	Lactobacillus_vaginalis_ERR2221166	
1046598	Lactobacillus_versmoldensis_DSM_14857_KCTC_3814	GCF_001434295.1
1046597	Lactobacillus_zeae_DSM_20178_KCTC_3804	GCF_001433745.1
998087	Lactococcus_garvieae_21881	GCF_000205485.1
913847	Lactococcus_garvieae_8831	GCF_000213885.1
420889	Lactococcus_garvieae_ATCC_49156	GCF_000269925.1
1231377	Lactococcus_garvieae_DCC43	GCF_000300795.2
1229517	Lactococcus_garvieae_I113	GCF_000305975.1
1181234	Lactococcus_garvieae_IPLA_31405	GCF_000269705.1
420890	Lactococcus_garvieae_Lg2	GCF_000269945.1
1091039	Lactococcus_garvieae_LG9	GCF_000236535.2
1229518	Lactococcus_garvieae_Tac2	GCF_000305995.1
1091040	Lactococcus_garvieae_TB25	GCF_000236515.2
1017266	Lactococcus_garvieae_UNIUD074	GCF_000212475.1
1104322	Lactococcus_lactis_subsp_cremoris_A76	GCF_000236475.1
1042402	Lactococcus_lactis_subsp_cremoris_CNCM_I_1631	GCF_000284735.1
416870	Lactococcus_lactis_subsp_cremoris_MG1363	GCF_000009425.1
746361	Lactococcus_lactis_subsp_cremoris_NZ9000	GCF_000143205.1
272622	Lactococcus_lactis_subsp_cremoris_SK11	GCF_000014545.1
1111678	Lactococcus_lactis_subsp_cremoris_UC509_9	GCF_000312685.1
929102	Lactococcus_lactis_subsp_lactis_CV56	GCF_000192705.1
272623	Lactococcus_lactis_subsp_lactis_Il1403	GCF_000006865.1
1046624	Lactococcus_lactis_subsp_lactis_IO_1	GCF_000344575.1
684738	Lactococcus_lactis_subsp_lactis_KF147	GCF_000025045.1
1149132	Lactococcus_lactis_subsp_lactis_YF11	GCF_000348965.1
1215915	Lactococcus_raffinolactis_4877	GCF_000327305.1
1122155	Lactonifactor_longoviformis_DSM_17459	GCF_900129135.1
1689303	Lagierella_massiliensis_CSUR_P2012	GCF_001407835.1
557598	Laribacter_hongkongensis_HLHK9	GCF_000021025.1
1627894	Lascolabacillus_massiliensis_DSM_100190	GCF_001282625.1
887898	Lautropia_mirabilis_ATCC_51599	GCF_000186425.1
911008	Leclercia_adecarboxylata_ATCC_23216_NBRC_102595	GCF_001515505.1
83655	Leclercia_adecarboxylata_KY2	GCF_000813585.1
1005999	Leminorella_grimontii_ATCC_33999	GCF_000735425.1
523794	Leptotrichia_buccalis_C_1013_b	GCF_000023905.1
714315	Leptotrichia_goodfellowii_DSM_19756	GCF_000516535.1
596323	Leptotrichia_goodfellowii_F0264	GCF_000176335.1
1122171	Leptotrichia_hofstadii_DSM_21651	GCF_000428965.1
634994	Leptotrichia_hofstadii_F0254	GCF_000162955.1
554406	Leptotrichia_hongkongensis_JMUB5056	GCF_007990635.1
1122172	Leptotrichia_shahii_DSM_19757	GCF_000373045.1
1122174	Leptotrichia_wadei_DSM_19758	GCF_000373345.1
888055	Leptotrichia_wadei_F0279	GCF_000469405.1
157687	Leptotrichia_wadei_KA00185	GCF_001553045.1
886872	Leuconostoc_argentinum_KCTC_3773	GCF_000179875.1
1229758	Leuconostoc_carnosum_JB16	GCF_000300135.1
33964	Leuconostoc_citreum_1300_LCIT_132_3537_30873	GCF_001062635.1
349519	Leuconostoc_citreum_KM20	GCF_000026405.1
1108974	Leuconostoc_citreum_LBAE_C10	GCF_000239895.1
1127128	Leuconostoc_citreum_LBAE_C11	GCF_000239915.1
1127129	Leuconostoc_citreum_LBAE_E16	GCF_000239935.1
1229756	Leuconostoc_gelidum_JB7	GCF_000298875.1
927691	Leuconostoc_gelidum_KCTC_3527	GCF_000166715.1
115778	Leuconostoc_gelidum_subsp_gasicomitatum_C122c	GCF_900016145.1
1246	Leuconostoc_lactis_KACC_91922	GCF_000709265.1
1245	Leuconostoc_mesenteroides_ERR2221167	
586220	Leuconostoc_mesenteroides_subsp_cremoris_ATCC_19254	GCF_000160595.1
203120	Leuconostoc_mesenteroides_subsp_mesenteroides_ATCC_8293	GCF_000014445.1
1107880	Leuconostoc_mesenteroides_subsp_mesenteroides_J18	GCF_000234825.3
1154757	Leuconostoc_pseudomesenteroides_4882	GCF_000297375.1
33968	Leuconostoc_pseudomesenteroides_ERR2221296	
525367	Listeria_grayi_DSM_20601	GCF_000148995.1
1002366	Listeria_innocua_ATCC_33091	GCF_000241405.1
272626	Listeria_innocua_Clip11262	GCF_000195795.1
1126011	Listeria_monocytogenes_07PF0776	GCF_000258905.1
653938	Listeria_monocytogenes_08_5578	GCF_000093125.2
637381	Listeria_monocytogenes_08_5923	GCF_000022925.1
393133	Listeria_monocytogenes_10403S	GCF_000168695.2
565047	Listeria_monocytogenes_4a_L99	GCF_000209755.1
265669	Listeria_monocytogenes_4b_F2365	GCF_000008285.1
882095	Listeria_monocytogenes_ATCC_19117	GCF_001454905.1
634178	Listeria_monocytogenes_Clip80459	GCF_000026705.1
169963	Listeria_monocytogenes_EGD_e	GCF_000196035.1
393128	Listeria_monocytogenes_F6900	GCF_000168615.1
393127	Listeria_monocytogenes_Finland_1988	GCF_000168595.2
393117	Listeria_monocytogenes_FSL_J1_194	GCF_000168395.1
393121	Listeria_monocytogenes_FSL_J2_071	GCF_000168475.1
393123	Listeria_monocytogenes_FSL_N1_017	GCF_000168515.1
393124	Listeria_monocytogenes_FSL_N3_165	GCF_000168535.1
393125	Listeria_monocytogenes_FSL_R2_503	GCF_000168555.1
393126	Listeria_monocytogenes_FSL_R2_561	GCF_000168575.2
552536	Listeria_monocytogenes_HCC23	GCF_000021185.1
401650	Listeria_monocytogenes_HPB2262	GCF_000168815.1
393130	Listeria_monocytogenes_J0161_FSL_R2_499	GCF_000168635.2
393131	Listeria_monocytogenes_J2818	GCF_000168655.1
1639	Listeria_monocytogenes_JF5171	GCF_001262395.1
882094	Listeria_monocytogenes_L312	GCF_000307085.1
563174	Listeria_monocytogenes_L99	GCF_000209755.1
1030009	Listeria_monocytogenes_M7	GCF_000218305.1
1234142	Listeria_monocytogenes_N53_1	GCF_000626575.1
1293288	Listeria_monocytogenes_serotype_1_2a_str_NCCP_No_15743	GCF_000397145.1
863769	Listeria_monocytogenes_serotype_1_2b_str_SLCC2755	GCF_001999005.1
932920	Listeria_monocytogenes_serotype_1_2c_str_SLCC2372	GCF_000210815.2
1230340	Listeria_monocytogenes_serotype_4b_str_LL195	GCF_000318055.1
863767	Listeria_monocytogenes_serotype_7_SLCC_2482	GCF_000210795.2
879088	Listeria_monocytogenes_SLCC_2378	GCF_000307615.1
879089	Listeria_monocytogenes_SLCC_2540	GCF_000306905.1
879090	Listeria_monocytogenes_SLCC_7179	GCF_000306985.1
882097	Listeria_monocytogenes_SLCC2376	GCF_000307065.1
882020	Listeria_monocytogenes_SLCC2479	GCF_000307005.1
882096	Listeria_monocytogenes_SLCC5850	GCF_000307045.1
267409	Listeria_monocytogenes_str_1_2a_F6854	GCF_000167135.1
267410	Listeria_monocytogenes_str_4b_H7858	GCF_000167155.1
1027396	Listeria_monocytogenes_str_Scott_A	GCF_000212455.1
314232	Loktanella_vestfoldensis_SMR4r	GCF_002158905.1
1796628	Longibaculum_muris_DSM_29487	GCF_004343035.1
1796635	Longicatena_caecimuris_DSM_29481	GCF_004341945.1
1231627	Lysinibacillus_fusiformis_ZB2	GCF_000313955.2
714961	Lysinibacillus_fusiformis_ZC1	GCF_000178135.1
1421	Lysinibacillus_sphaericus_2362	GCF_001629735.1
444177	Lysinibacillus_sphaericus_C3_41	GCF_000017965.1
1285586	Lysinibacillus_sphaericus_OT4b_31	GCF_000392615.1
1421	Lysinibacillus_sphaericus_OT4b25	GCF_001581875.1
1421	Lysinibacillus_sphaericus_OT4b49	GCF_001623495.1
1284702	Mageeibacillus_indolicus_0009_5	GCA_000733145.1
699246	Mageeibacillus_indolicus_UPII9_5	GCA_000025225.2
1122209	Marinospirillum_alkaliphilum_DSM_21637	GCF_900119735.1
478749	Marvinbryantia_formatexigens_I_52_DSM_14469	GCF_900102475.1
1632858	Massilibacterium_senegalense_DSM_100455	GCF_001375675.1
1870991	Massilioclostridium_coli_DSM_103344	GCF_900095865.1
1720300	Mediterraneibacter_massiliensis_DSM_100837	GCF_001487105.1
742816	Megamonas_funiformis_YIT_11815	GCF_000245775.1
657316	Megamonas_hypermegale_ART12_1	GCF_000209975.1
1122217	Megamonas_rupellensis_DSM_19944	GCF_000378365.1
1064535	Megasphaera_elsdenii_DSM_20460	GCF_003010495.1
699193	Megasphaera_genomosp_type_2	GCA_002892445.1
1232428	Megasphaera_massiliensis_NP3	GCF_000455225.1
706434	Megasphaera_micronuciformis_F0359	GCF_000165735.1
906	Megasphaera_nov_ERR1022370	
1122220	Megasphaera_paucivorans_DSM_16981	GCF_900103535.1
526227	Meiothermus_silvanus_DSM_9946	GCF_000092125.1
1899017	Melainabacterium_MEL_A1	GCA_001765415.1
1871030	Merdibacter_massiliensis_Marseille_P3254	GCF_900155395.1
266835	Mesorhizobium_loti_MAFF303099	GCF_000009625.1
935546	Mesorhizobium_loti_NZP2037	GCF_001676765.1
1095768	Metakosakonia_massiliensis_JC163	GCF_000321045.1
634498	Methanobrevibacter_ruminantium_M1	GCF_000024185.1
420247	Methanobrevibacter_smithii_ATCC_35061	GCF_000016525.1
1175296	Methanomassiliicoccus_luminyensis_B10	GCF_000308215.1
339860	Methanosphaera_stadtmanae_DSM_3091	GCF_000012545.1
908290	Methylobacterium_mesophilicum_SR1_6_6	GCF_000364445.1
441620	Methylobacterium_populi_BJ001	GCF_000019945.1
426355	Methylobacterium_radiotolerans_JCM_2831	GCF_000019725.1
999628	Methyloversatilis_universalis_EHg5	GCF_000378945.1
1000565	Methyloversatilis_universalis_FAM5	GCF_000214035.1
983952	Methyloversatilis_universalis_Fam50001	GCF_000478565.1
1122237	Microbacterium_gubbeenense_DSM_15944	GCF_000422745.1
1223528	Microbacterium_oleivorans_NBRC_103075	GCF_001552475.1
1151126	Microbacterium_paraoxydans_77MFTsu3_2	GCF_000380465.1
1270	Micrococcus_luteus_1058_MLUT	GCF_001061825.1
1270	Micrococcus_luteus_ERR2221282	
465515	Micrococcus_luteus_NCTC_2665	GCF_900475555.1
1270	Micrococcus_luteus_NDB3Y10	GCF_001543375.1
1270	Micrococcus_luteus_RIT304	GCF_000632005.1
1270	Micrococcus_luteus_RIT305	GCF_000632185.1
1270	Micrococcus_luteus_RIT324w	GCF_000632145.1
596312	Micrococcus_luteus_SK58	GCF_000176875.1
1270	Micrococcus_luteus_trpE16	GCF_000877795.1
644283	Micromonospora_aurantiaca_ATCC_27029	GCF_000145235.1
1033741	Microvirga_massiliensis_JC119	GCF_001006805.1
1410665	Mitsuokella_jalaludinii_DSM_13811	GCF_000702905.1
187979	Mitsuokella_jalaludinii_ERR1022286	
500635	Mitsuokella_multacida_DSM_20544	GCF_000155955.1
1522310	Mobilicoccus_massiliensis_DSM_29065	GCF_000826525.2
548479	Mobiluncus_curtisii_ATCC_43063	GCF_000196535.1
887326	Mobiluncus_curtisii_ATCC_51333	GCF_000185425.1
887899	Mobiluncus_curtisii_subsp_holmesii_ATCC_35242	GCF_000185445.1
887899	Mobiluncus_holmesii_ATCC_35242	GCA_000185445.1
596328	Mobiluncus_mulieris_28_1	GCF_000176775.1
871571	Mobiluncus_mulieris_ATCC_35239	GCF_000146895.1
585199	Mobiluncus_mulieris_ATCC_35243	GCF_000160615.1
866770	Mobiluncus_mulieris_FB024_16	GCF_000148485.1
936375	Mogibacterium_sp_CM50	GCF_000293155.1
1401079	Mogibacterium_timidum_ATCC_33093	GCF_000525775.1
386891	Moraxella_bovoculi_22581	GCF_000988615.1
743974	Moraxella_bovoculi_237	GCF_000696305.1
90239	Moraxella_canis_CCUG_8415A_8415T1	GCF_002014965.1
857572	Moraxella_catarrhalis_101P30B1	GCF_000193065.1
857579	Moraxella_catarrhalis_103P14B1	GCF_000192925.1
857577	Moraxella_catarrhalis_12P80B1	GCF_000192965.1
480	Moraxella_catarrhalis_25240	GCF_000740455.1
857578	Moraxella_catarrhalis_46P47B1	GCF_000192945.1
857581	Moraxella_catarrhalis_7169	GCF_000192905.1
857576	Moraxella_catarrhalis_BC1	GCF_000192985.1
857575	Moraxella_catarrhalis_BC7	GCF_000193005.1
857574	Moraxella_catarrhalis_BC8	GCF_000193025.1
857573	Moraxella_catarrhalis_CO72	GCF_000193045.1
857571	Moraxella_catarrhalis_O35E	GCF_000193085.1
749219	Moraxella_catarrhalis_RH4	GCF_000302495.1
582	Morganella_morganii_FDAARGOS_172	GCF_001558895.2
582	Morganella_morganii_FDAARGOS_63	GCF_000783955.2
1239989	Morganella_morganii_SC01	GCF_000307755.2
1124991	Morganella_morganii_subsp_morganii_KT	GCF_000286435.2
1379858	Mucispirillum_schaedleri_ASF457	
1673723	Murdochiella_massiliensis_CSUR_P1987	GCF_900059565.1
1852373	Murdochiella_vaginalis_DSM_102237	GCF_900119705.1
1796646	Muribaculum_intestinale_YL27	GCF_001688845.2
1796634	Muricomes_intestini_DSM_29489	GCF_004346165.1
1337051	Murimonas_intestini_DSM_26524	GCF_902363655.1
1001721	Mycobacterium_abscessus_3A_0119_R	GCF_000270825.1
1001715	Mycobacterium_abscessus_3A_0122_R	GCF_000270845.1
1001716	Mycobacterium_abscessus_3A_0122_S	GCF_000270585.1
1001718	Mycobacterium_abscessus_3A_0731	GCF_000270705.1
1001717	Mycobacterium_abscessus_3A_0810_R	GCF_000271105.1
1001720	Mycobacterium_abscessus_3A_0930_R	GCF_000270565.1
1001719	Mycobacterium_abscessus_3A_0930_S	GCF_000270725.1
1087483	Mycobacterium_abscessus_47J26	GCF_000231155.1
1001725	Mycobacterium_abscessus_4S_0116_R	GCF_000270685.2
1001724	Mycobacterium_abscessus_4S_0116_S	GCF_000270625.1
1001723	Mycobacterium_abscessus_4S_0206	GCF_000270745.2
1001722	Mycobacterium_abscessus_4S_0303	GCF_000271125.1
1001726	Mycobacterium_abscessus_4S_0726_RA	GCF_000271245.1
1001727	Mycobacterium_abscessus_4S_0726_RB	GCF_000271265.1
1001728	Mycobacterium_abscessus_5S_0304	GCF_000271205.1
1001729	Mycobacterium_abscessus_5S_0421	GCF_000271225.1
1001731	Mycobacterium_abscessus_5S_0422	GCF_000271065.1
1001730	Mycobacterium_abscessus_5S_0708	GCF_000271085.1
1001735	Mycobacterium_abscessus_5S_0817	GCF_000271005.1
1001732	Mycobacterium_abscessus_5S_0921	GCF_000270965.1
1001733	Mycobacterium_abscessus_5S_1212	GCF_000271025.1
1001734	Mycobacterium_abscessus_5S_1215	GCF_000271045.1
1001740	Mycobacterium_abscessus_6G_0125_R	GCF_000270985.1
1001739	Mycobacterium_abscessus_6G_0212	GCF_000270645.1
1246644	Mycobacterium_abscessus_9808	GCF_000332605.1
1162287	Mycobacterium_abscessus_M115	GCF_000260595.1
1175632	Mycobacterium_abscessus_M139	GCF_000280595.1
1176125	Mycobacterium_abscessus_M152	GCF_000280615.1
1162288	Mycobacterium_abscessus_M154	GCF_000260575.2
1185414	Mycobacterium_abscessus_M156	GCF_000280635.2
1162285	Mycobacterium_abscessus_M159	GCF_000261105.1
1162286	Mycobacterium_abscessus_M172	GCF_000261125.1
1162284	Mycobacterium_abscessus_M24	GCF_000260615.2
1149134	Mycobacterium_abscessus_M93	GCF_000257225.2
1158135	Mycobacterium_abscessus_M94	GCF_000257245.2
1303024	Mycobacterium_abscessus_subsp_bolletii_50594	GCF_000445035.1
1091046	Mycobacterium_abscessus_subsp_bolletii_BD	GCF_003609715.1
243243	Mycobacterium_avium_104	GCF_000014985.1
553481	Mycobacterium_avium_subsp_avium_ATCC_25291	GCF_000174035.1
1051629	Mycobacterium_avium_subsp_paratuberculosis_JQ5	GCF_000240345.1
1112208	Mycobacterium_avium_subsp_paratuberculosis_JQ6	GCF_000240365.1
262316	Mycobacterium_avium_subsp_paratuberculosis_K_10	GCF_000007865.1
1199187	Mycobacterium_avium_subsp_paratuberculosis_MAP4	GCF_000390085.1
1010838	Mycobacterium_avium_subsp_paratuberculosis_S397	GCF_000219085.1
1247747	Mycobacterium_avium_subsp_paratuberculosis_S5	GCF_000330785.1
1214102	Mycobacterium_fortuitum_subsp_fortuitum_DSM_46621	GCF_001050075.1
83332	Mycobacterium_tuberculosis_H37Rv	GCF_003027795.2
194542	Mycobacterium_tuberculosis_variant_pinnipedii_MP2	GCF_003027795.2
347256	Mycoplasma_hominis_ATCC_23114	GCF_000085865.1
1267000	Mycoplasma_hominis_ATCC_27545	GCF_000767725.1
907287	Mycoplasma_hyopneumoniae_168	GCF_000183185.1
1116211	Mycoplasma_hyopneumoniae_168_L	GCF_000400855.1
295358	Mycoplasma_hyopneumoniae_232	GCF_000008405.1
262722	Mycoplasma_hyopneumoniae_7448	GCF_000008225.1
262719	Mycoplasma_hyopneumoniae_J	GCF_000008205.1
1213463	Mycoplasma_pneumoniae_19294	GCF_000387745.2
1112856	Mycoplasma_pneumoniae_309	GCF_000283755.1
722438	Mycoplasma_pneumoniae_FH	GCF_001272835.1
272634	Mycoplasma_pneumoniae_M129	GCF_000027345.1
1238993	Mycoplasma_pneumoniae_M129_B7	GCF_000331085.3
1236904	Mycoplasma_pneumoniae_PI_1428	GCF_000319675.2
1233262	Mycoplasma_pneumoniae_PO1	GCF_000319655.2
883150	Myroides_odoratimimus_CCUG_10230	GCF_000242075.2
883151	Myroides_odoratimimus_CCUG_12700	GCF_000413415.1
883152	Myroides_odoratimimus_CCUG_12901	GCF_000242095.1
883153	Myroides_odoratimimus_CCUG_3837	GCF_000297855.1
883154	Myroides_odoratimimus_CIP_101113	GCF_000242135.1
76832	Myroides_odoratimimus_PR63039	GCF_001481655.1
680378	Natranaerovirga_hydrolytica_DSM_24176	GCF_004339095.1
682400	Natranaerovirga_pectinivora_DSM_24629	GCF_004342165.1
1776382	Neglecta_timonensis_DSM_102082	GCF_900048895.1
267212	Neisseria_bacilliformis_914_NLAC_0_29744_674333	GCF_001067635.1
888742	Neisseria_bacilliformis_ATCC_BAA_1200	GCF_000194925.1
546262	Neisseria_cinerea_ATCC_14685	GCF_000173895.1
546263	Neisseria_elongata_subsp_glycolytica_ATCC_29315	GCF_000818035.1
546264	Neisseria_flavescens_NRL30031_H210	GCF_000173935.1
596320	Neisseria_flavescens_SK114	GCF_000175275.1
546265	Neisseria_lactamica_ATCC_23970	GCF_000173995.1
997348	Neisseria_macacae_ATCC_33926	GCF_000220865.1
272831	Neisseria_meningitidis_2842STDY5881431	GCF_900027995.1
862513	Neisseria_meningitidis_ATCC_13091	GCF_000146655.1
546266	Neisseria_mucosa_ATCC_25996	GCF_000173875.1
435832	Neisseria_mucosa_C102	GCF_000186165.1
1032488	Neisseria_shayeganii_871	GCF_000226875.1
933266	Neisseria_sicca_4320	GCF_000193735.1
547045	Neisseria_sicca_ATCC_29256	GCF_000174655.1
490	Neisseria_sicca_C2010005502	GCF_003044565.1
1095748	Neisseria_sicca_VK64	GCF_000260655.1
546268	Neisseria_subflava_NJ9703	GCF_000173955.1
1461580	Neobacillus_jeddahensis_DSM_28281	GCF_000612625.1
1673724	Neofamilia_massiliensis_DSM_100639	GCF_001299475.1
1232429	Nesterenkonia_massiliensis_NP1	GCF_000455245.1
1122603	Nevskia_ramosa_DSM_11499	GCF_000420645.1
1522317	Nigerium_massiliense_SIT5	GCF_000826085.1
1325935	Nocardioides_massiliensis_GD13	GCF_900067705.1
1232430	Nosocomiicoccus_massiliensis_NP2	GCF_000438455.1
1095769	Noviherbaspirillum_massiliense_JC206	GCF_000312045.1
279238	Novosphingobium_aromaticivorans_DSM_12444	GCF_000013325.1
1522315	Numidum_massiliense_mt3	GCF_001375555.1
1354268	Obesumbacterium_proteus_ATCC_12841	GCF_001655035.1
82983	Obesumbacterium_proteus_DSM_2777	GCF_001586165.1
405946	Oceanobacillus_caeni_HM6	GCF_001298135.1
1462527	Oceanobacillus_jeddahense_S5	GCF_000750635.1
946235	Oceanobacillus_massiliensis_str_N_diop	GCF_000285495.1
333381	Oceanobacillus_picturae_strain_S1	GCF_000612865.1
439375	Ochrobactrum_anthropi_ATCC_49188	GCF_000017405.1
1151114	Ochrobactrum_anthropi_CTS_325	GCF_000251205.1
529	Ochrobactrum_anthropi_FRAF13	GCF_001575075.1
641118	Ochrobactrum_intermedium_LMG_3301	GCF_000182645.1
742817	Odoribacter_laneus_YIT_12061	GCF_000243215.1
709991	Odoribacter_splanchnicus_1651_6_DSM_20712	GCF_000190535.1
28118	Odoribacter_splanchnicus_ERR1203973	
28118	Odoribacter_splanchnicus_ERR1204067	
28118	Odoribacter_splanchnicus_ERR2230125	
1776381	Olegusella_massiliensis_DSM_101849	GCF_900078545.1
1401065	Oligella_urethralis_DNF00040	GCF_000759065.1
1122620	Oligella_urethralis_DSM_7531	GCF_000372065.1
90245	Oligella_urethralis_UMB0345_21837_8_92_1	GCF_002884655.1
1125712	Olsenella_profusa_F019501	GCF_000468755.1
1622075	Olsenella_sp_SIT9	GCF_001457795.1
633147	Olsenella_uli_DSM_7084	GCF_000143845.1
585501	Oribacterium_sinus_F0268	GCF_000160635.1
608534	Oribacterium_sp_oral_taxon_078_str_F0262	GCF_000160135.1
459786	Oscillibacter_nov_ERR1022355	
459786	Oscillibacter_nov_ERR1022407	
1007096	Oscillibacter_ruminantium_GH1	GCF_000307265.1
1226322	Oscillibacter_sp_KLE_1728	GCF_000469425.1
1226323	Oscillibacter_sp_KLE_1745	GCF_000469445.2
556268	Oxalobacter_formigenes_HOxBLS	GCF_000158475.2
556269	Oxalobacter_formigenes_OXCC13	GCF_002128345.1
1206781	Paenibacillus_alvei_DSM_29	GCF_000293805.1
1274374	Paenibacillus_antibioticophila_GD11	GCF_000455265.1
1235795	Paenibacillus_barengoltzii_G22	GCF_000403375.2
1122917	Paenibacillus_daejeonensis_DSM_15491	GCF_000378385.1
1333858	Paenibacillus_graminis_RSA19	GCF_000172415.1
1232431	Paenibacillus_ihuae_GD6	GCF_001368795.1
687436	Paenibacillus_ihumii_DSM_100664	GCF_001403875.1
743719	Paenibacillus_lactis_154	GCF_000230915.1
1776378	Paenibacillus_phocaensis_DSM_101777	GCF_900021165.1
1720296	Paenibacillus_rubinfantis_DSM_101191	GCF_001486505.1
1033743	Paenibacillus_senegalensis_JC66	GCF_000285515.1
1737426	Paenibacillus_senegalimassiliensis_CCUG_69869	GCF_001486585.1
1622070	Paenibacillus_sp_GM2	GCF_900069005.2
908341	Paenibacillus_sp_HGF5	GCF_000204455.1
944559	Paenibacillus_sp_HGF7	GCF_000214295.1
1078505	Paenibacillus_sp_HGH0039	GCF_000411255.1
1034769	Paenibacillus_sp_HW567	GCF_000374185.1
996640	Paenibacillus_sp_ICGEB2008	GCF_000307675.1
324057	Paenibacillus_sp_JDR_2	GCF_000023585.1
1816681	Paenibacillus_tuaregi_DSM_102801	GCF_900086655.1
1172204	Paeniclostridium_sordellii_8483	GCF_001023455.2
1505	Paeniclostridium_sordellii_AF05_25	GCF_003465925.1
1505	Paeniclostridium_sordellii_AM370	GCF_002865995.1
1505	Paeniclostridium_sordellii_CBA7122	GCF_001950115.1
1505	Paeniclostridium_sordellii_DA108	GCF_001372735.1
1505	Paeniclostridium_sordellii_E204	GCF_001373055.1
1505	Paeniclostridium_sordellii_JGS444	GCF_001372655.1
1505	Paeniclostridium_sordellii_JGS445	GCF_001372675.1
1505	Paeniclostridium_sordellii_JGS6956	GCF_001372695.1
1505	Paeniclostridium_sordellii_JGS6961	GCF_001372715.1
1505	Paeniclostridium_sordellii_MGYG_HGUT_00157	GCF_902363855.1
1505	Paeniclostridium_sordellii_R15892	GCF_001373035.1
1505	Paeniclostridium_sordellii_R26833	GCF_001372455.1
1505	Paeniclostridium_sordellii_R27882	GCF_001372435.1
1505	Paeniclostridium_sordellii_R28058	GCF_001372415.1
1505	Paeniclostridium_sordellii_R29426	GCF_001372395.1
1505	Paeniclostridium_sordellii_R30684	GCF_001372375.1
1505	Paeniclostridium_sordellii_R31809	GCF_001372355.1
1505	Paeniclostridium_sordellii_R32462	GCF_001372335.1
1505	Paeniclostridium_sordellii_R32668	GCF_001372315.1
1505	Paeniclostridium_sordellii_R32921	GCF_001372295.1
1505	Paeniclostridium_sordellii_R32977	GCF_001372275.1
1505	Paeniclostridium_sordellii_SSCC18392	GCF_001372855.1
1505	Paeniclostridium_sordellii_SSCC18838	GCF_001372835.1
1505	Paeniclostridium_sordellii_SSCC26591	GCF_001372795.1
1505	Paeniclostridium_sordellii_SSCC32135	GCF_001372915.1
1505	Paeniclostridium_sordellii_SSCC33587	GCF_001372895.1
1505	Paeniclostridium_sordellii_SSCC33589	GCF_001372755.1
1505	Paeniclostridium_sordellii_SSCC35109	GCF_001372875.1
1505	Paeniclostridium_sordellii_SSCC37615	GCF_001372815.1
1505	Paeniclostridium_sordellii_SSCC42239	GCF_001372775.1
1505	Paeniclostridium_sordellii_UMC1	GCF_001372935.1
1505	Paeniclostridium_sordellii_UMC164	GCF_001372955.1
1505	Paeniclostridium_sordellii_UMC178	GCF_001372975.1
1505	Paeniclostridium_sordellii_UMC4401	GCF_001372995.1
1505	Paeniclostridium_sordellii_UMC4404	GCF_001373015.1
1292035	Paeniclostridium_sordellii_VPI_9048	GCF_000444095.1
1505	Paeniclostridium_sordellii_W10	GCF_001372495.1
1505	Paeniclostridium_sordellii_W2922	GCF_001372515.1
1505	Paeniclostridium_sordellii_W2945	GCF_001372535.1
1505	Paeniclostridium_sordellii_W2946	GCF_001372555.1
1505	Paeniclostridium_sordellii_W2948	GCF_001372575.1
1505	Paeniclostridium_sordellii_W2967	GCF_001372475.1
1505	Paeniclostridium_sordellii_W2975	GCF_001372595.1
1505	Paeniclostridium_sordellii_W3025	GCF_001372615.1
1505	Paeniclostridium_sordellii_W3026	GCF_001372635.1
1078085	Paenisporosarcina_sp_HGH0030	GCF_000411295.1
1231057	Paenisporosarcina_sp_TG_14	GCF_000297555.1
681398	Paludibacter_jiangxiensis_NM7	GCF_001618385.1
694427	Paludibacter_propionicigenes_WB4	GCF_000183135.1
549	Pantoea_agglomerans_190	GCF_000731125.1
1261128	Pantoea_agglomerans_299R	GCF_000330765.1
549	Pantoea_agglomerans_3	GCF_001597625.1
549	Pantoea_agglomerans_4	GCF_000743785.2
1110694	Pantoea_agglomerans_IG1	GCF_000241285.1
549	Pantoea_agglomerans_MP2	GCF_000757415.1
549	Pantoea_agglomerans_P10c	GCF_001288285.1
1144341	Pantoea_sp_YR343	GCF_000282695.1
1122930	Papillibacter_cinnamivorans_DSM_12816	GCF_900176335.1
871327	Parabacteroides_chinchillae_DSM_29073	GCF_900108035.1
435591	Parabacteroides_distasonis_ATCC_8503	GCF_900683725.1
999416	Parabacteroides_distasonis_CL03T12C09	GCF_000307455.1
999417	Parabacteroides_distasonis_CL09T03C24	GCF_000307435.1
823	Parabacteroides_distasonis_ERR1022281	
823	Parabacteroides_distasonis_ERR1022330	
823	Parabacteroides_distasonis_ERR1022415	
823	Parabacteroides_distasonis_ERR1022462	
823	Parabacteroides_distasonis_ERR1204048	
823	Parabacteroides_distasonis_ERR2221129	
823	Parabacteroides_distasonis_ERR2221168	
823	Parabacteroides_distasonis_ERR2230146	
823	Parabacteroides_distasonis_ERR2230165	
999418	Parabacteroides_goldsteinii_CL02T12C30	GCF_000307395.1
1235789	Parabacteroides_goldsteinii_dnLKV18	GCF_000403825.2
927665	Parabacteroides_goldsteinii_DSM_19448_WAL_12034	GCF_000969835.1
328812	Parabacteroides_goldsteinii_ERR2230163	
1203610	Parabacteroides_gordonii_DSM_23371	GCF_000969825.1
999419	Parabacteroides_johnsonii_CL02T12C29	GCF_000307375.1
537006	Parabacteroides_johnsonii_DSM_18315	GCF_000156495.1
411477	Parabacteroides_merdae_ATCC_43184	GCF_000154105.1
999420	Parabacteroides_merdae_CL03T12C32	GCF_000307345.1
999421	Parabacteroides_merdae_CL09T00C40	GCF_000307495.1
46503	Parabacteroides_merdae_ERR1022364	
46503	Parabacteroides_merdae_ERR2230111	
375288	Parabacteroides_nov_ERR1203954	
1235803	Parabacteroides_sp_ASF519	GCF_000364265.1
563193	Parabacteroides_sp_D13	GCF_000162275.1
658661	Parabacteroides_sp_D25	GCF_000307475.1
658662	Parabacteroides_sp_D26	GCF_001078555.1
1078087	Parabacteroides_sp_HGS0025	GCF_000969845.1
458836	Paraburkholderia_sediminicola_LMG_24238	GCF_900104005.1
1233171	Paraclostridium_bifermentans_ATCC_638	GCF_006802875.1
1490	Paraclostridium_bifermentans_Cbm	GCF_008807835.1
1490	Paraclostridium_bifermentans_MGYG_HGUT_00024	GCF_902362415.1
1490	Paraclostridium_bifermentans_MHMC_14	GCF_003585605.1
1490	Paraclostridium_bifermentans_SU1074NT	GCF_002104065.1
1391646	Paraclostridium_bifermentans_WYM	GCF_000498455.1
1446473	Paracoccus_yeei_ATCC_BAA_599	GCF_000622145.1
230658	Paraeggerthella_hongkongensis_RC2_2	GCF_003340345.1
332977	Parapedobacter_koreensis_Jip14	GCF_900109365.1
762968	Paraprevotella_clara_YIT_11840	GCF_000233955.1
762982	Paraprevotella_xylaniphila_YIT_11841	GCF_900683745.1
864564	Parascardovia_denticolens_DSM_10105_JCM_12538	GCF_001042675.1
641144	Parascardovia_denticolens_F0305	GCF_000163835.1
1193128	Parascardovia_denticolens_IPLA_20019	GCF_000269845.1
1122934	Parasporobacterium_paucivorans_DSM_15970	GCF_900141895.1
762966	Parasutterella_excrementihominis_YIT_11859	GCF_000205025.1
747645	Parvibacter_caecicola_DSM_22242	GCF_003725335.1
747645	Parvibacter_caecicola_NM48_B13	GCF_005046025.1
411465	Parvimonas_micra_ATCC_33270	GCF_000154405.1
767100	Parvimonas_sp_oral_taxon_110_str_F0139	GCF_000214475.1
1796644	Pasteurella_caecimuris_NM44_TS2_9	GCF_004793515.1
563194	Pediococcus_acidilactici_7_4	GCF_000163095.1
1306952	Pediococcus_acidilactici_D3	GCF_000380265.1
862514	Pediococcus_acidilactici_DSM_20284	GCF_000146325.1
1254	Pediococcus_acidilactici_ERR2221169	
1254	Pediococcus_acidilactici_ERR2221292	
1254	Pediococcus_acidilactici_ERR2221293	
1254	Pediococcus_acidilactici_ERR2221294	
1254	Pediococcus_acidilactici_ERR2221295	
1254	Pediococcus_acidilactici_ERR2221299	
1254	Pediococcus_acidilactici_ERR2221316	
1254	Pediococcus_acidilactici_ERR2221333	
1254	Pediococcus_acidilactici_ERR2221334	
1254	Pediococcus_acidilactici_ERR2221382	
1080365	Pediococcus_acidilactici_MA18_5M	GCF_000235805.1
278197	Pediococcus_pentosaceus_ATCC_25745	GCF_000014505.1
1133596	Pediococcus_pentosaceus_IE_3	GCF_000285875.1
304	Pelomonas_saccharophila_DSM_654	GCF_004342485.1
755172	Peptoniphilus_coxii_DNF00729	GCF_001553115.1
862517	Peptoniphilus_duerdenii_ATCC_BAA_1640	GCF_000146345.1
1465756	Peptoniphilus_grossensis_35_6_1	GCF_001940285.1
908338	Peptoniphilus_harei_ACS_146_V_Sch2b	GCF_000183565.1
54005	Peptoniphilus_harei_ERR2221371	
997350	Peptoniphilus_indolicus_ATCC_29427	GCF_000227315.1
596330	Peptoniphilus_lacrimalis_315_B	GCF_000176955.1
1122949	Peptoniphilus_lacrimalis_DSM_7455	GCF_000378725.1
162289	Peptoniphilus_nov_ERR2221395	
1118062	Peptoniphilus_obesi_ph1	GCF_000311865.1
1720298	Peptoniphilus_phoceensis_SIT15	GCF_001517665.2
1033744	Peptoniphilus_senegalensis_JC140	GCF_000321025.1
1095770	Peptoniphilus_timonensis_JC401	GCF_000312025.1
596329	Peptostreptococcus_anaerobius_653_L	GCF_000178095.1
1122950	Peptostreptococcus_anaerobius_DSM_2949	GCF_000381525.1
215200	Peptostreptococcus_russellii_Calf135	GCF_900110295.1
596315	Peptostreptococcus_stomatis_DSM_17678	GCF_000147675.1
1122957	Phascolarctobacterium_faecium_DSM_14760	GCF_003269275.1
626939	Phascolarctobacterium_succinatutens_YIT_12067	GCF_000188175.1
1204719	Phocaeicola_abscessus_CCUG_55929	GCF_000312445.1
314292	Photobacterium_angustum_S14	GCF_000153265.1
675817	Photobacterium_damselae_Phdp_Wu_1	GCF_003130755.1
85581	Photobacterium_damselae_subsp_damselae_CIP_102761	GCF_000176795.1
85581	Photobacterium_damselae_subsp_damselae_KC_Na_1	GCF_002142615.1
1001530	Photobacterium_leiognathi_subsp_mandapamensis_svers11	GCF_000211495.1
121723	Photobacterium_sp_SKA34	GCF_000153325.1
1393736	Photorhabdus_luminescens_BA1	GCF_000612035.1
29488	Photorhabdus_luminescens_H1_H1_C1	GCF_002968995.1
1429883	Photorhabdus_luminescens_NBAII_H75HRPL105	GCF_000826725.2
530564	Pirellula_staleyi_DSM_6068	GCF_000025185.1
1499687	Planococcus_massiliensis_DSM_28915	GCF_000821325.1
1315976	Plesiomonas_shigelloides_302_73	GCF_000392595.1
703	Plesiomonas_shigelloides_GN7	GCF_000813415.1
1329795	Polynesia_massiliensis_MS3	GCF_000820745.1
71551	Porphyromonadaceae_nov_ERR2221201	
71551	Porphyromonadaceae_nov_ERR2221202	
71551	Porphyromonadaceae_nov_ERR2221365	
71551	Porphyromonadaceae_nov_ERR2221374	
71551	Porphyromonadaceae_nov_ERR2221378	
879243	Porphyromonas_asaccharolytica_DSM_20707	GCF_000212375.1
910312	Porphyromonas_asaccharolytica_PR426713P_I	GCF_000183605.1
1122971	Porphyromonas_bennonis_DSM_23058_JCM_16335	GCF_000375645.1
553175	Porphyromonas_endodontalis_ATCC_35406	GCF_000174815.1
1403337	Porphyromonas_gingivalis_A7436	GCF_001263815.1
431947	Porphyromonas_gingivalis_ATCC_33277	GCF_000010505.1
1030843	Porphyromonas_gingivalis_TDC60	GCF_000270225.1
242619	Porphyromonas_gingivalis_W83	GCF_000007585.1
1236526	Porphyromonas_gingivicanis_JCM_15907	GCF_000614585.1
1122975	Porphyromonas_somerae_DSM_23386	GCF_000372405.1
596327	Porphyromonas_uenonis_60_3	GCF_000174775.1
1122976	Porphyromonas_uenonis_DSM_23387	GCF_000482365.1
1122978	Prevotella_albensis_DSM_11370	GCF_000426565.1
679191	Prevotella_amnii_CRIS_21A_A	GCF_000177355.1
1401066	Prevotella_amnii_DNF00058	GCF_000759315.1
419005	Prevotella_amnii_DNF00307	GCF_001553225.1
1122979	Prevotella_amnii_DSM_23384_JCM_14753	GCF_000613765.1
1236508	Prevotella_aurantiaca_JCM_15754	GCF_000614025.1
1122980	Prevotella_baroniae_DSM_16972_JCM_13447	GCF_000613565.1
1115809	Prevotella_baroniae_F0067	GCF_000468635.1
585502	Prevotella_bergensis_DSM_17361	GCF_000160535.1
868129	Prevotella_bivia_DSM_20514	GCF_000262545.1
553171	Prevotella_bivia_JCVIHMP010	GCF_000177315.1
1408472	Prevotella_brevis_ATCC_19188	GCF_000621725.1
752555	Prevotella_bryantii_B14	GCF_900110745.1
1280705	Prevotella_bryantii_C21a	GCF_000424605.1
873513	Prevotella_buccae_ATCC_33574	GCF_000184945.1
575611	Prevotella_buccae_D17	GCF_000162455.1
679190	Prevotella_buccalis_ATCC_35310	GCF_000177075.1
1401074	Prevotella_buccalis_DNF00853	GCF_000759185.1
1401078	Prevotella_buccalis_DNF00985	GCF_000759265.1
28127	Prevotella_buccalis_UMB0536_16933_8_22_1	GCF_002884635.1
1197728	Prevotella_conceptionensis_9403948	GCF_000312305.1
537011	Prevotella_copri_CB7_DSM_18205	GCF_902167755.1
165179	Prevotella_copri_ERR1022397	
1122981	Prevotella_corporis_DSM_18810	GCF_000430525.1
28128	Prevotella_corporis_MJR7716	GCF_001546595.1
908937	Prevotella_dentalis_DSM_3688	GCF_000242335.1
1236509	Prevotella_dentasini_JCM_15908	GCF_000614065.1
944557	Prevotella_denticola_CRIS_18C_A	GCF_000191765.1
1122982	Prevotella_denticola_DSM20614	GCF_000421205.1
767031	Prevotella_denticola_F0289	GCF_000193395.1
866771	Prevotella_disiens_FB035_09AN	GCF_000179675.1
1235811	Prevotella_disiens_JCM_6334	GCF_000613345.1
1235815	Prevotella_enoeca_JCM_12259	GCF_000613405.1
857291	Prevotella_histicola_F0411	GCF_000234055.1
1236504	Prevotella_histicola_JCM_15637_DNF00424	GCF_000759075.1
246198	Prevotella_intermedia_17	GCF_000261025.1
1122984	Prevotella_intermedia_ATCC_25611	GCF_000519165.1
1122985	Prevotella_loescheii_DSM_19665	GCF_000613485.1
1122986	Prevotella_maculosa_DSM_19339_JCM_15638	GCF_000613965.1
999422	Prevotella_maculosa_OT_289	GCF_000243015.1
553174	Prevotella_melaninogenica_ATCC_25845	GCF_000144405.1
575612	Prevotella_melaninogenica_D18	GCF_000163035.1
1122987	Prevotella_micans_DSM_21469_JCM_16134	GCF_000614105.1
883158	Prevotella_micans_F0438	GCF_000243035.1
888743	Prevotella_multiformis_DSM_16608	GCF_000191065.1
688246	Prevotella_multisaccharivorax_DSM_17128	GCF_000218235.1
1122988	Prevotella_nanceiensis_DSM_19126	GCF_000379965.1
997352	Prevotella_nigrescens_ATCC_33563	GCF_000220235.1
702439	Prevotella_nigrescens_F0103	GCF_000336235.1
873533	Prevotella_oralis_ATCC_33269	GCF_000185145.2
1203550	Prevotella_oralis_HGA0225	GCF_000413355.1
563008	Prevotella_oris_C735	GCF_000142965.1
1122989	Prevotella_oris_DSM_18711_JCM_12252	GCF_000613505.1
649760	Prevotella_oris_F0302	GCF_000162915.1
28136	Prevotella_oulorum_ATCC_43324	GCF_900167385.1
702438	Prevotella_oulorum_F0390	GCF_000224615.1
997353	Prevotella_pallens_ATCC_700821	GCF_000220255.1
1081904	Prevotella_pleuritidis_F0068	GCF_000468135.1
1236494	Prevotella_pleuritidis_JCM_14110	GCF_000613725.1
264731	Prevotella_ruminicola_23	GCF_000025925.1
888832	Prevotella_salivae_DSM_15606	GCF_000185845.1
1122991	Prevotella_shahii_JCM_12083	GCF_003201715.1
563031	Prevotella_sp_C561	GCF_000224595.1
1035197	Prevotella_sp_oral_taxon_473_str_F0040	GCF_000318095.2
1002367	Prevotella_stercorea_DSM_18206	GCF_000235885.1
1122992	Prevotella_timonensis_4401737	GCF_000614005.1
679189	Prevotella_timonensis_CRIS_5C_B1	GCF_000177055.1
1122993	Prevotella_veroralis_DSM_19559	GCF_000377625.1
649761	Prevotella_veroralis_F0319	GCF_000162935.1
1852368	Prevotellaceae_bacterium_Marseille_P2826	GCF_900095835.1
1122994	Propionibacterium_acidifaciens_DSM_21887	GCF_000426605.1
553198	Propionibacterium_acidifaciens_F0233	GCF_000478805.1
1171373	Propionibacterium_acidipropionici_ATCC_4875	GCF_000310065.1
267747	Propionibacterium_acnes_KPA171202	GCF_000008345.1
1170318	Propionibacterium_avidum_44067	GCF_000367205.1
997355	Propionibacterium_avidum_ATCC_25577	GCF_000227295.1
1744	Propionibacterium_freudenreichii_ERR2221306	
754252	Propionibacterium_freudenreichii_subsp_shermanii_CIRM_BIA1	GCF_000091725.1
1160719	Propionibacterium_granulosum_DSM_20700	GCF_000463665.1
1122997	Propionibacterium_jensenii_DSM_20535	GCF_000425285.1
1574624	Propionibacterium_namnetense_NTS_31307302	GCF_001642025.1
1051006	Propionibacterium_namnetense_SK182B_JCVI	GCF_000221145.1
767029	Propionibacterium_propionicum_F0230a	GCF_000277715.1
936047	Propionibacterium_sp_409_HC1	GCF_000214515.1
450748	Propionibacterium_sp_5_U_42AFAA	GCF_000233555.1
1203571	Propionibacterium_sp_HGH0353	GCF_000413335.1
1123008	Proteiniphilum_acetatigenes_DSM_18083	GCF_000380985.1
584	Proteus_mirabilis_AOUC_001	GCF_001640985.1
525369	Proteus_mirabilis_ATCC_29906	GCF_000160755.1
1245027	Proteus_mirabilis_C05028	GCF_000313255.1
584	Proteus_mirabilis_CYPM1	GCF_001281545.1
529507	Proteus_mirabilis_HI4320	GCF_000069965.1
1279010	Proteus_mirabilis_PR03	GCF_000372565.1
1125693	Proteus_mirabilis_WGLW4	GCF_000297835.1
1125694	Proteus_mirabilis_WGLW6	GCF_000297815.1
471881	Proteus_penneri_ATCC_35198	GCF_000155835.1
585	Proteus_vulgaris_08MAS1600	GCF_003144555.1
585	Proteus_vulgaris_ATCC_49132	GCF_000754995.1
585	Proteus_vulgaris_CICC	GCF_002749905.1
585	Proteus_vulgaris_CSUR_P1867	GCF_001049955.1
585	Proteus_vulgaris_CSUR_P1868	GCF_001049975.1
585	Proteus_vulgaris_FDAARGOS_366	GCF_002591155.1
585	Proteus_vulgaris_FDAARGOS_556	GCF_003812525.1
585	Proteus_vulgaris_KCTC_2579	GCF_002894405.1
585	Proteus_vulgaris_MGYG_HGUT_02516	GCF_902387915.1
585	Proteus_vulgaris_NCTC10376	GCF_900455275.1
585	Proteus_vulgaris_NCTC13145	GCF_901472505.1
585	Proteus_vulgaris_NCTC401	GCF_900455035.1
1141661	Providencia_alcalifaciens_Dmel2	GCF_000314875.2
520999	Providencia_alcalifaciens_DSM_30120	GCF_000173415.1
1256991	Providencia_alcalifaciens_PAL_1	GCF_000527275.1
1256990	Providencia_alcalifaciens_RIMD_1656011	GCF_000527295.1
1141662	Providencia_burhodogranariea_DSM_19968	GCF_000314855.2
1141663	Providencia_rettgeri_Dmel1	GCF_000314835.2
521000	Providencia_rettgeri_DSM_1131	GCF_000158055.1
500637	Providencia_rustigianii_DSM_4541	GCF_000156395.1
1141660	Providencia_sneebia_DSM_19967	GCF_000314895.2
471874	Providencia_stuartii_ATCC_25827	GCF_000154865.1
588	Providencia_stuartii_FDAARGOS_87	GCF_000783455.2
1157951	Providencia_stuartii_MRSN_2154	GCF_000259175.1
1117313	Pseudoalteromonas_arctica_A_37_1_2	GCF_000238395.3
394751	Pseudoalteromonas_arctica_MelAa3	GCF_002836095.1
1280694	Pseudobutyrivibrio_ruminis_AD2017	GCF_000424305.1
106588	Pseudoflavonifractor_capillosus_ERR1022447	
411467	Pseudoflavonifractor_capillosus_strain_ATCC_29799	GCF_000169255.2
1401063	Pseudoglutamicibacter_albus_DNF00011	GCA_000758985.1
983919	Pseudomonas_aeruginosa_152504	GCF_003840095.1
1286151	Pseudomonas_aeruginosa_18A	GCF_000341565.1
1051003	Pseudomonas_aeruginosa_19BR	GCF_000223945.1
287	Pseudomonas_aeruginosa_2_1_26	GCF_000233495.1
1051004	Pseudomonas_aeruginosa_213BR	GCF_000223965.1
350703	Pseudomonas_aeruginosa_2192	GCF_000152545.1
798130	Pseudomonas_aeruginosa_39016	GCF_000148745.1
1051005	Pseudomonas_aeruginosa_9BR	GCF_000223925.1
1208103	Pseudomonas_aeruginosa_AH16	GCF_000287875.1
1163392	Pseudomonas_aeruginosa_ATCC_14886	GCF_000297275.1
1280938	Pseudomonas_aeruginosa_B136_33	GCF_000359505.1
350704	Pseudomonas_aeruginosa_C3719	GCF_000152525.1
1163396	Pseudomonas_aeruginosa_CI27	GCF_000297335.1
1093787	Pseudomonas_aeruginosa_DK2	GCF_000271365.1
1211113	Pseudomonas_aeruginosa_DQ8	GCF_000283055.1
1163395	Pseudomonas_aeruginosa_E2	GCF_003834455.1
287	Pseudomonas_aeruginosa_F22031	GCF_000816985.1
1168061	Pseudomonas_aeruginosa_LCT_PA102	GCF_000258285.1
557722	Pseudomonas_aeruginosa_LESB58	GCF_000026645.1
941193	Pseudomonas_aeruginosa_M18	GCF_000226155.1
1131757	Pseudomonas_aeruginosa_MPAO1_P1	GCF_000247435.1
1131758	Pseudomonas_aeruginosa_MPAO1_P2	GCF_000247455.1
1198629	Pseudomonas_aeruginosa_MRW44_1	GCF_000282915.1
1331059	Pseudomonas_aeruginosa_MSH_10	GCF_000407905.1
1089456	Pseudomonas_aeruginosa_NCGM2_S1	GCF_000284555.1
1078464	Pseudomonas_aeruginosa_NCMG1179	GCF_000291745.1
652611	Pseudomonas_aeruginosa_PA14	GCF_000404265.1
1285581	Pseudomonas_aeruginosa_PA21_ST175	GCF_000342145.1
1295076	Pseudomonas_aeruginosa_PA45	GCF_000359565.1
381754	Pseudomonas_aeruginosa_PA7	GCF_000017205.1
1214916	Pseudomonas_aeruginosa_PABL056	GCF_000290555.2
388272	Pseudomonas_aeruginosa_PACS2	GCF_000168335.1
1134459	Pseudomonas_aeruginosa_PADK2_CF510	GCF_000259025.1
1009714	Pseudomonas_aeruginosa_PAK	GCF_000568855.2
208964	Pseudomonas_aeruginosa_PAO1	GCF_000006765.1
1191475	Pseudomonas_aeruginosa_PAO579	GCF_000296325.1
1328315	Pseudomonas_aeruginosa_PGPR2	GCF_000412735.1
1193501	Pseudomonas_aeruginosa_SJTD_1	GCF_000271985.2
208963	Pseudomonas_aeruginosa_UCBPP_PA14	GCF_000014625.1
1169413	Pseudomonas_aeruginosa_XMG	GCF_000265035.1
1248438	Pseudomonas_alcaliphila_34	GCF_000319815.1
1037911	Pseudomonas_fluorescens_A506	GCF_000262325.2
1114970	Pseudomonas_fluorescens_F113	GCF_000237065.1
1324332	Pseudomonas_fluorescens_LMG_5329	GCF_000411675.1
1221522	Pseudomonas_fluorescens_NCIMB_11764	GCF_000293885.2
220664	Pseudomonas_fluorescens_Pf_5	GCF_000012265.1
205922	Pseudomonas_fluorescens_PfO_1	GCF_000012445.1
1038922	Pseudomonas_fluorescens_Q2_87	GCF_000281895.1
1038923	Pseudomonas_fluorescens_Q8r1_96	GCF_000263695.1
743713	Pseudomonas_fluorescens_R124	GCF_000292795.1
216595	Pseudomonas_fluorescens_SBW25	GCF_000009225.2
1038924	Pseudomonas_fluorescens_SS101	GCF_000263675.1
294	Pseudomonas_fluorescens_UK4	GCF_000730425.1
746360	Pseudomonas_fluorescens_WH6	GCF_000166515.1
1134475	Pseudomonas_fragi_A22	GCF_000250595.1
1136138	Pseudomonas_fragi_B25	GCF_000250615.1
296	Pseudomonas_fragi_F1794	GCF_002269445.1
1215101	Pseudomonas_fragi_NBRC_3458	GCF_002091615.1
522492	Pseudomonas_massiliensis_DSM_29075	GCF_000826105.1
1197721	Pseudomonas_mendocina_DLHK	GCF_000287395.1
1390370	Pseudomonas_mendocina_EGD_AQ5	GCF_000465575.1
1215108	Pseudomonas_mendocina_NBRC_14162	GCF_000813265.1
300	Pseudomonas_mendocina_NEB698	GCF_003008615.1
1215110	Pseudomonas_monteilii_NBRC_103158	GCF_000730605.1
1123524	Pseudomonas_monteilii_QM	GCF_000262005.1
76759	Pseudomonas_monteilii_USDA_ARS_USMARC_56711	GCF_001534745.1
1437882	Pseudomonas_nitroreducens_HBP1	GCF_000518065.1
1033992	Pseudomonas_oleovorans_MOIL14HWK12	GCF_000510765.1
319939	Pseudomonas_otitidis_LNU_E_001	GCF_900111835.1
1211112	Pseudomonas_psychrophila_HA_4	GCF_000282975.1
122355	Pseudomonas_psychrophila_RGCB_166	GCF_003752265.1
1048261	Pseudomonas_putida_B001	GCF_000285395.1
1081940	Pseudomonas_putida_B6_2	GCF_000226035.2
931281	Pseudomonas_putida_BIRD_1	GCF_000183645.1
303	Pseudomonas_putida_DLL_E4	GCF_000691565.1
1196325	Pseudomonas_putida_DOT_T1E	GCF_000281215.1
351746	Pseudomonas_putida_F1	GCF_000016865.1
76869	Pseudomonas_putida_GB_1	GCF_000019125.1
1331671	Pseudomonas_putida_H8234	GCF_000410575.1
1215088	Pseudomonas_putida_HB3267	GCF_000325725.1
160488	Pseudomonas_putida_KT2440	GCF_000007565.2
1193146	Pseudomonas_putida_LS46	GCF_000294445.2
1330531	Pseudomonas_putida_NB2011	GCF_000412715.1
1211579	Pseudomonas_putida_NBRC_14164	GCF_000412675.1
231023	Pseudomonas_putida_ND6	GCF_000264665.2
303	Pseudomonas_putida_PC2	GCF_001636055.1
1215087	Pseudomonas_putida_S12	GCF_000495455.2
1042876	Pseudomonas_putida_S16	GCF_000219705.1
1193499	Pseudomonas_putida_SJTE_1	GCF_000271965.2
1227924	Pseudomonas_putida_TRO1	GCF_000367825.1
390235	Pseudomonas_putida_W619	GCF_000019445.1
1203578	Pseudomonas_sp_HPB0071	GCF_000478505.2
316	Pseudomonas_stutzeri_28a24	GCF_000590475.1
379731	Pseudomonas_stutzeri_A1501	GCF_000013785.1
32042	Pseudomonas_stutzeri_ATCC_14405_CCUG_16156	GCF_000237885.1
96563	Pseudomonas_stutzeri_ATCC_17588_LMG_11199	GCF_004359495.1
1196835	Pseudomonas_stutzeri_CCUG_29243	GCF_000267545.1
1123519	Pseudomonas_stutzeri_DSM_10701	GCF_000279165.1
996285	Pseudomonas_stutzeri_DSM_4166	GCF_000195105.1
1218352	Pseudomonas_stutzeri_KOS6	GCF_000307775.2
1212548	Pseudomonas_stutzeri_NF13	GCF_000341615.1
644801	Pseudomonas_stutzeri_RCH2	GCF_000327065.1
1109445	Pseudomonas_stutzeri_SDM_LAC	GCF_000235745.1
316	Pseudomonas_stutzeri_SLG510A3_8	GCF_001038645.1
1210443	Pseudomonas_stutzeri_T13	GCF_000282955.1
477228	Pseudomonas_stutzeri_TS44	GCF_000263395.1
1200345	Pseudomonas_stutzeri_XLDN_R	GCF_000280555.1
887929	Pseudoramibacter_alactolyticus_ATCC_23263	GCF_000185505.1
128785	Pseudoxanthomonas_mexicana_CCH9_G4	GCF_001556105.1
352165	Pyramidobacter_piscolens_W5455	GCF_000177335.1
745277	Rahnella_aquatilis_CIP_78_65_ATCC_33071	GCF_000241955.1
34038	Rahnella_aquatilis_DLL7529	GCF_003316255.1
1151116	Rahnella_aquatilis_HX2	GCF_000255535.1
190721	Ralstonia_insidiosa_FC1138	GCF_001653935.1
428406	Ralstonia_pickettii_12D	GCF_000023425.1
402626	Ralstonia_pickettii_12J	GCF_000020205.1
329	Ralstonia_pickettii_52	GCF_002849525.1
1218114	Ralstonia_pickettii_NBRC_102503	GCF_001544155.1
1264675	Ralstonia_pickettii_OR214	GCF_000372665.1
658080	Ralstonia_sp_5_2_56FAA	GCF_000227255.2
329	Ralstonia_sp_5_7_47FAA	GCF_000165085.1
883121	Raoultella_ornithinolytica_10_5246	GCF_000247895.1
1444039	Raoultella_ornithinolytica_2_156_04_S1_C1	GCF_000703465.1
1286170	Raoultella_ornithinolytica_B6	GCF_000367425.1
54291	Raoultella_ornithinolytica_ornithinolytica_strain_S12	GCF_000829965.1
1005996	Raoultella_planticola_ATCC_33531	GCF_000735435.1
1205680	Reyranella_massiliensis_521	GCF_000312425.1
1230389	Reyranella_soli_NBRC_108950	GCF_007992495.1
1041139	Rhizobium_giardinii_bv_giardinii_H152	GCF_000379605.1
936350	Rhizobium_leguminosarum_bv_phaseoli_4292	GCF_000379005.1
1408223	Rhizobium_leguminosarum_bv_phaseoli_CCGM1	GCF_000705615.1
935554	Rhizobium_leguminosarum_bv_viciae_WSM1481	GCF_000372305.1
384	Rhizobium_leguminosarum_Vaf_108	GCF_001890425.1
685727	Rhodococcus_equi_103S	GCF_000196695.1
525370	Rhodococcus_equi_ATCC_33707	GCF_000164155.2
1219013	Rhodococcus_equi_NBRC_101255	GCF_001552575.1
1833	Rhodococcus_erythropolis_BG43	GCF_000975175.1
234621	Rhodococcus_erythropolis_PR4	GCF_000010105.1
596309	Rhodococcus_erythropolis_SK121	GCF_000174835.1
1078016	Rhodococcus_erythropolis_XP	GCF_000225665.1
1330040	Rhodococcus_rhodochrous_ATCC_17895	GCF_000469645.1
1429046	Rhodococcus_rhodochrous_ATCC_21198	GCF_000517665.1
59196	Rickettsiella_grylli	GCF_000168295.1
880526	Rikenella_microfusus_DSM_15922	GCF_000427365.1
171550	Rikenellaceae_nov_ERR2221101	
171550	Rikenellaceae_nov_ERR2221110	
1329796	Risungbinella_massiliensis_GD1	GCF_000942395.1
588605	Robinsoniella_nov_ERR2221391	
180332	Robinsoniella_peoriensis_WT	GCF_000797495.1
1122936	Rodentibacter_pneumotropicus_DSM_21403	GCF_000379905.1
1501226	Romboutsia_nov_ERR1022375	
1501226	Romboutsia_nov_ERR1022465	
1501226	Romboutsia_nov_ERR1022466	
301302	Roseburia_faecis_ERR1022321	
301302	Roseburia_faecis_ERR2221408	
301302	Roseburia_faecis_ERR2230155	
451638	Roseburia_faecis_M72	GCF_001406815.1
585394	Roseburia_hominis_A2_183	GCF_000225345.1
301301	Roseburia_hominis_ERR1022292	
166486	Roseburia_intestinalis_ERR1022474	
166486	Roseburia_intestinalis_ERR2221171	
166486	Roseburia_intestinalis_ERR2230070	
536231	Roseburia_intestinalis_L1_82	GCF_900537995.1
718255	Roseburia_intestinalis_XB6B4	GCA_000210655.1
622312	Roseburia_inulinivorans_DSM_16841	GCF_000174195.1
360807	Roseburia_inulinivorans_ERR1022293	
360807	Roseburia_inulinivorans_ERR1022345	
360807	Roseburia_inulinivorans_ERR1203941	
841	Roseburia_nov_ERR1022344	
841	Roseburia_nov_ERR1204035	
841	Roseburia_nov_ERR171282	
841	Roseburia_nov_ERR2221407	
525371	Roseomonas_cervicalis_ATCC_49957	GCF_000164635.1
1448136	Roseomonas_mucosa_ATCC_BAA_692	GCF_000622225.1
1125724	Rothia_aeria_F0474	GCF_000258205.1
762948	Rothia_dentocariosa_ATCC_17931	GCF_000164695.2
563032	Rothia_dentocariosa_M567	GCF_000143585.1
553201	Rothia_mucilaginosa_ATCC_25296	GCF_000175615.1
680646	Rothia_mucilaginosa_DY_18	GCF_000011025.1
563033	Rothia_mucilaginosa_M508	GCF_000231235.1
43675	Rothia_mucilaginosa_NUM_Rm6536	GCF_001548235.1
1631346	Rubeoparvulum_massiliense_DSM_100479	GCF_001049895.1
909625	Rubrobacter_aplysinae_RV113	GCF_001029505.1
643560	Rubrobacter_radiotolerans_DSM_5868	GCF_900175965.1
266117	Rubrobacter_xylanophilus_DSM_9941	GCF_000014185.1
1089547	Rudanella_lutea_DSM_19387	GCF_000383955.1
1508657	Ruminiclostridium_nov_ERR1022440	
1508657	Ruminiclostridium_nov_ERR1022441	
1508657	Ruminiclostridium_nov_ERR2221177	
1834198	Ruminiclostridium_sp_KB18	GCF_001688705.2
1138384	Ruminiclostridium_thermocellum_AD2	GCF_000255615.2
203119	Ruminiclostridium_thermocellum_ATCC_27405	GCF_000015865.1
637887	Ruminiclostridium_thermocellum_DSM_1313	GCF_000184925.1
572545	Ruminiclostridium_thermocellum_DSM_2360	GCF_000175715.1
552398	Ruminococcaceae_bacterium_D16	GCF_000177015.3
541000	Ruminococcaceae_nov_ERR1022299	
541000	Ruminococcaceae_nov_ERR1022311	
541000	Ruminococcaceae_nov_ERR1022313	
541000	Ruminococcaceae_nov_ERR1022317	
541000	Ruminococcaceae_nov_ERR1022336	
541000	Ruminococcaceae_nov_ERR1022409	
541000	Ruminococcaceae_nov_ERR1022442	
541000	Ruminococcaceae_nov_ERR1022443	
541000	Ruminococcaceae_nov_ERR1022445	
541000	Ruminococcaceae_nov_ERR1022448	
541000	Ruminococcaceae_nov_ERR1022449	
541000	Ruminococcaceae_nov_ERR1022451	
541000	Ruminococcaceae_nov_ERR1022452	
541000	Ruminococcaceae_nov_ERR1022483	
541000	Ruminococcaceae_nov_ERR1203965	
541000	Ruminococcaceae_nov_ERR1204059	
541000	Ruminococcaceae_nov_ERR2221149	
541000	Ruminococcaceae_nov_ERR2221180	
541000	Ruminococcaceae_nov_ERR2221184	
541000	Ruminococcaceae_nov_ERR2221393	
541000	Ruminococcaceae_nov_ERR2221397	
541000	Ruminococcaceae_nov_ERR2230059	
541000	Ruminococcaceae_nov_ERR2230068	
697329	Ruminococcus_albus_7	GCF_000179635.2
246199	Ruminococcus_albus_8	GCF_000178155.2
1160721	Ruminococcus_bicirculans_80_3	GCF_000723465.1
1160721	Ruminococcus_bicirculans_ERR1022350	
1160721	Ruminococcus_bicirculans_ERR1022408	
1160721	Ruminococcus_bicirculans_ERR1022485	
1160721	Ruminococcus_bicirculans_ERR2221172	
1160721	Ruminococcus_bicirculans_ERR2230101	
40518	Ruminococcus_bromii_ATCC_27255	GCF_002834225.1
40518	Ruminococcus_bromii_ERR1022486	
40518	Ruminococcus_bromii_ERR2221220	
657321	Ruminococcus_bromii_L2_63	GCF_900291485.1
411473	Ruminococcus_callidus_ATCC_2776001	GCF_000468015.1
213810	Ruminococcus_champanellensis_18P13	GCF_001312825.1
592978	Ruminococcus_faecis_ERR1022432	
1336236	Ruminococcus_flavefaciens_ATCC_19208	GCF_000518765.1
641112	Ruminococcus_flavefaciens_FD_1	GCF_000174895.1
1123075	Ruminococcus_gauvreauii_DSM_19829	GCF_000425525.1
411470	Ruminococcus_gnavus_ATCC_29149	GCF_000169475.1
471875	Ruminococcus_lactaris_ATCC_29176	GCF_000155205.1
1263	Ruminococcus_nov_ERR2230055	
657314	Ruminococcus_obeum_A2_162	GCA_000210015.1
457412	Ruminococcus_sp_5_1_39BFAA	GCF_000159975.2
657323	Ruminococcus_sp_SR1_5	GCA_000209835.1
411460	Ruminococcus_torques_ATCC_27756	GCF_000153925.1
657313	Ruminococcus_torques_L2_14	GCA_000210035.1
1550024	Ruthenibacterium_lactatiformans_585_1	GCF_000949455.1
1550024	Ruthenibacterium_lactatiformans_668	GCF_001481375.1
205941	Salinibacterium_amurskyense_DSM_16400	GCF_002797685.1
54736	Salmonella_bongori_BCW_1556	GCF_002035285.1
1197719	Salmonella_bongori_N268_08	GCF_000439255.1
218493	Salmonella_bongori_NCTC_12419	GCF_000252995.1
1967586	Salmonella_bongori_serovar_44_z39_	GCF_002037625.1
1243617	Salmonella_bongori_serovar_66_z41_str_SA19983605	GCF_002211925.1
1159899	Salmonella_enterica_enterica_sv_Typhimurium_LT2	GCF_000006945.2
41514	Salmonella_enterica_subsp_arizonae_serovar_62_z4_z23	GCF_000018625.1
440534	Salmonella_enterica_subsp_enterica_serovar_4512i_str_CVM23701	GCF_000170255.1
1265673	Salmonella_enterica_subsp_enterica_serovar_Agona_str_01_O_05	GCF_000388195.1
1265665	Salmonella_enterica_subsp_enterica_serovar_Agona_str_02_O_05	GCF_000388215.1
1265636	Salmonella_enterica_subsp_enterica_serovar_Agona_str_03_O_05	GCF_000388235.1
1265657	Salmonella_enterica_subsp_enterica_serovar_Agona_str_04_O_05	GCF_000388255.1
1265678	Salmonella_enterica_subsp_enterica_serovar_Agona_str_05_O_06	GCF_000388275.1
1265642	Salmonella_enterica_subsp_enterica_serovar_Agona_str_06_O_05	GCF_000388295.1
1265611	Salmonella_enterica_subsp_enterica_serovar_Agona_str_07_O_05	GCF_000388315.1
1265637	Salmonella_enterica_subsp_enterica_serovar_Agona_str_08_A_05	GCF_000388335.1
1265679	Salmonella_enterica_subsp_enterica_serovar_Agona_str_10_A_05	GCF_000388375.1
1265643	Salmonella_enterica_subsp_enterica_serovar_Agona_str_11_A_05	GCF_000388395.1
1265612	Salmonella_enterica_subsp_enterica_serovar_Agona_str_12_A_06	GCF_000388415.1
1265638	Salmonella_enterica_subsp_enterica_serovar_Agona_str_13_E_05	GCF_000388435.1
1265659	Salmonella_enterica_subsp_enterica_serovar_Agona_str_14_E_05	GCF_000388455.1
1265680	Salmonella_enterica_subsp_enterica_serovar_Agona_str_15_H_03	GCF_000388475.1
1265613	Salmonella_enterica_subsp_enterica_serovar_Agona_str_17_H_06	GCF_000388495.1
1265644	Salmonella_enterica_subsp_enterica_serovar_Agona_str_18_H_07	GCF_000388515.1
1265668	Salmonella_enterica_subsp_enterica_serovar_Agona_str_19_F_03	GCF_000388535.1
1265614	Salmonella_enterica_subsp_enterica_serovar_Agona_str_20_H_06	GCF_000388555.1
1265650	Salmonella_enterica_subsp_enterica_serovar_Agona_str_21_H_10	GCF_000388575.1
1265618	Salmonella_enterica_subsp_enterica_serovar_Agona_str_22_H_04	GCF_000388595.1
1265639	Salmonella_enterica_subsp_enterica_serovar_Agona_str_23_F_01	GCF_000388615.1
1265660	Salmonella_enterica_subsp_enterica_serovar_Agona_str_24_H_04	GCF_000388635.1
1265681	Salmonella_enterica_subsp_enterica_serovar_Agona_str_26_F_98	GCF_000388655.1
1265645	Salmonella_enterica_subsp_enterica_serovar_Agona_str_27_O_98	GCF_000388675.1
1265615	Salmonella_enterica_subsp_enterica_serovar_Agona_str_28_O_08	GCF_000388695.1
1265640	Salmonella_enterica_subsp_enterica_serovar_Agona_str_29_O_08	GCF_000388715.1
1265661	Salmonella_enterica_subsp_enterica_serovar_Agona_str_30_H_04	GCF_000388735.1
1265682	Salmonella_enterica_subsp_enterica_serovar_Agona_str_31_H_09	GCF_000388755.1
1265646	Salmonella_enterica_subsp_enterica_serovar_Agona_str_32_A_00	GCF_000388775.1
1265616	Salmonella_enterica_subsp_enterica_serovar_Agona_str_33_A_05	GCF_000388795.1
1265641	Salmonella_enterica_subsp_enterica_serovar_Agona_str_34_H_09	GCF_000388815.1
1265669	Salmonella_enterica_subsp_enterica_serovar_Agona_str_35_H_08	GCF_000388835.1
1265617	Salmonella_enterica_subsp_enterica_serovar_Agona_str_36_H_00	GCF_000388855.1
1265651	Salmonella_enterica_subsp_enterica_serovar_Agona_str_37_F_02	GCF_000388875.1
1265621	Salmonella_enterica_subsp_enterica_serovar_Agona_str_38_O_03	GCF_000388895.1
1265647	Salmonella_enterica_subsp_enterica_serovar_Agona_str_39_O_03	GCF_000388915.1
1265622	Salmonella_enterica_subsp_enterica_serovar_Agona_str_40_E_08	GCF_000388955.1
1265652	Salmonella_enterica_subsp_enterica_serovar_Agona_str_41_E_09	GCF_000388935.1
1265648	Salmonella_enterica_subsp_enterica_serovar_Agona_str_42_E_09	GCF_000388975.1
1265670	Salmonella_enterica_subsp_enterica_serovar_Agona_str_43_E_09	GCF_000388995.1
1265653	Salmonella_enterica_subsp_enterica_serovar_Agona_str_45_E_09	GCF_000389035.1
1265623	Salmonella_enterica_subsp_enterica_serovar_Agona_str_46_E_09	GCF_000389055.1
1265675	Salmonella_enterica_subsp_enterica_serovar_Agona_str_48_E_08	GCF_000389075.1
1265625	Salmonella_enterica_subsp_enterica_serovar_Agona_str_49_E_09	GCF_000389095.1
1265662	Salmonella_enterica_subsp_enterica_serovar_Agona_str_50_E_08	GCF_000389115.1
1265628	Salmonella_enterica_subsp_enterica_serovar_Agona_str_51_E_09	GCF_000389135.1
1265655	Salmonella_enterica_subsp_enterica_serovar_Agona_str_52_F_08	GCF_000389155.1
1265676	Salmonella_enterica_subsp_enterica_serovar_Agona_str_53_F_08	GCF_000389175.1
1265626	Salmonella_enterica_subsp_enterica_serovar_Agona_str_54_O_08	GCF_000389195.1
1265663	Salmonella_enterica_subsp_enterica_serovar_Agona_str_55_U_08	GCF_000389215.1
1265629	Salmonella_enterica_subsp_enterica_serovar_Agona_str_56_O_08	GCF_000389235.1
1265656	Salmonella_enterica_subsp_enterica_serovar_Agona_str_57_A_08	GCF_000389255.1
1265677	Salmonella_enterica_subsp_enterica_serovar_Agona_str_58_E_08	GCF_000389275.1
1265631	Salmonella_enterica_subsp_enterica_serovar_Agona_str_59_F_08	GCF_000389295.1
1265664	Salmonella_enterica_subsp_enterica_serovar_Agona_str_60_O_08	GCF_000389315.1
1265630	Salmonella_enterica_subsp_enterica_serovar_Agona_str_61_O_08	GCF_000389335.1
1265666	Salmonella_enterica_subsp_enterica_serovar_Agona_str_62_H_72	GCF_000389355.1
1265619	Salmonella_enterica_subsp_enterica_serovar_Agona_str_63_H_87	GCF_000389375.1
1265632	Salmonella_enterica_subsp_enterica_serovar_Agona_str_64_H_00	GCF_000389395.1
1265671	Salmonella_enterica_subsp_enterica_serovar_Agona_str_65_H_72	GCF_000389415.1
1265634	Salmonella_enterica_subsp_enterica_serovar_Agona_str_66_F_99	GCF_000389435.1
1265667	Salmonella_enterica_subsp_enterica_serovar_Agona_str_67_H_09	GCF_000389455.1
1265620	Salmonella_enterica_subsp_enterica_serovar_Agona_str_68_U_05	GCF_000389475.1
1265633	Salmonella_enterica_subsp_enterica_serovar_Agona_str_69_H_06	GCF_000389495.1
1265672	Salmonella_enterica_subsp_enterica_serovar_Agona_str_70_E_05	GCF_000389515.1
1265635	Salmonella_enterica_subsp_enterica_serovar_Agona_str_71_E_05	GCF_000389535.1
1265674	Salmonella_enterica_subsp_enterica_serovar_Agona_str_72_A_52	GCF_000389555.1
1265627	Salmonella_enterica_subsp_enterica_serovar_Agona_str_73_H_09	GCF_000389575.1
1262652	Salmonella_enterica_subsp_enterica_serovar_Agona_str_SH08SF124	GCF_000330625.1
1262654	Salmonella_enterica_subsp_enterica_serovar_Agona_str_SH10GFN094	GCF_000330645.1
1263410	Salmonella_enterica_subsp_enterica_serovar_Agona_str_SH11G1113	GCF_000330665.1
454166	Salmonella_enterica_subsp_enterica_serovar_Agona_str_SL483	GCF_000020885.1
1328326	Salmonella_enterica_subsp_enterica_serovar_Anatum_str_06_0532	GCF_000412875.1
1212554	Salmonella_enterica_subsp_enterica_serovar_Bareilly_str_06_0784	GCF_000293075.1
1328327	Salmonella_enterica_subsp_enterica_serovar_Bareilly_str_07_0873	GCF_000412895.1
321314	Salmonella_enterica_subsp_enterica_serovar_Choleraesuis_str	GCF_000008105.1
904139	Salmonella_enterica_subsp_enterica_serovar_Choleraesuis_str_A50	GCF_000187565.1
909945	Salmonella_enterica_subsp_enterica_serovar_Dublin_str_3246	GCF_000192085.1
439851	Salmonella_enterica_subsp_enterica_serovar_Dublin_str_CT_02021853	GCF_000020925.1
687860	Salmonella_enterica_subsp_enterica_serovar_Dublin_str_HWS51	GCF_000336035.1
687915	Salmonella_enterica_subsp_enterica_serovar_Dublin_str_SL1438	GCF_000336015.1
1192688	Salmonella_enterica_subsp_enterica_serovar_Dublin_str_UC16	GCF_000353305.2
1182760	Salmonella_enterica_subsp_enterica_serovar_Enteritidis_str_08_0128	GCF_000278525.1
1182761	Salmonella_enterica_subsp_enterica_serovar_Enteritidis_str_08_0627	GCF_000278545.1
696866	Salmonella_enterica_subsp_enterica_serovar_Enteritidis_str_13_1	GCF_000335895.1
984212	Salmonella_enterica_subsp_enterica_serovar_Enteritidis_str_17927	GCF_000329985.1
696867	Salmonella_enterica_subsp_enterica_serovar_Enteritidis_str_18569	GCF_000335875.2
696864	Salmonella_enterica_subsp_enterica_serovar_Enteritidis_str_20037	GCF_000336075.1
1179780	Salmonella_enterica_subsp_enterica_serovar_Enteritidis_str_2010_1237	GCF_000261985.1
1182757	Salmonella_enterica_subsp_enterica_serovar_Enteritidis_str_2010K_0669	GCF_000278485.1
1182758	Salmonella_enterica_subsp_enterica_serovar_Enteritidis_str_2010K_2599	GCF_000278465.1
926037	Salmonella_enterica_subsp_enterica_serovar_Enteritidis_str_22510_1	GCF_000280375.1
997329	Salmonella_enterica_subsp_enterica_serovar_Enteritidis_str_33944	GCF_000330425.1
910413	Salmonella_enterica_subsp_enterica_serovar_Enteritidis_str_485549_17	GCF_000280175.1
1090945	Salmonella_enterica_subsp_enterica_serovar_Enteritidis_str_50_3079	GCF_000280455.1
1116477	Salmonella_enterica_subsp_enterica_serovar_Enteritidis_str_53_407	GCF_000330585.1
984215	Salmonella_enterica_subsp_enterica_serovar_Enteritidis_str_543463_22_17	GCF_000330045.1
984216	Salmonella_enterica_subsp_enterica_serovar_Enteritidis_str_543463_40_18	GCF_000330065.1
984233	Salmonella_enterica_subsp_enterica_serovar_Enteritidis_str_543463_42_20	GCF_000330365.1
984217	Salmonella_enterica_subsp_enterica_serovar_Enteritidis_str_561362_1_1	GCF_000330085.1
984232	Salmonella_enterica_subsp_enterica_serovar_Enteritidis_str_561362_9_7	GCF_000330345.1
887063	Salmonella_enterica_subsp_enterica_serovar_Enteritidis_str_576709	GCF_000329645.1
1116476	Salmonella_enterica_subsp_enterica_serovar_Enteritidis_str_58_6482	GCF_000280475.1
910414	Salmonella_enterica_subsp_enterica_serovar_Enteritidis_str_596866_22	GCF_000280195.1
910415	Salmonella_enterica_subsp_enterica_serovar_Enteritidis_str_596866_70	GCF_000280215.1
887070	Salmonella_enterica_subsp_enterica_serovar_Enteritidis_str_607307_2	GCF_000329725.1
891413	Salmonella_enterica_subsp_enterica_serovar_Enteritidis_str_607307_6	GCF_000280155.1
887068	Salmonella_enterica_subsp_enterica_serovar_Enteritidis_str_607308_16	GCF_000329685.1
887069	Salmonella_enterica_subsp_enterica_serovar_Enteritidis_str_607308_19	GCF_000329705.1
891412	Salmonella_enterica_subsp_enterica_serovar_Enteritidis_str_607308_9	GCF_000329745.1
1079476	Salmonella_enterica_subsp_enterica_serovar_Enteritidis_str_62_1976	GCF_000330565.1
887064	Salmonella_enterica_subsp_enterica_serovar_Enteritidis_str_622731_39	GCF_000280075.1
891414	Salmonella_enterica_subsp_enterica_serovar_Enteritidis_str_629163	GCF_000329765.1
910416	Salmonella_enterica_subsp_enterica_serovar_Enteritidis_str_629164_26	GCF_000280235.1
910417	Salmonella_enterica_subsp_enterica_serovar_Enteritidis_str_629164_37	GCF_000280255.1
887067	Salmonella_enterica_subsp_enterica_serovar_Enteritidis_str_635290_58	GCF_000329665.1
938147	Salmonella_enterica_subsp_enterica_serovar_Enteritidis_str_638970_15	GCF_000329965.1
887065	Salmonella_enterica_subsp_enterica_serovar_Enteritidis_str_639016_6	GCF_000280095.1
910418	Salmonella_enterica_subsp_enterica_serovar_Enteritidis_str_639672_46	GCF_000280275.1
910419	Salmonella_enterica_subsp_enterica_serovar_Enteritidis_str_639672_50	GCF_000280295.1
887066	Salmonella_enterica_subsp_enterica_serovar_Enteritidis_str_640631	GCF_000280115.1
984218	Salmonella_enterica_subsp_enterica_serovar_Enteritidis_str_642044_4_1	GCF_000330105.1
984231	Salmonella_enterica_subsp_enterica_serovar_Enteritidis_str_642044_8_1	GCF_000330325.1
984219	Salmonella_enterica_subsp_enterica_serovar_Enteritidis_str_642046_4_7	GCF_000330125.1
984220	Salmonella_enterica_subsp_enterica_serovar_Enteritidis_str_648898_4_5	GCF_000330145.1
984221	Salmonella_enterica_subsp_enterica_serovar_Enteritidis_str_648899_3_17	GCF_000330165.1
984222	Salmonella_enterica_subsp_enterica_serovar_Enteritidis_str_648900_1_16	GCF_000330185.1
984223	Salmonella_enterica_subsp_enterica_serovar_Enteritidis_str_648901_1_17	GCF_000330205.1
984234	Salmonella_enterica_subsp_enterica_serovar_Enteritidis_str_648901_16_16	GCF_000330385.1
984224	Salmonella_enterica_subsp_enterica_serovar_Enteritidis_str_648901_39_2	GCF_000330225.1
984230	Salmonella_enterica_subsp_enterica_serovar_Enteritidis_str_648901_6_18	GCF_000280435.1
984225	Salmonella_enterica_subsp_enterica_serovar_Enteritidis_str_648902_6_8	GCF_000330245.1
984226	Salmonella_enterica_subsp_enterica_serovar_Enteritidis_str_648903_1_6	GCF_000330265.1
984227	Salmonella_enterica_subsp_enterica_serovar_Enteritidis_str_648904_3_6	GCF_000330285.1
984228	Salmonella_enterica_subsp_enterica_serovar_Enteritidis_str_648905_5_18	GCF_000280415.1
984229	Salmonella_enterica_subsp_enterica_serovar_Enteritidis_str_653049_13_19	GCF_000330305.1
891411	Salmonella_enterica_subsp_enterica_serovar_Enteritidis_str_77_0424	GCF_000280135.1
926034	Salmonella_enterica_subsp_enterica_serovar_Enteritidis_str_77_1427	GCF_000280315.2
926035	Salmonella_enterica_subsp_enterica_serovar_Enteritidis_str_77_2659	GCF_000280335.1
926036	Salmonella_enterica_subsp_enterica_serovar_Enteritidis_str_78_1757	GCF_000280355.1
1079475	Salmonella_enterica_subsp_enterica_serovar_Enteritidis_str_81_2625	GCF_000330465.1
930769	Salmonella_enterica_subsp_enterica_serovar_Enteritidis_str_8b_1	GCF_000280395.1
885384	Salmonella_enterica_subsp_enterica_serovar_Enteritidis_str_CDC_2010K_0895	GCF_000329285.1
885385	Salmonella_enterica_subsp_enterica_serovar_Enteritidis_str_CDC_2010K_0899	GCF_000329305.1
886723	Salmonella_enterica_subsp_enterica_serovar_Enteritidis_str_CDC_2010K_0956	GCF_000329505.1
886715	Salmonella_enterica_subsp_enterica_serovar_Enteritidis_str_CDC_2010K_0968	GCF_000329365.2
885382	Salmonella_enterica_subsp_enterica_serovar_Enteritidis_str_CDC_2010K_1010	GCF_000329245.1
885381	Salmonella_enterica_subsp_enterica_serovar_Enteritidis_str_CDC_2010K_1018	GCF_000329225.1
882878	Salmonella_enterica_subsp_enterica_serovar_Enteritidis_str_CDC_2010K_1441	GCF_000329165.1
886716	Salmonella_enterica_subsp_enterica_serovar_Enteritidis_str_CDC_2010K_1444	GCF_000329385.1
886717	Salmonella_enterica_subsp_enterica_serovar_Enteritidis_str_CDC_2010K_1445	GCF_000329405.1
886724	Salmonella_enterica_subsp_enterica_serovar_Enteritidis_str_CDC_2010K_1455	GCF_000329525.1
885386	Salmonella_enterica_subsp_enterica_serovar_Enteritidis_str_CDC_2010K_1457	GCF_000329325.1
882877	Salmonella_enterica_subsp_enterica_serovar_Enteritidis_str_CDC_2010K_1543	GCF_000329145.1
885380	Salmonella_enterica_subsp_enterica_serovar_Enteritidis_str_CDC_2010K_1558	GCF_000329205.1
886718	Salmonella_enterica_subsp_enterica_serovar_Enteritidis_str_CDC_2010K_1559	GCF_000329425.1
886719	Salmonella_enterica_subsp_enterica_serovar_Enteritidis_str_CDC_2010K_1565	GCF_000329445.1
882875	Salmonella_enterica_subsp_enterica_serovar_Enteritidis_str_CDC_2010K_1566	GCF_000329105.1
886725	Salmonella_enterica_subsp_enterica_serovar_Enteritidis_str_CDC_2010K_1575	GCF_000329545.1
882876	Salmonella_enterica_subsp_enterica_serovar_Enteritidis_str_CDC_2010K_1580	GCF_000329125.1
882874	Salmonella_enterica_subsp_enterica_serovar_Enteritidis_str_CDC_2010K_1594	GCF_000329085.1
886726	Salmonella_enterica_subsp_enterica_serovar_Enteritidis_str_CDC_2010K_1725	GCF_000329565.1
885383	Salmonella_enterica_subsp_enterica_serovar_Enteritidis_str_CDC_2010K_1729	GCF_000329265.1
886727	Salmonella_enterica_subsp_enterica_serovar_Enteritidis_str_CDC_2010K_1745	GCF_000329585.1
885387	Salmonella_enterica_subsp_enterica_serovar_Enteritidis_str_CDC_2010K_1747	GCF_000329345.1
886728	Salmonella_enterica_subsp_enterica_serovar_Enteritidis_str_CDC_2010K_1791	GCF_000329605.1
886720	Salmonella_enterica_subsp_enterica_serovar_Enteritidis_str_CDC_2010K_1795	GCF_000329625.1
886721	Salmonella_enterica_subsp_enterica_serovar_Enteritidis_str_CDC_2010K_1808	GCF_000329465.1
882879	Salmonella_enterica_subsp_enterica_serovar_Enteritidis_str_CDC_2010K_1810	GCF_000329185.1
886722	Salmonella_enterica_subsp_enterica_serovar_Enteritidis_str_CDC_2010K_1811	GCF_000329485.1
882872	Salmonella_enterica_subsp_enterica_serovar_Enteritidis_str_CDC_2010K_1882	GCF_000329045.1
882873	Salmonella_enterica_subsp_enterica_serovar_Enteritidis_str_CDC_2010K_1884	GCF_000329065.1
984213	Salmonella_enterica_subsp_enterica_serovar_Enteritidis_str_CHS4	GCF_000330005.1
702979	Salmonella_enterica_subsp_enterica_serovar_Enteritidis_str_CHS44	GCF_000329025.1
925128	Salmonella_enterica_subsp_enterica_serovar_Enteritidis_str_CVM_56_3991	GCF_000329825.1
930768	Salmonella_enterica_subsp_enterica_serovar_Enteritidis_str_CVM_69_4941	GCF_000329945.1
925129	Salmonella_enterica_subsp_enterica_serovar_Enteritidis_str_CVM_76_3618	GCF_000329845.1
925131	Salmonella_enterica_subsp_enterica_serovar_Enteritidis_str_CVM_81_2490	GCF_000329885.1
925127	Salmonella_enterica_subsp_enterica_serovar_Enteritidis_str_CVM_N202	GCF_000329805.1
1147754	Salmonella_enterica_subsp_enterica_serovar_Enteritidis_str_LA5	GCF_000313715.1
550537	Salmonella_enterica_subsp_enterica_serovar_Enteritidis_str_P125109	GCF_000009505.1
696868	Salmonella_enterica_subsp_enterica_serovar_Enteritidis_str_PT23	GCF_000336115.1
1029984	Salmonella_enterica_subsp_enterica_serovar_Enteritidis_str_SARB17	GCF_000330445.1
696865	Salmonella_enterica_subsp_enterica_serovar_Enteritidis_str_SE10	GCF_000335855.1
925126	Salmonella_enterica_subsp_enterica_serovar_Enteritidis_str_SE15_1	GCF_000329785.1
696870	Salmonella_enterica_subsp_enterica_serovar_Enteritidis_str_SE8a	GCF_000336055.1
925132	Salmonella_enterica_subsp_enterica_serovar_Enteritidis_str_SL909	GCF_000329905.1
925133	Salmonella_enterica_subsp_enterica_serovar_Enteritidis_str_SL913	GCF_000329925.1
1081093	Salmonella_enterica_subsp_enterica_serovar_Gallinarum_pullorum_str_RKS5078	GCF_000235545.1
550538	Salmonella_enterica_subsp_enterica_serovar_Gallinarum_str_287_91	GCF_000009525.1
909947	Salmonella_enterica_subsp_enterica_serovar_Gallinarum_str_9	GCF_000192125.1
685040	Salmonella_enterica_subsp_enterica_serovar_Gallinarum_str_9184	GCF_000335995.2
1212559	Salmonella_enterica_subsp_enterica_serovar_Hadar_str_2011K_0112	GCF_000293095.1
1328328	Salmonella_enterica_subsp_enterica_serovar_Hadar_str_2012K_0272	GCF_000412915.1
465516	Salmonella_enterica_subsp_enterica_serovar_Hadar_str_RI_05P066	GCF_000171515.1
1212557	Salmonella_enterica_subsp_enterica_serovar_Hartford_str_06_0676	GCF_000293055.1
1328329	Salmonella_enterica_subsp_enterica_serovar_Hartford_str_2012K_0272	GCF_000412935.1
1124941	Salmonella_enterica_subsp_enterica_serovar_Heidelberg_str_41563	GCF_000284755.1
1128963	Salmonella_enterica_subsp_enterica_serovar_Heidelberg_str_41565	GCF_000284815.1
1124942	Salmonella_enterica_subsp_enterica_serovar_Heidelberg_str_41566	GCF_000284795.1
1128959	Salmonella_enterica_subsp_enterica_serovar_Heidelberg_str_41573	GCF_000284775.1
1124937	Salmonella_enterica_subsp_enterica_serovar_Heidelberg_str_41579	GCF_000256625.1
1160717	Salmonella_enterica_subsp_enterica_serovar_Heidelberg_str_B182	GCF_000258365.1
1182164	Salmonella_enterica_subsp_enterica_serovar_Heidelberg_str_CFSAN00322	GCF_000293905.1
1182167	Salmonella_enterica_subsp_enterica_serovar_Heidelberg_str_CFSAN00325	GCF_000293945.1
1182168	Salmonella_enterica_subsp_enterica_serovar_Heidelberg_str_CFSAN00326	GCF_000293965.1
1182170	Salmonella_enterica_subsp_enterica_serovar_Heidelberg_str_CFSAN00328	GCF_000293925.1
454169	Salmonella_enterica_subsp_enterica_serovar_Heidelberg_str_SL476	GCF_000020705.1
454164	Salmonella_enterica_subsp_enterica_serovar_Heidelberg_str_SL486	GCF_000171315.1
596155	Salmonella_enterica_subsp_enterica_serovar_Infantis_str_SARB27	GCF_000230875.1
1267753	Salmonella_enterica_subsp_enterica_serovar_Javiana_str_CFSAN001992	GCF_000341425.1
454167	Salmonella_enterica_subsp_enterica_serovar_Javiana_str_GA_MM04042433	GCF_000171255.1
454231	Salmonella_enterica_subsp_enterica_serovar_Kentucky_str_CDC_191	GCF_000171275.1
439842	Salmonella_enterica_subsp_enterica_serovar_Kentucky_str_CVM29188	GCF_000170195.2
1235459	Salmonella_enterica_subsp_enterica_serovar_Mbandaka_str_2009K_0807	GCF_000316015.1
1212561	Salmonella_enterica_subsp_enterica_serovar_Mississippi_str_2010K_1406	GCF_000293115.1
763919	Salmonella_enterica_subsp_enterica_serovar_Montevideo_str_19N	GCF_000188535.1
763920	Salmonella_enterica_subsp_enterica_serovar_Montevideo_str_29N	GCF_000238475.1
858314	Salmonella_enterica_subsp_enterica_serovar_Montevideo_str_366867	GCF_000188615.1
858315	Salmonella_enterica_subsp_enterica_serovar_Montevideo_str_413180	GCF_000188635.1
858313	Salmonella_enterica_subsp_enterica_serovar_Montevideo_str_414877	GCF_000188595.1
763921	Salmonella_enterica_subsp_enterica_serovar_Montevideo_str_42N	GCF_000238455.1
766761	Salmonella_enterica_subsp_enterica_serovar_Montevideo_str_4441_H	GCF_000238435.1
745022	Salmonella_enterica_subsp_enterica_serovar_Montevideo_str_531954	GCF_003073575.1
871586	Salmonella_enterica_subsp_enterica_serovar_Montevideo_str_556152	GCF_000188975.1
859198	Salmonella_enterica_subsp_enterica_serovar_Montevideo_str_609460	GCF_000188935.1
763922	Salmonella_enterica_subsp_enterica_serovar_Montevideo_str_80959_06	GCF_000240785.1
749953	Salmonella_enterica_subsp_enterica_serovar_Montevideo_str_ATCC_BAA710	GCF_000238535.1
984240	Salmonella_enterica_subsp_enterica_serovar_Montevideo_str_CT_02035278	GCF_000240805.1
984241	Salmonella_enterica_subsp_enterica_serovar_Montevideo_str_CT_02035318	GCF_000240825.1
984242	Salmonella_enterica_subsp_enterica_serovar_Montevideo_str_CT_02035320	GCF_000240845.1
882860	Salmonella_enterica_subsp_enterica_serovar_Montevideo_str_CT_02035321	GCF_000240865.1
882862	Salmonella_enterica_subsp_enterica_serovar_Montevideo_str_CT_02035327	GCF_000240885.1
882868	Salmonella_enterica_subsp_enterica_serovar_Montevideo_str_IA_2010008286	GCF_000242795.1
749948	Salmonella_enterica_subsp_enterica_serovar_Montevideo_str_LQC_10	GCF_000238515.1
749947	Salmonella_enterica_subsp_enterica_serovar_Montevideo_str_SARB30	GCF_000238495.1
749952	Salmonella_enterica_subsp_enterica_serovar_Montevideo_str_SARB31	GCF_000238555.1
1328334	Salmonella_enterica_subsp_enterica_serovar_Muenchen_str_08_1125	GCF_000412795.1
1328333	Salmonella_enterica_subsp_enterica_serovar_Muenchen_str_2009K_0951	GCF_000412815.1
858309	Salmonella_enterica_subsp_enterica_serovar_Newport_str_CVM_19443	GCF_000272915.1
796737	Salmonella_enterica_subsp_enterica_serovar_Newport_str_CVM_19447	GCF_000272575.1
796736	Salmonella_enterica_subsp_enterica_serovar_Newport_str_CVM_19449	GCF_000272695.1
858312	Salmonella_enterica_subsp_enterica_serovar_Newport_str_CVM_19470	GCF_000272975.1
859196	Salmonella_enterica_subsp_enterica_serovar_Newport_str_CVM_19536	GCF_000272855.1
796735	Salmonella_enterica_subsp_enterica_serovar_Newport_str_CVM_19567	GCF_000272595.1
858311	Salmonella_enterica_subsp_enterica_serovar_Newport_str_CVM_19593	GCF_000272955.1
796731	Salmonella_enterica_subsp_enterica_serovar_Newport_str_CVM_21538	GCF_000272755.4
789644	Salmonella_enterica_subsp_enterica_serovar_Newport_str_CVM_21539	GCF_000272655.1
796733	Salmonella_enterica_subsp_enterica_serovar_Newport_str_CVM_21550	GCF_000272715.4
858308	Salmonella_enterica_subsp_enterica_serovar_Newport_str_CVM_21554	GCA_000272795.2
789647	Salmonella_enterica_subsp_enterica_serovar_Newport_str_CVM_21559	GCF_000272555.1
796730	Salmonella_enterica_subsp_enterica_serovar_Newport_str_CVM_22425	GCF_000272775.4
796732	Salmonella_enterica_subsp_enterica_serovar_Newport_str_CVM_22513	GCF_000272735.4
789645	Salmonella_enterica_subsp_enterica_serovar_Newport_str_CVM_33953	GCF_000272675.1
789642	Salmonella_enterica_subsp_enterica_serovar_Newport_str_CVM_35185	GCF_000272515.1
789646	Salmonella_enterica_subsp_enterica_serovar_Newport_str_CVM_35188	GCF_000272535.1
789643	Salmonella_enterica_subsp_enterica_serovar_Newport_str_CVM_35199	GCF_000272635.1
796734	Salmonella_enterica_subsp_enterica_serovar_Newport_str_CVM_35202	GCF_000272615.1
858310	Salmonella_enterica_subsp_enterica_serovar_Newport_str_CVM_37978	GCF_000272935.1
859197	Salmonella_enterica_subsp_enterica_serovar_Newport_str_CVM_4176	GCF_000272875.1
858307	Salmonella_enterica_subsp_enterica_serovar_Newport_str_CVM_N1543	GCF_000272835.4
858306	Salmonella_enterica_subsp_enterica_serovar_Newport_str_CVM_N18486	GCF_000272815.2
1275975	Salmonella_enterica_subsp_enterica_serovar_Newport_str_Henan_3	GCF_000344885.1
1275976	Salmonella_enterica_subsp_enterica_serovar_Newport_str_JS09102	GCF_000344865.1
930778	Salmonella_enterica_subsp_enterica_serovar_Newport_str_Levine_1	GCF_000271885.2
930779	Salmonella_enterica_subsp_enterica_serovar_Newport_str_Levine_15	GCF_000271905.2
1275974	Salmonella_enterica_subsp_enterica_serovar_Newport_str_SH111077	GCF_000344825.1
1275977	Salmonella_enterica_subsp_enterica_serovar_Newport_str_Shandong_3	GCF_000344845.1
423368	Salmonella_enterica_subsp_enterica_serovar_Newport_str_SL254	GCF_000016045.1
454168	Salmonella_enterica_subsp_enterica_serovar_Newport_str_SL317	GCF_000171415.1
554290	Salmonella_enterica_subsp_enterica_serovar_Paratyphi_A_str_AKU_12601	GCF_000026565.1
295319	Salmonella_enterica_subsp_enterica_serovar_Paratyphi_A_str_ATCC_9150	GCF_000011885.1
1072568	Salmonella_enterica_subsp_enterica_serovar_Paratyphi_A_str_GXS2268	GCF_000411815.1
1072569	Salmonella_enterica_subsp_enterica_serovar_Paratyphi_A_str_GZ9A00052	GCF_000411795.1
1072570	Salmonella_enterica_subsp_enterica_serovar_Paratyphi_A_str_JX05_19	GCF_000411835.1
1072572	Salmonella_enterica_subsp_enterica_serovar_Paratyphi_A_str_ZJ98_53	GCF_000411875.1
272994	Salmonella_enterica_subsp_enterica_serovar_Paratyphi_B_str_SPB7	GCF_000018705.1
476213	Salmonella_enterica_subsp_enterica_serovar_Paratyphi_C_strain	GCF_000018385.1
941188	Salmonella_enterica_subsp_enterica_serovar_Pomona_str_ATCC_10729	GCF_000240905.2
1328331	Salmonella_enterica_subsp_enterica_serovar_Poona_str_2010K_2244	GCF_000412855.1
439846	Salmonella_enterica_subsp_enterica_serovar_Saintpaul_str_SARA23	GCF_000170215.1
439843	Salmonella_enterica_subsp_enterica_serovar_Schwarzengrund_str_CVM19633	GCF_000020745.1
454165	Salmonella_enterica_subsp_enterica_serovar_Schwarzengrund_str_SL480	GCF_000171295.1
1147753	Salmonella_enterica_subsp_enterica_serovar_Senftenberg_str_SS209	GCF_000263295.1
1328332	Salmonella_enterica_subsp_enterica_serovar_Stanley_str_06_0538	GCF_000412835.1
573395	Salmonella_enterica_subsp_enterica_serovar_Tennessee_str_CDC07_0191	GCF_000353585.1
1235460	Salmonella_enterica_subsp_enterica_serovar_Thompson_str_2010K_1863	GCF_000315995.1
1156917	Salmonella_enterica_subsp_enterica_serovar_Typhi_str_BL196	GCF_000256015.1
1176488	Salmonella_enterica_subsp_enterica_serovar_Typhi_str_CR0044	GCF_000282875.1
220341	Salmonella_enterica_subsp_enterica_serovar_Typhi_str_CT18	GCF_000195995.1
496064	Salmonella_enterica_subsp_enterica_serovar_Typhi_str_E98_3139	GCF_900205295.1
1132507	Salmonella_enterica_subsp_enterica_serovar_Typhi_str_P_stx_12	GCF_000245535.1
1176487	Salmonella_enterica_subsp_enterica_serovar_Typhi_str_ST0208	GCF_000267565.1
209261	Salmonella_enterica_subsp_enterica_serovar_Typhi_str_Ty2	GCF_901457615.1
527001	Salmonella_enterica_subsp_enterica_serovar_Typhi_str_Ty21a	GCF_000385905.1
1299114	Salmonella_enterica_subsp_enterica_serovar_Typhimurium_ATCC_14028	GCF_003864015.1
588858	Salmonella_enterica_subsp_enterica_serovar_Typhimurium_str_14028S	GCF_000022165.1
909946	Salmonella_enterica_subsp_enterica_serovar_Typhimurium_str_4_74	GCF_000188735.1
568708	Salmonella_enterica_subsp_enterica_serovar_Typhimurium_str_D23580	GCF_000027025.1
216597	Salmonella_enterica_subsp_enterica_serovar_Typhimurium_str_SL1344	GCF_000210855.2
1141101	Salmonella_enterica_subsp_enterica_serovar_Typhimurium_str_ST1660_06	GCF_000292755.1
1218143	Salmonella_enterica_subsp_enterica_serovar_Typhimurium_str_STm1	GCF_000312825.2
1218150	Salmonella_enterica_subsp_enterica_serovar_Typhimurium_str_STm10	GCF_000312905.2
1218151	Salmonella_enterica_subsp_enterica_serovar_Typhimurium_str_STm11	GCF_000312765.2
1218152	Salmonella_enterica_subsp_enterica_serovar_Typhimurium_str_STm12	GCF_000312785.2
1218144	Salmonella_enterica_subsp_enterica_serovar_Typhimurium_str_STm2	GCF_000314915.2
1218145	Salmonella_enterica_subsp_enterica_serovar_Typhimurium_str_STm3	GCF_000312865.2
1218146	Salmonella_enterica_subsp_enterica_serovar_Typhimurium_str_STm4	GCF_000312885.2
1218147	Salmonella_enterica_subsp_enterica_serovar_Typhimurium_str_STm6	GCF_000312745.2
1218148	Salmonella_enterica_subsp_enterica_serovar_Typhimurium_str_STm8	GCF_000312845.2
1218149	Salmonella_enterica_subsp_enterica_serovar_Typhimurium_str_STm9	GCF_000319795.2
718274	Salmonella_enterica_subsp_enterica_serovar_Typhimurium_str_T000240	GCF_000283735.1
946034	Salmonella_enterica_subsp_enterica_serovar_Typhimurium_str_TN061786	GCF_000187785.1
1171376	Salmonella_enterica_subsp_enterica_serovar_Typhimurium_str_U288	GCF_000380325.1
990282	Salmonella_enterica_subsp_enterica_serovar_Typhimurium_str_UK_1	GCF_000213635.1
465517	Salmonella_enterica_subsp_enterica_serovar_Virchow_str_SL491	GCF_000171535.2
936157	Salmonella_enterica_subsp_enterica_serovar_Weltevreden_str_2007_60_3289_1	GCF_000230505.1
1240348	Salmonella_enterica_subsp_houtenae_serovar_16_z4_z32_str_RKS3027	GCF_000376525.1
523831	Salmonella_enterica_subsp_houtenae_str_ATCC_BAA_1581	GCF_000251025.1
1078775	Salmonella_enterica_subsp_salamae_str_3588_07	GCF_000308035.1
1266	Sarcina_nov_ERR1022285	
1266	Sarcina_nov_ERR1022316	
1266	Sarcina_nov_ERR1022347	
1266	Sarcina_nov_ERR1022371	
1266	Sarcina_nov_ERR1022372	
1266	Sarcina_nov_ERR1022421	
1266	Sarcina_nov_ERR1022468	
1266	Sarcina_nov_ERR1203922	
1266	Sarcina_nov_ERR1203929	
1266	Sarcina_nov_ERR1203932	
1266	Sarcina_nov_ERR1204023	
1266	Sarcina_nov_ERR1204026	
1266	Sarcina_nov_ERR171255	
1266	Sarcina_nov_ERR171264	
1266	Sarcina_nov_ERR171266	
1266	Sarcina_nov_ERR171270	
1266	Sarcina_nov_ERR2221152	
1266	Sarcina_nov_ERR2221229	
1266	Sarcina_nov_ERR2221238	
1266	Sarcina_nov_ERR2221241	
1266	Sarcina_nov_ERR2221248	
1266	Sarcina_nov_ERR2221284	
1266	Sarcina_nov_ERR2221290	
1266	Sarcina_nov_ERR2221381	
1266	Sarcina_nov_ERR2230135	
1266	Sarcina_nov_ERR2230149	
1267	Sarcina_ventriculi_ERR1022374	
641146	Scardovia_inopinata_F0304	GCF_000163755.1
857290	Scardovia_wiggsiae_F0424	GCF_000269605.1
29316	Schaalia_hyovaginalis_BSM_389_WT_23D	GCA_009695705.1
1123242	Schlesneria_paludicola_DSM_18645	GCF_000255655.1
1123243	Schwartzia_succinivorans_DSM_10502	GCF_900129225.1
1400522	Sediminibacterium_salmoneum_NBRC_103935	GCF_000511175.1
1410673	Selenomonas_bovis_8_14_1	GCF_000701885.1
1123250	Selenomonas_bovis_DSM_23594	GCF_000381005.1
638302	Selenomonas_flueggei_ATCC_43531	GCF_000160695.1
679201	Selenomonas_infelix_ATCC_43532	GCF_000234095.1
585503	Selenomonas_noxia_ATCC_43541	GCF_000160555.1
702437	Selenomonas_noxia_F0398	GCF_000234135.1
1392501	Selenomonas_ruminantium_AC2024	GCF_000687995.1
971	Selenomonas_ruminantium_L14	GCF_900111915.1
1280706	Selenomonas_ruminantium_subsp_ruminantium_ATCC_12561	GCF_000424065.1
999423	Selenomonas_sp_F0473	GCF_000315545.1
546271	Selenomonas_sputigena_ATCC_35185	GCF_000208405.1
1653434	Sellimonas_intestinalis_BR72	GCF_001280875.1
1034345	Senegalimassilia_anaerobia_JC110	GCF_000236865.1
47917	Serratia_fonticola_GS2	GCF_001514455.1
1441930	Serratia_fonticola_RB_25	GCF_000520015.2
1346614	Serratia_liquefaciens_ATCC_27592	GCF_000422085.1
614	Serratia_liquefaciens_FDAARGOS_125	GCF_001559135.2
1162294	Serratia_marcescens_LCT_SM213	GCF_000264275.1
273526	Serratia_marcescens_subsp_marcescens_Db11	GCF_000513215.1
615	Serratia_marcescens_UCI88	GCF_001034405.1
435998	Serratia_marcescens_WW4	GCF_000336425.1
667129	Serratia_odorifera_DSM_4582	GCF_000163595.1
1218096	Serratia_rubidaea_NBRC_103169	GCF_001598675.1
61652	Serratia_rubidaea_NCTC10848	GCF_900478395.1
671990	Serratia_sp_FGI94	GCF_000330865.1
458817	Shewanella_halifaxensis_HAW_EB4	GCF_000019185.1
392500	Shewanella_woodyi_ATCC_51908	GCF_000019525.1
766142	Shigella_dysenteriae_155_74	GCF_000211935.1
754093	Shigella_dysenteriae_1617	GCF_000497505.1
766143	Shigella_dysenteriae_225_75	GCF_000268105.1
941429	Shigella_dysenteriae_CDC_74_1112	GCF_000193895.1
300267	Shigella_dysenteriae_Sd197	GCF_000012005.1
766155	Shigella_flexneri_1485_80	GCF_000296305.1
591020	Shigella_flexneri_2002017	GCF_000022245.1
766157	Shigella_flexneri_2747_71	GCF_000213455.1
766158	Shigella_flexneri_2850_71	GCF_000268085.1
766159	Shigella_flexneri_2930_71	GCF_000213495.1
198215	Shigella_flexneri_2a_str_2457T	GCF_000007405.1
198214	Shigella_flexneri_2a_str_301	GCF_000006925.2
42897	Shigella_flexneri_2a_strain_BS1025	GCF_001017285.1
766160	Shigella_flexneri_4343_70	GCF_000213475.1
373384	Shigella_flexneri_5_str_8401	GCF_000013585.1
1086030	Shigella_flexneri_5a_str_M90T	GCF_004799585.1
766161	Shigella_flexneri_6603_63	GCF_000281795.1
754091	Shigella_flexneri_CCH060	GCF_000267985.1
945360	Shigella_flexneri_CDC_796_83	GCF_000193935.1
766146	Shigella_flexneri_K_218	GCF_000213675.1
766147	Shigella_flexneri_K_227	GCF_000213735.1
766148	Shigella_flexneri_K_272	GCF_000213715.1
766149	Shigella_flexneri_K_304	GCF_000213755.1
766150	Shigella_flexneri_K_315	GCF_000268165.1
754092	Shigella_flexneri_SFJ17B	GCF_000217895.1
766145	Shigella_flexneri_VA_6	GCF_000213695.1
766162	Shigella_sonnei_3226_85	GCF_000268045.1
766163	Shigella_sonnei_3233_85	GCF_000268005.1
766164	Shigella_sonnei_4822_66	GCF_000268225.1
216599	Shigella_sonnei_53G	GCF_000283715.1
624	Shigella_sonnei_FDAARGOS_128	GCF_001471365.2
624	Shigella_sonnei_FDAARGOS_71	GCF_000783795.2
300269	Shigella_sonnei_Ss046	GCF_000092525.1
754077	Shigella_sonnei_str_Moseley	GCF_000281815.1
626523	Shuttleworthia_satelles_DSM_14600	GCF_000160115.1
1123253	Silanimonas_lenta_DSM_16282	GCF_000429065.1
933926	Sinobacterium_caligoides_DSM_100316	GCF_003752585.1
498718	Slackia_equolifaciens_DSM_24851	GCF_003725995.1
649764	Slackia_exigua_ATCC_700122	GCF_000162875.1
255723	Slackia_faecicanis_DSM_17537	GCF_003725295.1
742818	Slackia_piriformis_YIT_12062	GCF_000296445.1
187101	Sneathia_amnii_SN35	GCA_000973085.1
40543	Sneathia_sanguinegens_CCUG41628	GCF_001517935.1
1123263	Solobacterium_moorei_DSM_22971	GCF_000425005.1
706433	Solobacterium_moorei_F0204	GCF_000186945.2
1223534	Sphingobium_amiense_NBRC_102518	GCF_001591305.1
1346330	Sphingomonas_paucimobilis_HER1398	GCF_000416985.1
335406	Sphingosinicella_microcystinivorans_B9	GCF_003967095.1
335406	Sphingosinicella_microcystinivorans_DSM_19791	GCF_003634215.1
1276246	Spiroplasma_culicicola_AES_1	GCF_000565175.1
504472	Spirosoma_linguale_DSM_74	GCF_000024525.1
1123282	Sporobacter_termitidis_DSM_10068	GCF_900130065.1
1212545	Staphylococcus_arlettae_CVD059	GCF_000295715.1
703339	Staphylococcus_aureus_04_02981	GCF_000025145.1
1229492	Staphylococcus_aureus_08BA02176	GCF_000296595.1
908247	Staphylococcus_aureus_16K	GCF_000208695.1
1278071	Staphylococcus_aureus_3957	GCF_000364505.1
452948	Staphylococcus_aureus_930918_3	GCF_000171435.1
553601	Staphylococcus_aureus_A10102	GCF_000175495.1
553565	Staphylococcus_aureus_A5937	GCF_000174455.1
553567	Staphylococcus_aureus_A5948	GCF_000174475.1
553568	Staphylococcus_aureus_A6224	GCF_000174495.1
553571	Staphylococcus_aureus_A6300	GCF_000174515.1
553573	Staphylococcus_aureus_A8115	GCF_000174535.1
553574	Staphylococcus_aureus_A8117	GCF_000175955.1
553577	Staphylococcus_aureus_A8796	GCF_000178015.1
553580	Staphylococcus_aureus_A8819	GCF_000178035.1
553581	Staphylococcus_aureus_A9299	GCF_000174555.1
553583	Staphylococcus_aureus_A9635	GCF_000174575.1
553588	Staphylococcus_aureus_A9719	GCF_000174595.1
553590	Staphylococcus_aureus_A9754	GCF_000177995.1
553594	Staphylococcus_aureus_A9765	GCF_000175475.1
553596	Staphylococcus_aureus_A9781	GCF_000174635.1
1157039	Staphylococcus_aureus_B147830	GCF_000363805.1
1157037	Staphylococcus_aureus_B40723	GCF_000363825.1
1157038	Staphylococcus_aureus_B40950	GCF_000363845.1
1157036	Staphylococcus_aureus_B53639	GCF_000363865.1
1323661	Staphylococcus_aureus_CA_347	GCF_000412775.1
1242970	Staphylococcus_aureus_CN79	GCF_000313595.1
455227	Staphylococcus_aureus_D30	GCF_000171455.1
1156995	Staphylococcus_aureus_HI010	GCF_000359765.1
1156997	Staphylococcus_aureus_HI010B	GCF_000359665.1
1157003	Staphylococcus_aureus_HI013	GCF_000359785.1
1156999	Staphylococcus_aureus_HI022	GCF_000359805.1
1156994	Staphylococcus_aureus_HI049	GCF_000359865.1
1156996	Staphylococcus_aureus_HI049B	GCF_000359825.1
1157000	Staphylococcus_aureus_HI049C	GCF_000359845.1
1157002	Staphylococcus_aureus_HI111	GCF_000359885.1
1157001	Staphylococcus_aureus_HI168	GCF_000359905.1
1156998	Staphylococcus_aureus_HIF003_B2N_C	GCF_000359925.1
1283278	Staphylococcus_aureus_KLT6	GCF_000350425.2
1231383	Staphylococcus_aureus_KT_314250	GCF_000336515.1
1231382	Staphylococcus_aureus_KT_Y21	GCF_000336595.1
1278072	Staphylococcus_aureus_LVP2	GCF_000364525.1
1278075	Staphylococcus_aureus_LVP5	GCF_000364465.1
1157004	Staphylococcus_aureus_M0001	GCF_000359945.1
1158507	Staphylococcus_aureus_M0006	GCF_000359965.1
1157005	Staphylococcus_aureus_M0029	GCF_000359985.1
1157006	Staphylococcus_aureus_M0035	GCF_000360005.1
1157007	Staphylococcus_aureus_M0045	GCF_000360025.1
1158508	Staphylococcus_aureus_M0055	GCF_000360045.1
1157008	Staphylococcus_aureus_M0060	GCF_000360065.1
1157009	Staphylococcus_aureus_M0066	GCF_000360085.1
1303780	Staphylococcus_aureus_M0075	GCF_000364005.1
1158509	Staphylococcus_aureus_M0077	GCF_000360105.1
1157010	Staphylococcus_aureus_M0102	GCF_000360125.1
1157011	Staphylococcus_aureus_M0103	GCF_000360145.1
1224919	Staphylococcus_aureus_M0104	GCF_000360165.1
1158510	Staphylococcus_aureus_M0108	GCF_000360185.1
1158511	Staphylococcus_aureus_M0144	GCF_000360205.1
1157012	Staphylococcus_aureus_M0150	GCF_000360225.1
1158512	Staphylococcus_aureus_M0154	GCF_000360245.1
1224920	Staphylococcus_aureus_M0171	GCF_000360265.1
1157013	Staphylococcus_aureus_M0173	GCF_000360285.1
1158513	Staphylococcus_aureus_M0177	GCF_000360305.1
1157014	Staphylococcus_aureus_M0192	GCF_000360325.1
1157015	Staphylococcus_aureus_M0197	GCF_000360345.1
1158514	Staphylococcus_aureus_M0200	GCF_000360365.1
1224921	Staphylococcus_aureus_M0210	GCF_000360385.1
1158515	Staphylococcus_aureus_M0212	GCF_000360405.1
1224922	Staphylococcus_aureus_M0213	GCF_000360425.1
1158516	Staphylococcus_aureus_M0216	GCF_000360445.1
1157016	Staphylococcus_aureus_M0221	GCF_000360465.1
1158517	Staphylococcus_aureus_M0235	GCF_000360485.1
1157017	Staphylococcus_aureus_M0237	GCF_000360505.1
1157018	Staphylococcus_aureus_M0239	GCF_000360525.1
1224923	Staphylococcus_aureus_M0240	GCF_000360545.1
1158518	Staphylococcus_aureus_M0250	GCF_000360565.1
1157019	Staphylococcus_aureus_M0252	GCF_000360585.1
1224924	Staphylococcus_aureus_M0270	GCF_000360605.1
1224925	Staphylococcus_aureus_M0273	GCF_000360625.1
1224926	Staphylococcus_aureus_M0279	GCF_000360645.1
1158520	Staphylococcus_aureus_M0280	GCF_000360665.1
1224927	Staphylococcus_aureus_M0288	GCF_000360685.1
1303781	Staphylococcus_aureus_M0294	GCF_000364025.1
1158521	Staphylococcus_aureus_M0306	GCF_000360705.1
1224928	Staphylococcus_aureus_M0312	GCF_000360725.1
1157020	Staphylococcus_aureus_M0326	GCF_000360745.1
1157021	Staphylococcus_aureus_M0328	GCF_000360765.1
1157022	Staphylococcus_aureus_M0329	GCF_000360785.1
1157023	Staphylococcus_aureus_M0330	GCF_000360805.1
1158522	Staphylococcus_aureus_M0334	GCF_000360825.1
1157024	Staphylococcus_aureus_M0340	GCF_000360845.1
1157025	Staphylococcus_aureus_M0347	GCF_000360865.1
1158523	Staphylococcus_aureus_M0350	GCF_000360885.1
1158524	Staphylococcus_aureus_M0351	GCF_000360905.1
1158525	Staphylococcus_aureus_M0363	GCF_000360925.1
1157026	Staphylococcus_aureus_M0364	GCF_000360945.1
1158526	Staphylococcus_aureus_M0367	GCF_000360965.1
1158527	Staphylococcus_aureus_M0374	GCF_000360985.1
1158528	Staphylococcus_aureus_M0375	GCF_000361005.1
1157027	Staphylococcus_aureus_M0391	GCF_000361025.1
1158529	Staphylococcus_aureus_M0396	GCF_000361045.1
1224929	Staphylococcus_aureus_M0404	GCF_000361065.1
1157028	Staphylococcus_aureus_M0408	GCF_000361085.1
1224930	Staphylococcus_aureus_M0415	GCF_000361105.1
1158530	Staphylococcus_aureus_M0424	GCF_000361125.1
1157029	Staphylococcus_aureus_M0427	GCF_000361145.1
1158531	Staphylococcus_aureus_M0438	GCF_000361165.1
1157030	Staphylococcus_aureus_M0450	GCF_000361185.1
1224931	Staphylococcus_aureus_M0455	GCF_000361205.1
1224932	Staphylococcus_aureus_M0460	GCF_000361225.1
1157031	Staphylococcus_aureus_M0467	GCF_000361245.1
1157032	Staphylococcus_aureus_M0468	GCF_000361265.1
1157033	Staphylococcus_aureus_M0478	GCF_000361285.1
1157034	Staphylococcus_aureus_M0489	GCF_000361305.1
1224933	Staphylococcus_aureus_M0493	GCF_000361325.1
1157035	Staphylococcus_aureus_M0494	GCF_000361345.1
1158533	Staphylococcus_aureus_M0510	GCF_000361365.1
1158534	Staphylococcus_aureus_M0513	GCF_000361385.1
1158682	Staphylococcus_aureus_M0528	GCF_000361405.1
1158462	Staphylococcus_aureus_M0529	GCF_000361425.1
1158683	Staphylococcus_aureus_M0531	GCF_000361445.1
1158684	Staphylococcus_aureus_M0536	GCF_000361465.1
1158685	Staphylococcus_aureus_M0539	GCF_000361485.1
1158686	Staphylococcus_aureus_M0547	GCF_000361505.1
1158535	Staphylococcus_aureus_M0562	GCF_000361525.1
1158687	Staphylococcus_aureus_M0565	GCF_000361545.1
1158536	Staphylococcus_aureus_M0571	GCF_000361565.1
1158688	Staphylococcus_aureus_M0580	GCF_000361585.1
1158537	Staphylococcus_aureus_M0584	GCF_000361605.1
1158538	Staphylococcus_aureus_M0586	GCF_000361625.1
1158689	Staphylococcus_aureus_M0602	GCF_000361645.1
1158690	Staphylococcus_aureus_M0622	GCF_000361665.1
1158461	Staphylococcus_aureus_M0628	GCF_000361685.1
1158539	Staphylococcus_aureus_M0633	GCF_000361705.1
1214901	Staphylococcus_aureus_M0646	GCF_000361725.1
1213721	Staphylococcus_aureus_M0648	GCF_000361745.1
1213722	Staphylococcus_aureus_M0660	GCF_000361765.1
1213723	Staphylococcus_aureus_M0663	GCF_000361785.1
1213724	Staphylococcus_aureus_M0673	GCF_000361805.1
1158691	Staphylococcus_aureus_M0676	GCF_000361825.1
1158692	Staphylococcus_aureus_M0687	GCF_000361845.1
1158693	Staphylococcus_aureus_M0692	GCF_000361865.1
1213725	Staphylococcus_aureus_M0695	GCF_000361885.1
1158694	Staphylococcus_aureus_M0719	GCF_000361905.1
1158695	Staphylococcus_aureus_M0769	GCF_000361925.1
1158696	Staphylococcus_aureus_M0770	GCF_000361945.1
1158697	Staphylococcus_aureus_M0780	GCF_000361965.1
1213726	Staphylococcus_aureus_M0792	GCF_000361985.1
1158698	Staphylococcus_aureus_M0799	GCF_000362005.1
1213727	Staphylococcus_aureus_M0822	GCF_000362025.1
1158699	Staphylococcus_aureus_M0823	GCF_000362045.1
1213728	Staphylococcus_aureus_M0831	GCF_000362065.1
1158700	Staphylococcus_aureus_M0844	GCF_000362085.1
1213729	Staphylococcus_aureus_M0871	GCF_000362105.1
1213730	Staphylococcus_aureus_M0877	GCF_000362125.1
1213732	Staphylococcus_aureus_M0892	GCF_000362165.1
1213733	Staphylococcus_aureus_M0900	GCF_000362185.1
1213734	Staphylococcus_aureus_M0927	GCF_000362205.1
1158701	Staphylococcus_aureus_M0934	GCF_000362225.1
1158702	Staphylococcus_aureus_M0943	GCF_000362245.1
1158703	Staphylococcus_aureus_M0944	GCF_000362265.1
1169255	Staphylococcus_aureus_M0946	GCF_000362285.1
1158704	Staphylococcus_aureus_M0953	GCF_000362305.1
1169256	Staphylococcus_aureus_M0964	GCF_000362325.1
1169257	Staphylococcus_aureus_M0978	GCF_000362345.1
1169258	Staphylococcus_aureus_M0994	GCF_000362365.1
1158705	Staphylococcus_aureus_M0998	GCF_000362385.1
1158706	Staphylococcus_aureus_M0999	GCF_000362405.1
1305598	Staphylococcus_aureus_M1	GCF_000367745.1
1158707	Staphylococcus_aureus_M1007	GCF_000362425.1
1158708	Staphylococcus_aureus_M1010	GCF_000362445.1
1158709	Staphylococcus_aureus_M1015	GCF_000362465.1
1158710	Staphylococcus_aureus_M1016	GCF_000362485.1
1169259	Staphylococcus_aureus_M1034	GCF_000362505.1
1158711	Staphylococcus_aureus_M1036	GCF_000362525.1
1158712	Staphylococcus_aureus_M1037	GCF_000362545.1
1169260	Staphylococcus_aureus_M1044	GCF_000362565.1
1303782	Staphylococcus_aureus_M1060	GCF_000364045.1
1169261	Staphylococcus_aureus_M1061	GCF_000362585.1
1169262	Staphylococcus_aureus_M1062	GCF_000362605.1
1158463	Staphylococcus_aureus_M1063	GCF_000362625.1
1158465	Staphylococcus_aureus_M1064	GCF_000362645.1
1169263	Staphylococcus_aureus_M1068	GCF_000362665.1
1158464	Staphylococcus_aureus_M1076	GCF_000362685.1
1303783	Staphylococcus_aureus_M1078	GCF_000364065.1
1169264	Staphylococcus_aureus_M1083	GCF_000362705.1
1158466	Staphylococcus_aureus_M1092	GCF_000362725.1
1158467	Staphylococcus_aureus_M1093	GCF_000362745.1
1158468	Staphylococcus_aureus_M1095	GCF_000362765.1
1158469	Staphylococcus_aureus_M1103	GCF_000362785.1
1169265	Staphylococcus_aureus_M1109	GCF_000362805.1
1158470	Staphylococcus_aureus_M1119	GCF_000362825.1
1169266	Staphylococcus_aureus_M1126	GCF_000362845.1
1169267	Staphylococcus_aureus_M1142	GCF_000362865.1
1158471	Staphylococcus_aureus_M1167	GCF_000362885.1
1158472	Staphylococcus_aureus_M1170	GCF_000362905.1
1158473	Staphylococcus_aureus_M1188	GCF_000362925.1
1303784	Staphylococcus_aureus_M1193	GCF_000364085.1
1158474	Staphylococcus_aureus_M1198	GCF_000362945.1
1158475	Staphylococcus_aureus_M1199	GCF_000362965.1
1158476	Staphylococcus_aureus_M1215	GCF_000362985.1
1158477	Staphylococcus_aureus_M1216	GCF_000363005.1
1169268	Staphylococcus_aureus_M1223	GCF_000363025.1
1169269	Staphylococcus_aureus_M1224	GCF_000363045.1
1303785	Staphylococcus_aureus_M1228	GCF_000364105.1
1158478	Staphylococcus_aureus_M1229	GCF_000363065.1
1169270	Staphylococcus_aureus_M1244	GCF_000363085.1
1158479	Staphylococcus_aureus_M1248	GCF_000363105.1
1158480	Staphylococcus_aureus_M1253	GCF_000363125.1
1158481	Staphylococcus_aureus_M1255	GCF_000363145.1
1169271	Staphylococcus_aureus_M1256	GCF_000363165.1
1158482	Staphylococcus_aureus_M1257	GCF_000363185.1
1169272	Staphylococcus_aureus_M1275	GCF_000363205.1
1158483	Staphylococcus_aureus_M1277	GCF_000363225.1
1169273	Staphylococcus_aureus_M1286	GCF_000363245.1
1158484	Staphylococcus_aureus_M1291	GCF_000363265.1
1169274	Staphylococcus_aureus_M1309	GCF_000363285.1
1158485	Staphylococcus_aureus_M1311	GCF_000363305.1
1158486	Staphylococcus_aureus_M1320	GCF_000363325.1
1158487	Staphylococcus_aureus_M1321	GCF_000363345.1
1158488	Staphylococcus_aureus_M1322	GCF_000363365.1
1158489	Staphylococcus_aureus_M1359	GCF_000363385.1
1158490	Staphylococcus_aureus_M1367	GCF_000363405.1
1158491	Staphylococcus_aureus_M1373	GCF_000363425.1
1169275	Staphylococcus_aureus_M1374	GCF_000363445.1
1158492	Staphylococcus_aureus_M1394	GCF_000363465.1
1169276	Staphylococcus_aureus_M1405	GCF_000363485.1
1303786	Staphylococcus_aureus_M1407	GCF_000364125.1
1158493	Staphylococcus_aureus_M1450	GCF_000363505.1
1158494	Staphylococcus_aureus_M1451	GCF_000363525.1
1158495	Staphylococcus_aureus_M1462	GCF_000363545.1
1158496	Staphylococcus_aureus_M1463	GCF_000363565.1
1303787	Staphylococcus_aureus_M1466	GCF_000364145.1
1158497	Staphylococcus_aureus_M1481	GCF_000363585.1
1169277	Staphylococcus_aureus_M1510	GCF_000363605.1
1158498	Staphylococcus_aureus_M1520	GCF_000363625.1
1158499	Staphylococcus_aureus_M1521	GCF_000363645.1
1158500	Staphylococcus_aureus_M1531	GCF_000363665.1
1158501	Staphylococcus_aureus_M1533	GCF_000363685.1
1158502	Staphylococcus_aureus_M1544	GCF_000363705.1
1158503	Staphylococcus_aureus_M1556	GCF_000363725.1
1158504	Staphylococcus_aureus_M1563	GCF_000363745.1
1158505	Staphylococcus_aureus_M1565	GCF_000363765.1
1158506	Staphylococcus_aureus_M1578	GCF_000363785.1
1233245	Staphylococcus_aureus_M2	GCF_000307695.1
1161392	Staphylococcus_aureus_NN54	GCF_000308915.1
948561	Staphylococcus_aureus_O11	GCA_000189435.3
948563	Staphylococcus_aureus_O46	GCF_000189455.2
1147034	Staphylococcus_aureus_PM1	GCF_000308895.1
1235275	Staphylococcus_aureus_PPUKM_261_2009	GCF_000312965.1
1235276	Staphylococcus_aureus_PPUKM_332_2009	GCF_000312985.1
1235277	Staphylococcus_aureus_PPUKM_377_2009	GCF_000313025.1
1235278	Staphylococcus_aureus_PPUKM_775_2009	GCF_000313005.1
273036	Staphylococcus_aureus_RF122	GCF_000009005.1
1075076	Staphylococcus_aureus_ST228_10388	GCF_000967325.1
1075077	Staphylococcus_aureus_ST228_10497	GCF_000967345.1
1075078	Staphylococcus_aureus_ST228_15532	GCF_000967365.1
1075079	Staphylococcus_aureus_ST228_16035	GCF_000382965.1
1075082	Staphylococcus_aureus_ST228_18412	GCF_000967405.1
1216363	Staphylococcus_aureus_subsp_aureus_06BA18369	GCF_000390205.1
1137129	Staphylococcus_aureus_subsp_aureus_091751	GCF_000401435.1
1137130	Staphylococcus_aureus_subsp_aureus_103564	GCF_000401575.1
1137132	Staphylococcus_aureus_subsp_aureus_112808A	GCF_000401595.1
1144271	Staphylococcus_aureus_subsp_aureus_118	GCF_000259715.1
1123523	Staphylococcus_aureus_subsp_aureus_11819_97	GCF_000239235.1
1221451	Staphylococcus_aureus_subsp_aureus_120	GCF_000336335.1
1137131	Staphylococcus_aureus_subsp_aureus_122051	GCF_000401455.1
644279	Staphylococcus_aureus_subsp_aureus_132	GCF_000174955.1
904723	Staphylococcus_aureus_subsp_aureus_21172	GCF_000205365.1
904724	Staphylococcus_aureus_subsp_aureus_21178	GCF_000239635.1
904725	Staphylococcus_aureus_subsp_aureus_21189	GCF_000205345.1
904726	Staphylococcus_aureus_subsp_aureus_21193	GCF_000205385.1
904728	Staphylococcus_aureus_subsp_aureus_21195	GCF_000221845.1
904729	Staphylococcus_aureus_subsp_aureus_21196	GCF_000332685.1
904730	Staphylococcus_aureus_subsp_aureus_21200	GCF_000221825.1
904731	Staphylococcus_aureus_subsp_aureus_21201	GCF_000221805.1
904732	Staphylococcus_aureus_subsp_aureus_21202	GCF_000239655.1
904735	Staphylococcus_aureus_subsp_aureus_21209	GCF_000239675.1
904737	Staphylococcus_aureus_subsp_aureus_21232	GCF_000239615.1
904739	Staphylococcus_aureus_subsp_aureus_21236	GCF_000332665.1
904743	Staphylococcus_aureus_subsp_aureus_21252	GCF_000242475.1
904744	Staphylococcus_aureus_subsp_aureus_21259	GCF_000221785.1
904745	Staphylococcus_aureus_subsp_aureus_21262	GCF_000242495.1
904746	Staphylococcus_aureus_subsp_aureus_21264	GCF_000242515.1
904747	Staphylococcus_aureus_subsp_aureus_21266	GCF_000221765.1
904749	Staphylococcus_aureus_subsp_aureus_21269	GCF_000221745.1
904750	Staphylococcus_aureus_subsp_aureus_21272	GCF_000242535.1
904753	Staphylococcus_aureus_subsp_aureus_21282	GCF_000330685.1
904754	Staphylococcus_aureus_subsp_aureus_21283	GCF_000242555.1
904759	Staphylococcus_aureus_subsp_aureus_21305	GCF_000215405.1
904760	Staphylococcus_aureus_subsp_aureus_21310	GCF_000215425.1
904763	Staphylococcus_aureus_subsp_aureus_21318	GCF_000215445.1
904766	Staphylococcus_aureus_subsp_aureus_21331	GCF_000239555.1
904767	Staphylococcus_aureus_subsp_aureus_21333	GCF_000242575.1
904768	Staphylococcus_aureus_subsp_aureus_21334	GCF_000239575.1
904771	Staphylococcus_aureus_subsp_aureus_21340	GCF_000239595.1
904772	Staphylococcus_aureus_subsp_aureus_21342	GCF_000245575.1
904773	Staphylococcus_aureus_subsp_aureus_21343	GCF_000245595.1
904774	Staphylococcus_aureus_subsp_aureus_21345	GCF_000245615.1
1221452	Staphylococcus_aureus_subsp_aureus_333	GCF_000336275.1
1221453	Staphylococcus_aureus_subsp_aureus_3989	GCF_000336315.1
585143	Staphylococcus_aureus_subsp_aureus_55_2053	GCF_000160335.2
585144	Staphylococcus_aureus_subsp_aureus_58_424	GCF_000162815.1
585145	Staphylococcus_aureus_subsp_aureus_65_1322	GCF_000160355.1
585146	Staphylococcus_aureus_subsp_aureus_68_397	GCF_000160375.1
1155084	Staphylococcus_aureus_subsp_aureus_71193	GCF_000258685.1
585147	Staphylococcus_aureus_subsp_aureus_A017934_97	GCF_000163335.1
762962	Staphylococcus_aureus_subsp_aureus_ATCC_51811	GCF_000164715.1
862516	Staphylococcus_aureus_subsp_aureus_ATCC_BAA_39	GCF_000146385.1
585148	Staphylococcus_aureus_subsp_aureus_Btn1260	GCF_000162835.1
585149	Staphylococcus_aureus_subsp_aureus_C101	GCF_000162595.1
585150	Staphylococcus_aureus_subsp_aureus_C160	GCF_000162855.1
585151	Staphylococcus_aureus_subsp_aureus_C427	GCF_000162615.1
1331008	Staphylococcus_aureus_subsp_aureus_CBD_635	GCF_000403115.1
543538	Staphylococcus_aureus_subsp_aureus_CGS00	GCF_000193835.1
543539	Staphylococcus_aureus_subsp_aureus_CGS01	GCF_000193855.1
543540	Staphylococcus_aureus_subsp_aureus_CGS03	GCF_000193875.1
931432	Staphylococcus_aureus_subsp_aureus_CIG1057	GCF_000248475.1
931443	Staphylococcus_aureus_subsp_aureus_CIG1096	GCF_000248695.1
931433	Staphylococcus_aureus_subsp_aureus_CIG1114	GCF_000248495.1
931444	Staphylococcus_aureus_subsp_aureus_CIG1150	GCF_000248715.1
931434	Staphylococcus_aureus_subsp_aureus_CIG1165	GCF_000248515.1
931445	Staphylococcus_aureus_subsp_aureus_CIG1176	GCF_000248735.1
931446	Staphylococcus_aureus_subsp_aureus_CIG1213	GCF_000248755.1
931435	Staphylococcus_aureus_subsp_aureus_CIG1214	GCF_000248535.1
931447	Staphylococcus_aureus_subsp_aureus_CIG1233	GCF_000248775.1
931436	Staphylococcus_aureus_subsp_aureus_CIG1242	GCF_000248555.2
931452	Staphylococcus_aureus_subsp_aureus_CIG1267	GCF_000248875.1
931453	Staphylococcus_aureus_subsp_aureus_CIG149	GCF_000248895.1
931437	Staphylococcus_aureus_subsp_aureus_CIG1500	GCF_000248575.1
931454	Staphylococcus_aureus_subsp_aureus_CIG1524	GCF_000248915.1
931438	Staphylococcus_aureus_subsp_aureus_CIG1605	GCF_000248595.1
931448	Staphylococcus_aureus_subsp_aureus_CIG1612	GCF_000248795.1
931439	Staphylococcus_aureus_subsp_aureus_CIG1750	GCF_000248615.1
931440	Staphylococcus_aureus_subsp_aureus_CIG1769	GCF_000248635.1
931449	Staphylococcus_aureus_subsp_aureus_CIG1770	GCF_000248815.1
931441	Staphylococcus_aureus_subsp_aureus_CIG1835	GCF_000248655.1
931450	Staphylococcus_aureus_subsp_aureus_CIG2018	GCF_000248835.1
931451	Staphylococcus_aureus_subsp_aureus_CIG290	GCF_000248855.1
931442	Staphylococcus_aureus_subsp_aureus_CIG547	GCF_000248675.1
931459	Staphylococcus_aureus_subsp_aureus_CIGC128	GCF_000249015.1
931455	Staphylococcus_aureus_subsp_aureus_CIGC340D	GCF_000248935.1
931456	Staphylococcus_aureus_subsp_aureus_CIGC341D	GCF_000248955.1
931457	Staphylococcus_aureus_subsp_aureus_CIGC345D	GCF_000248975.1
931458	Staphylococcus_aureus_subsp_aureus_CIGC348	GCF_000248995.1
931460	Staphylococcus_aureus_subsp_aureus_CIGC93	GCF_000249035.1
1134842	Staphylococcus_aureus_subsp_aureus_CM05	GCF_000294385.2
93062	Staphylococcus_aureus_subsp_aureus_COL	GCF_000012045.1
585152	Staphylococcus_aureus_subsp_aureus_D139	GCF_000162635.1
1155079	Staphylococcus_aureus_subsp_aureus_DR10	GCF_000252405.1
1241616	Staphylococcus_aureus_subsp_aureus_DSM_20231	GCF_001027105.1
585153	Staphylococcus_aureus_subsp_aureus_E1410	GCF_000160395.1
889933	Staphylococcus_aureus_subsp_aureus_ECT_R_2	GCF_000253135.1
685039	Staphylococcus_aureus_subsp_aureus_ED133	GCF_000210315.1
681288	Staphylococcus_aureus_subsp_aureus_ED98	GCF_000024585.1
585154	Staphylococcus_aureus_subsp_aureus_EMRSA16	GCF_000163575.1
1144272	Staphylococcus_aureus_subsp_aureus_GR1	GCF_000280745.1
585155	Staphylococcus_aureus_subsp_aureus_H19	GCF_000162655.1
1258575	Staphylococcus_aureus_subsp_aureus_H29	GCF_000409145.1
1074252	Staphylococcus_aureus_subsp_aureus_HO_5096_0412	GCF_000284535.1
904781	Staphylococcus_aureus_subsp_aureus_IS_105	GCF_000247375.1
904782	Staphylococcus_aureus_subsp_aureus_IS_111	GCF_000247395.1
904783	Staphylococcus_aureus_subsp_aureus_IS_122	GCF_000247415.1
904787	Staphylococcus_aureus_subsp_aureus_IS_189	GCF_000260055.1
904789	Staphylococcus_aureus_subsp_aureus_IS_250	GCF_000257945.1
904775	Staphylococcus_aureus_subsp_aureus_IS_3	GCF_000247275.1
904777	Staphylococcus_aureus_subsp_aureus_IS_55	GCF_000247315.1
904778	Staphylococcus_aureus_subsp_aureus_IS_88	GCF_000247355.1
904780	Staphylococcus_aureus_subsp_aureus_IS_99	GCF_000247295.1
904791	Staphylococcus_aureus_subsp_aureus_IS_K	GCF_000257965.1
359787	Staphylococcus_aureus_subsp_aureus_JH1	GCF_000017125.1
359786	Staphylococcus_aureus_subsp_aureus_JH9	GCF_000016805.1
869816	Staphylococcus_aureus_subsp_aureus_JKD6159	GCF_000144955.1
1163749	Staphylococcus_aureus_subsp_aureus_LCT_SA112	GCF_000261165.1
985006	Staphylococcus_aureus_subsp_aureus_LGA251	GCF_000237265.1
1118959	Staphylococcus_aureus_subsp_aureus_M013	GCF_000237125.2
585156	Staphylococcus_aureus_subsp_aureus_M1015	GCF_000162675.1
585157	Staphylococcus_aureus_subsp_aureus_M809	GCF_000162795.1
585158	Staphylococcus_aureus_subsp_aureus_M876	GCF_000160415.1
585159	Staphylococcus_aureus_subsp_aureus_M899	GCF_000162695.1
548470	Staphylococcus_aureus_subsp_aureus_MN8	GCF_000160195.1
1137133	Staphylococcus_aureus_subsp_aureus_MRGR3	GCF_000401475.1
754025	Staphylococcus_aureus_subsp_aureus_MRSA131	GCF_000187145.1
754026	Staphylococcus_aureus_subsp_aureus_MRSA177	GCF_000187165.1
282458	Staphylococcus_aureus_subsp_aureus_MRSA252	GCF_000011505.1
985002	Staphylococcus_aureus_subsp_aureus_MSHR1132	GCF_001061465.1
282459	Staphylococcus_aureus_subsp_aureus_MSSA476	GCF_000011525.1
418127	Staphylococcus_aureus_subsp_aureus_Mu3	GCF_000010445.1
158878	Staphylococcus_aureus_subsp_aureus_Mu50	GCF_000009665.1
585891	Staphylococcus_aureus_subsp_aureus_Mu50_omega	GCF_000180095.1
196620	Staphylococcus_aureus_subsp_aureus_MW2	GCF_000011265.1
158879	Staphylococcus_aureus_subsp_aureus_N315	GCF_000009645.1
1223492	Staphylococcus_aureus_subsp_aureus_NBRC_100910	GCF_001544175.1
93061	Staphylococcus_aureus_subsp_aureus_NCTC_8325	GCF_900475245.1
1112349	Staphylococcus_aureus_subsp_aureus_NN50	GCF_000284895.1
1265302	Staphylococcus_aureus_subsp_aureus_PB32	GCF_000409165.1
561307	Staphylococcus_aureus_subsp_aureus_RN4220	GCF_000212435.1
546342	Staphylococcus_aureus_subsp_aureus_str_JKD6008	GCF_000145595.1
546343	Staphylococcus_aureus_subsp_aureus_str_JKD6009	GCF_000172855.1
426430	Staphylococcus_aureus_subsp_aureus_str_Newman	GCF_002310435.1
1006543	Staphylococcus_aureus_subsp_aureus_T0131	GCF_000204665.1
548474	Staphylococcus_aureus_subsp_aureus_TCH130	GCF_000159555.1
548473	Staphylococcus_aureus_subsp_aureus_TCH60	GCF_000159535.2
548475	Staphylococcus_aureus_subsp_aureus_TCH70	GCF_000149015.1
663951	Staphylococcus_aureus_subsp_aureus_TW20	GCF_000027045.1
367830	Staphylococcus_aureus_subsp_aureus_USA300	GCF_002993865.1
451515	Staphylococcus_aureus_subsp_aureus_USA300_FPR3757	GCF_000013465.1
451516	Staphylococcus_aureus_subsp_aureus_USA300_TCH1516	GCF_000017085.1
450394	Staphylococcus_aureus_subsp_aureus_USA300_TCH959	GCF_000153665.1
1028799	Staphylococcus_aureus_subsp_aureus_VC40	GCF_000245495.1
904313	Staphylococcus_aureus_subsp_aureus_VCU006	GCF_000260315.1
1226740	Staphylococcus_aureus_subsp_aureus_VH60	GCF_000336295.1
1116214	Staphylococcus_aureus_subsp_aureus_VRS1	GCF_000262815.1
1116223	Staphylococcus_aureus_subsp_aureus_VRS10	GCF_000262995.1
1116224	Staphylococcus_aureus_subsp_aureus_VRS11a	GCF_000263015.1
1116225	Staphylococcus_aureus_subsp_aureus_VRS11b	GCF_000263035.1
1116215	Staphylococcus_aureus_subsp_aureus_VRS2	GCF_000262835.1
1116216	Staphylococcus_aureus_subsp_aureus_VRS3a	GCF_000262855.1
1116217	Staphylococcus_aureus_subsp_aureus_VRS4	GCF_000262875.1
1116218	Staphylococcus_aureus_subsp_aureus_VRS5	GCF_000262895.1
1116219	Staphylococcus_aureus_subsp_aureus_VRS6	GCF_000262915.1
1116220	Staphylococcus_aureus_subsp_aureus_VRS7	GCF_000262935.1
1116221	Staphylococcus_aureus_subsp_aureus_VRS8	GCF_000262955.1
1116222	Staphylococcus_aureus_subsp_aureus_VRS9	GCF_000262975.1
585160	Staphylococcus_aureus_subsp_aureus_WBG10049	GCF_000162715.1
585161	Staphylococcus_aureus_subsp_aureus_WW2703_97	GCF_000162735.1
1278074	Staphylococcus_aureus_VH221	GCF_000364485.1
1296619	Staphylococcus_capitis_CR0101	GCF_000499705.1
1189311	Staphylococcus_capitis_QN1	GCF_000263775.1
553212	Staphylococcus_capitis_SK14	GCF_000174135.1
904334	Staphylococcus_capitis_VCU116	GCF_000221525.1
435838	Staphylococcus_caprae_C87	GCF_000183705.1
1415164	Staphylococcus_cohnii_hu_01	GCF_000513495.2
74704	Staphylococcus_cohnii_subsp_cohnii_532	GCF_000972575.1
1235440	Staphylococcus_epidermidis_12142587	GCF_000304575.1
1000590	Staphylococcus_epidermidis_14_1_R1_SE	GCF_000239515.1
1294271	Staphylococcus_epidermidis_41tr	GCF_000390365.1
1294272	Staphylococcus_epidermidis_528m	GCF_000390345.1
904143	Staphylococcus_epidermidis_A487	GCF_000321085.1
176280	Staphylococcus_epidermidis_ATCC_12228	GCF_000007645.1
1220510	Staphylococcus_epidermidis_AU12_03	GCF_000308395.1
525374	Staphylococcus_epidermidis_BCM_HMP0060	GCF_000159575.1
883130	Staphylococcus_epidermidis_BVS058A4	GCF_000314715.2
1282	Staphylococcus_epidermidis_ERR2221338	
764544	Staphylococcus_epidermidis_FRI909	GCF_000186205.1
1213731	Staphylococcus_epidermidis_M0881	GCF_000362145.1
525375	Staphylococcus_epidermidis_M23864W2grey	GCF_000164075.1
1155132	Staphylococcus_epidermidis_NIH04003	GCF_000276005.1
979222	Staphylococcus_epidermidis_NIH04008	GCF_000276085.1
979221	Staphylococcus_epidermidis_NIH05001	GCF_000276105.1
1155133	Staphylococcus_epidermidis_NIH05003	GCF_000276025.1
979220	Staphylococcus_epidermidis_NIH05005	GCF_000276125.1
1155130	Staphylococcus_epidermidis_NIH051475	GCF_000275965.1
1155131	Staphylococcus_epidermidis_NIH051668	GCF_000275985.2
1155134	Staphylococcus_epidermidis_NIH06004	GCF_000276045.1
1155135	Staphylococcus_epidermidis_NIH08001	GCF_000276065.1
979219	Staphylococcus_epidermidis_NIHLM001	GCF_000276145.1
979218	Staphylococcus_epidermidis_NIHLM003	GCF_000276165.1
979217	Staphylococcus_epidermidis_NIHLM008	GCF_000276185.1
979216	Staphylococcus_epidermidis_NIHLM015	GCF_000276205.1
979215	Staphylococcus_epidermidis_NIHLM018	GCF_000276225.1
979213	Staphylococcus_epidermidis_NIHLM020	GCF_000276265.1
979212	Staphylococcus_epidermidis_NIHLM021	GCF_000276285.1
979211	Staphylococcus_epidermidis_NIHLM023	GCF_000276305.1
979214	Staphylococcus_epidermidis_NIHLM031	GCF_000276245.1
979210	Staphylococcus_epidermidis_NIHLM037	GCF_000276325.1
979209	Staphylococcus_epidermidis_NIHLM039	GCF_000276345.1
979208	Staphylococcus_epidermidis_NIHLM040	GCF_000276365.1
979207	Staphylococcus_epidermidis_NIHLM049	GCF_000276385.1
979206	Staphylococcus_epidermidis_NIHLM053	GCF_000276405.1
979205	Staphylococcus_epidermidis_NIHLM057	GCF_000276425.1
979204	Staphylococcus_epidermidis_NIHLM061	GCF_000276445.1
979203	Staphylococcus_epidermidis_NIHLM067	GCF_000276465.1
979202	Staphylococcus_epidermidis_NIHLM070	GCF_000276485.1
979201	Staphylococcus_epidermidis_NIHLM087	GCF_000276505.1
979200	Staphylococcus_epidermidis_NIHLM088	GCF_000276525.1
979199	Staphylococcus_epidermidis_NIHLM095	GCF_000276545.1
176279	Staphylococcus_epidermidis_RP62A	GCF_000011925.1
596317	Staphylococcus_epidermidis_SK135	GCF_000177115.1
1327991	Staphylococcus_epidermidis_UC7032	GCF_000410915.1
904317	Staphylococcus_epidermidis_VCU028	GCF_000205405.1
904319	Staphylococcus_epidermidis_VCU037	GCF_000221705.1
904320	Staphylococcus_epidermidis_VCU041	GCF_000245635.1
904321	Staphylococcus_epidermidis_VCU045	GCF_000205425.1
904324	Staphylococcus_epidermidis_VCU065	GCF_000245675.1
904325	Staphylococcus_epidermidis_VCU071	GCF_000260295.1
904326	Staphylococcus_epidermidis_VCU081	GCF_000245695.1
904328	Staphylococcus_epidermidis_VCU105	GCF_000221685.1
904330	Staphylococcus_epidermidis_VCU109	GCF_000221665.1
904335	Staphylococcus_epidermidis_VCU117	GCF_000247025.1
904336	Staphylococcus_epidermidis_VCU118	GCF_000247045.1
904337	Staphylococcus_epidermidis_VCU120	GCF_000247065.1
904340	Staphylococcus_epidermidis_VCU123	GCF_000247105.1
904341	Staphylococcus_epidermidis_VCU125	GCF_000247125.1
904342	Staphylococcus_epidermidis_VCU126	GCF_000247145.1
904343	Staphylococcus_epidermidis_VCU127	GCF_000247165.1
904344	Staphylococcus_epidermidis_VCU128	GCF_000247185.1
904345	Staphylococcus_epidermidis_VCU129	GCF_000247205.1
904347	Staphylococcus_epidermidis_VCU144	GCF_000205325.1
525376	Staphylococcus_epidermidis_W23144	GCF_000160235.1
1159488	Staphylococcus_equorum_subsp_equorum_Mu2	GCF_000297455.1
279808	Staphylococcus_haemolyticus_JCSC1435	GCF_000009865.1
1134914	Staphylococcus_haemolyticus_R1P1	GCF_000261465.1
629742	Staphylococcus_hominis_SK119	GCF_000174735.1
435837	Staphylococcus_hominis_subsp_hominis_C80	GCF_000183685.1
1185421	Staphylococcus_hominis_subsp_hominis_ZBW5	GCF_000269685.1
904339	Staphylococcus_hominis_VCU122	GCF_000247085.1
1141106	Staphylococcus_intermedius_NCTC_11048	GCF_900458545.1
42858	Staphylococcus_lentus_ERR2221130	
883164	Staphylococcus_lugdunensis_ACS_027_V_Sch2	GCF_000316075.2
698737	Staphylococcus_lugdunensis_HKU09_01	GCF_000025085.1
525377	Staphylococcus_lugdunensis_M23590	GCF_000185485.1
1034809	Staphylococcus_lugdunensis_N920143	GCF_000270465.1
904346	Staphylococcus_lugdunensis_VCU139	GCF_000247225.1
214473	Staphylococcus_nepalensis_ERR2221195	
45972	Staphylococcus_pasteuri_BAB3	GCF_000981155.1
1276282	Staphylococcus_pasteuri_SP1	GCF_000494875.1
904314	Staphylococcus_pettenkoferi_VCU012	GCF_000260275.1
984892	Staphylococcus_pseudintermedius_ED99	GCF_000189495.1
937773	Staphylococcus_pseudintermedius_HKU10_03	GCF_000185885.1
342451	Staphylococcus_saprophyticus_subsp_saprophyticus_ATCC_15305	GCF_006094355.1
1131257	Staphylococcus_saprophyticus_subsp_saprophyticus_KACC_16562	GCF_000251125.1
147467	Staphylococcus_sciuri_subsp_sciuri_DSM_20345	GCF_001046995.1
1232666	Staphylococcus_sciuri_subsp_sciuri_Z8	GCF_000612145.1
883166	Staphylococcus_simulans_ACS_120_V_Sch1	GCF_000314755.2
1078083	Staphylococcus_sp_HGB0015	GCF_000411275.1
61015	Staphylococcus_succinus_SNUC_1280	GCF_003041435.1
201828	Staphylococcus_succinus_subsp_casei_DSM_15096	GCF_002902445.1
224030	Staphylococcus_succinus_subsp_succinus_DSM_14617	GCF_001006765.1
1167632	Staphylococcus_vitulinus_F1028	GCF_000286335.1
596319	Staphylococcus_warneri_L37603	GCF_000175175.1
1194526	Staphylococcus_warneri_SG1	GCF_000332735.1
1353979	Staphylococcus_xylosus_DMB3_Bh1	GCF_000467225.1
1288	Staphylococcus_xylosus_ERR2221122	
1288	Staphylococcus_xylosus_ERR2221131	
1262650	Staphylococcus_xylosus_NJ	GCF_000338275.1
1183154	Stenotrophomonas_maltophilia_Ab55555	GCF_000287935.1
1279018	Stenotrophomonas_maltophilia_ATCC_19867	GCF_000382065.1
1235458	Stenotrophomonas_maltophilia_AU12_09	GCF_000346445.1
1163399	Stenotrophomonas_maltophilia_D457	GCF_000284595.1
1190567	Stenotrophomonas_maltophilia_EPM1	GCF_000344215.1
40324	Stenotrophomonas_maltophilia_ISMMS3	GCF_001274595.1
522373	Stenotrophomonas_maltophilia_K279a	GCF_000072485.1
1118235	Stenotrophomonas_maltophilia_PML168	GCF_000308335.1
391008	Stenotrophomonas_maltophilia_R551_3	GCF_000020665.1
1095923	Stenotrophomonas_maltophilia_RR_10	GCF_000237025.1
1255680	Stenotrophomonas_rhizophila_PCA13	GCF_001704155.1
796942	Stomatobaculum_longum_ACC2	GCF_000242235.1
1211844	Stoquefichus_massiliensis_AP9	GCF_000455285.1
1309806	Streptococcus_agalactiae_09mas018883	GCF_000427035.1
208435	Streptococcus_agalactiae_2603V_R	GCF_000007265.1
205921	Streptococcus_agalactiae_A909	GCF_000012705.1
1154833	Streptococcus_agalactiae_BSU108	GCF_000290015.1
1105233	Streptococcus_agalactiae_BSU133	GCF_000311405.1
1154831	Streptococcus_agalactiae_BSU165	GCF_000289975.1
1154834	Streptococcus_agalactiae_BSU167	GCF_000289095.1
1105234	Streptococcus_agalactiae_BSU174	GCF_000310625.1
1154829	Streptococcus_agalactiae_BSU178	GCF_000289075.1
1154827	Streptococcus_agalactiae_BSU247	GCF_000289895.1
1105279	Streptococcus_agalactiae_BSU248	GCF_000311685.1
1105277	Streptococcus_agalactiae_BSU252	GCF_000310865.1
1105281	Streptococcus_agalactiae_BSU253	GCF_000311705.1
1105231	Streptococcus_agalactiae_BSU260	GCF_000311365.1
1154826	Streptococcus_agalactiae_BSU442	GCF_000289055.1
1105280	Streptococcus_agalactiae_BSU447	GCF_000310885.1
1154825	Streptococcus_agalactiae_BSU450	GCF_000289035.1
1105232	Streptococcus_agalactiae_BSU451	GCF_000311385.1
1105278	Streptococcus_agalactiae_BSU454	GCF_000311665.1
1154832	Streptococcus_agalactiae_BSU92	GCF_000289995.1
1154830	Streptococcus_agalactiae_BSU96	GCF_000289955.1
1105253	Streptococcus_agalactiae_CCUG_17336	GCF_000311185.1
1154807	Streptococcus_agalactiae_CCUG_19094	GCF_000288675.1
1154808	Streptococcus_agalactiae_CCUG_24810	GCF_000288695.1
1154809	Streptococcus_agalactiae_CCUG_25532	GCF_000288715.1
1105254	Streptococcus_agalactiae_CCUG_28551	GCF_000310585.1
1105255	Streptococcus_agalactiae_CCUG_29376	GCF_000311525.1
1105256	Streptococcus_agalactiae_CCUG_29782	GCF_000310485.1
1105257	Streptococcus_agalactiae_CCUG_30636	GCF_000311545.1
1154810	Streptococcus_agalactiae_CCUG_37430	GCF_000288735.1
1105258	Streptococcus_agalactiae_CCUG_37736	GCF_000310605.1
1154811	Streptococcus_agalactiae_CCUG_37737	GCF_000288755.1
1154812	Streptococcus_agalactiae_CCUG_37738	GCF_000288775.1
1105259	Streptococcus_agalactiae_CCUG_37739	GCF_000311565.1
1105260	Streptococcus_agalactiae_CCUG_37740	GCF_000311005.1
1154813	Streptococcus_agalactiae_CCUG_37741	GCF_000288795.1
1154814	Streptococcus_agalactiae_CCUG_37742	GCF_000288815.1
1154815	Streptococcus_agalactiae_CCUG_38383	GCF_000288835.1
1154816	Streptococcus_agalactiae_CCUG_39096_A	GCF_000288855.1
1105261	Streptococcus_agalactiae_CCUG_44050	GCF_000311205.1
1105262	Streptococcus_agalactiae_CCUG_44074	GCF_000310505.1
1154817	Streptococcus_agalactiae_CCUG_44077	GCF_000288875.1
1105264	Streptococcus_agalactiae_CCUG_44110	GCF_000310525.1
1105265	Streptococcus_agalactiae_CCUG_44140	GCF_000311585.1
1105266	Streptococcus_agalactiae_CCUG_44186	GCF_000311245.1
1105267	Streptococcus_agalactiae_CCUG_45061	GCF_000311605.1
1105268	Streptococcus_agalactiae_CCUG_47293	GCF_000310765.1
1105269	Streptococcus_agalactiae_CCUG_49072	GCF_000311625.1
1105270	Streptococcus_agalactiae_CCUG_49086	GCF_000311645.1
1154818	Streptococcus_agalactiae_CCUG_49087	GCF_000288895.1
1105271	Streptococcus_agalactiae_CCUG_49100	GCF_000310785.1
1105252	Streptococcus_agalactiae_CCUG_91	GCF_000311165.1
342617	Streptococcus_agalactiae_CJB111	GCF_000167755.1
1311	Streptococcus_agalactiae_ERR2221173	
1311	Streptococcus_agalactiae_ERR2221321	
1154771	Streptococcus_agalactiae_FSL_C1_487	GCF_000310285.1
1154783	Streptococcus_agalactiae_FSL_C1_494	GCF_000289755.1
1154803	Streptococcus_agalactiae_FSL_F2_338	GCF_000322625.1
1154800	Streptococcus_agalactiae_FSL_F2_343	GCF_000289875.1
1154805	Streptococcus_agalactiae_FSL_S3_001	GCF_000311505.1
1154806	Streptococcus_agalactiae_FSL_S3_003	GCF_000289915.1
1154804	Streptococcus_agalactiae_FSL_S3_005	GCF_000310465.1
1154797	Streptococcus_agalactiae_FSL_S3_014	GCF_000310745.1
1154794	Streptococcus_agalactiae_FSL_S3_023	GCF_000311465.1
876138	Streptococcus_agalactiae_FSL_S3_026	GCF_000310565.1
1154779	Streptococcus_agalactiae_FSL_S3_034	GCF_000322565.1
1154774	Streptococcus_agalactiae_FSL_S3_062	GCF_000322745.1
1154796	Streptococcus_agalactiae_FSL_S3_090	GCF_000310725.1
1154798	Streptococcus_agalactiae_FSL_S3_102	GCF_000310445.1
1154782	Streptococcus_agalactiae_FSL_S3_105	GCF_000311105.1
1154791	Streptococcus_agalactiae_FSL_S3_128	GCF_000323165.1
1154801	Streptococcus_agalactiae_FSL_S3_137	GCF_000311485.1
1154792	Streptococcus_agalactiae_FSL_S3_170	GCF_000289835.1
1154780	Streptococcus_agalactiae_FSL_S3_222	GCF_000323105.1
1154802	Streptococcus_agalactiae_FSL_S3_268	GCF_000311145.1
1154781	Streptococcus_agalactiae_FSL_S3_277	GCF_000289775.1
1154795	Streptococcus_agalactiae_FSL_S3_337	GCF_000289855.1
1154776	Streptococcus_agalactiae_FSL_S3_586	GCF_000310365.1
1154789	Streptococcus_agalactiae_FSL_S3_603	GCF_000289815.1
1154778	Streptococcus_agalactiae_FSL_S3_608	GCF_000322785.1
1154773	Streptococcus_agalactiae_FSL_S3_654	GCF_000322825.1
1154891	Streptococcus_agalactiae_GB00002	GCF_000289475.1
1154892	Streptococcus_agalactiae_GB00003	GCF_000288155.1
1154893	Streptococcus_agalactiae_GB00012	GCF_000288135.1
1154894	Streptococcus_agalactiae_GB00013	GCF_000288095.1
1154895	Streptococcus_agalactiae_GB00018	GCF_000288115.1
1154896	Streptococcus_agalactiae_GB00020	GCF_000288235.1
1154897	Streptococcus_agalactiae_GB00082	GCF_000288215.1
1154898	Streptococcus_agalactiae_GB00083	GCF_000288255.1
1154899	Streptococcus_agalactiae_GB00084	GCF_000290035.1
1154900	Streptococcus_agalactiae_GB00092	GCF_000290055.1
1154901	Streptococcus_agalactiae_GB00097	GCF_000289495.1
1154902	Streptococcus_agalactiae_GB00111	GCF_000290075.1
1178526	Streptococcus_agalactiae_GB00112	GCF_000291585.1
1154903	Streptococcus_agalactiae_GB00115	GCF_000290095.1
1154904	Streptococcus_agalactiae_GB00174	GCF_000290115.1
1154905	Streptococcus_agalactiae_GB00190	GCF_000290135.1
1154906	Streptococcus_agalactiae_GB00202	GCF_000289515.1
1154907	Streptococcus_agalactiae_GB00206	GCF_000289535.1
1154908	Streptococcus_agalactiae_GB00219	GCF_000289555.1
1154909	Streptococcus_agalactiae_GB00226	GCF_000288195.1
1154910	Streptococcus_agalactiae_GB00241	GCF_000288175.1
1154911	Streptococcus_agalactiae_GB00245	GCF_000288335.1
1154912	Streptococcus_agalactiae_GB00247	GCF_000288275.1
1154913	Streptococcus_agalactiae_GB00264	GCF_000288315.1
1154914	Streptococcus_agalactiae_GB00279	GCF_000288355.1
1154915	Streptococcus_agalactiae_GB00300	GCF_000289575.1
1154916	Streptococcus_agalactiae_GB00535	GCF_000290155.1
1154917	Streptococcus_agalactiae_GB00543	GCF_000290175.1
1154918	Streptococcus_agalactiae_GB00548	GCF_000290195.1
1154919	Streptococcus_agalactiae_GB00555	GCF_000290235.1
1154920	Streptococcus_agalactiae_GB00557	GCF_000290255.1
1154921	Streptococcus_agalactiae_GB00561	GCF_000290275.1
1154922	Streptococcus_agalactiae_GB00588	GCF_000290295.1
1154923	Streptococcus_agalactiae_GB00601	GCF_000290315.1
1154924	Streptococcus_agalactiae_GB00614	GCF_000290335.1
1154925	Streptococcus_agalactiae_GB00640	GCF_000290355.1
1154926	Streptococcus_agalactiae_GB00651	GCF_000290375.1
1154927	Streptococcus_agalactiae_GB00653	GCF_000290415.1
1154928	Streptococcus_agalactiae_GB00654	GCF_000290395.1
1154929	Streptococcus_agalactiae_GB00663	GCF_000290435.1
1154930	Streptococcus_agalactiae_GB00679	GCF_000290475.1
1154931	Streptococcus_agalactiae_GB00864	GCF_000290455.1
1154932	Streptococcus_agalactiae_GB00865	GCF_000290495.1
1154933	Streptococcus_agalactiae_GB00867	GCF_000289595.1
1154934	Streptococcus_agalactiae_GB00874	GCF_000289615.1
1154935	Streptococcus_agalactiae_GB00884	GCF_000289635.1
1154936	Streptococcus_agalactiae_GB00887	GCF_000289655.1
1154937	Streptococcus_agalactiae_GB00888	GCF_000289675.1
1154938	Streptococcus_agalactiae_GB00891	GCF_000290215.1
1154939	Streptococcus_agalactiae_GB00893	GCF_000290515.1
1154943	Streptococcus_agalactiae_GB00900	GCF_000322865.1
1154944	Streptococcus_agalactiae_GB00901	GCF_000288295.1
1154945	Streptococcus_agalactiae_GB00904	GCF_000288375.1
1154946	Streptococcus_agalactiae_GB00909	GCF_000288415.1
1154947	Streptococcus_agalactiae_GB00911	GCF_000288395.1
1154948	Streptococcus_agalactiae_GB00914	GCF_000288455.1
1154949	Streptococcus_agalactiae_GB00919	GCF_000322485.1
1154950	Streptococcus_agalactiae_GB00922	GCF_000288435.1
1154951	Streptococcus_agalactiae_GB00923	GCF_000288475.1
1154952	Streptococcus_agalactiae_GB00924	GCF_000288495.1
1154953	Streptococcus_agalactiae_GB00929	GCF_000288515.1
1154954	Streptococcus_agalactiae_GB00932	GCF_000288535.1
1154955	Streptococcus_agalactiae_GB00933	GCF_000288555.1
1154959	Streptococcus_agalactiae_GB00954	GCF_000322645.1
1154960	Streptococcus_agalactiae_GB00955	GCF_000288595.1
1154963	Streptococcus_agalactiae_GB00963	GCF_000322945.1
1154964	Streptococcus_agalactiae_GB00965	GCF_000322665.1
1154965	Streptococcus_agalactiae_GB00975	GCF_000288635.1
1154966	Streptococcus_agalactiae_GB00984	GCF_000288655.1
1154967	Streptococcus_agalactiae_GB00986	GCF_000289715.1
1154969	Streptococcus_agalactiae_GB00999	GCF_000322505.1
1203670	Streptococcus_agalactiae_GD201008_001	GCF_000299135.1
1309807	Streptococcus_agalactiae_ILRI005	GCF_000427075.1
1318615	Streptococcus_agalactiae_ILRI112	GCF_000427055.1
1266067	Streptococcus_agalactiae_LADL_05_108a	GCF_000347395.1
1266066	Streptococcus_agalactiae_LADL_90_503	GCF_000344905.1
1154859	Streptococcus_agalactiae_LMG_14609	GCF_000289295.1
1154861	Streptococcus_agalactiae_LMG_14838	GCF_000287995.1
1105272	Streptococcus_agalactiae_LMG_15081	GCF_000310805.1
1105273	Streptococcus_agalactiae_LMG_15083	GCF_000310825.1
1105274	Streptococcus_agalactiae_LMG_15084	GCF_000310845.1
1154819	Streptococcus_agalactiae_LMG_15085	GCF_000288915.1
1105275	Streptococcus_agalactiae_LMG_15089	GCF_000311265.1
1105276	Streptococcus_agalactiae_LMG_15090	GCF_000310545.1
1154820	Streptococcus_agalactiae_LMG_15091	GCF_000288935.1
1154821	Streptococcus_agalactiae_LMG_15092	GCF_000288955.1
1154823	Streptococcus_agalactiae_LMG_15094	GCF_000288995.1
1154824	Streptococcus_agalactiae_LMG_15095	GCF_000289015.1
1154863	Streptococcus_agalactiae_MRI_Z1_012	GCF_000289315.1
1154864	Streptococcus_agalactiae_MRI_Z1_022	GCF_000310685.1
1154865	Streptococcus_agalactiae_MRI_Z1_023	GCF_000311425.1
1154867	Streptococcus_agalactiae_MRI_Z1_025	GCF_000310945.1
1154868	Streptococcus_agalactiae_MRI_Z1_035	GCF_000310705.1
1154869	Streptococcus_agalactiae_MRI_Z1_038	GCF_000289355.1
1154835	Streptococcus_agalactiae_MRI_Z1_198	GCF_000310645.1
1154836	Streptococcus_agalactiae_MRI_Z1_199	GCF_000310665.1
1154837	Streptococcus_agalactiae_MRI_Z1_200	GCF_000322525.1
1154838	Streptococcus_agalactiae_MRI_Z1_201	GCF_000322545.1
1154839	Streptococcus_agalactiae_MRI_Z1_202	GCF_000322985.1
1154840	Streptococcus_agalactiae_MRI_Z1_203	GCF_000322705.1
1154841	Streptococcus_agalactiae_MRI_Z1_204	GCF_000323005.1
1154842	Streptococcus_agalactiae_MRI_Z1_205	GCF_000323025.1
1154843	Streptococcus_agalactiae_MRI_Z1_206	GCF_000322725.1
1154874	Streptococcus_agalactiae_MRI_Z1_211	GCF_000287955.1
1154875	Streptococcus_agalactiae_MRI_Z1_212	GCF_000288015.1
1154876	Streptococcus_agalactiae_MRI_Z1_213	GCF_000289375.1
1154877	Streptococcus_agalactiae_MRI_Z1_214	GCF_000289395.1
1154878	Streptococcus_agalactiae_MRI_Z1_215	GCF_000311305.1
1154879	Streptococcus_agalactiae_MRI_Z1_216	GCF_000289415.1
1154880	Streptococcus_agalactiae_MRI_Z1_217	GCF_000311325.1
1154881	Streptococcus_agalactiae_MRI_Z1_218	GCF_000322845.1
1154882	Streptococcus_agalactiae_MRI_Z1_219	GCF_000310385.1
211110	Streptococcus_agalactiae_NEM316	GCF_000196055.1
1279012	Streptococcus_agalactiae_PR06	GCF_000372605.1
1231389	Streptococcus_agalactiae_SA20_06	GCF_000302475.2
1266070	Streptococcus_agalactiae_SS1014	GCF_000347415.1
1266068	Streptococcus_agalactiae_SS1218	GCF_000367385.1
1265684	Streptococcus_agalactiae_SS1219	GCF_000347375.1
1154844	Streptococcus_agalactiae_STIR_CD_01	GCF_000323045.1
1154846	Streptococcus_agalactiae_STIR_CD_09	GCF_000289115.1
1154848	Streptococcus_agalactiae_STIR_CD_14	GCF_000310305.1
1097670	Streptococcus_agalactiae_STIR_CD_17	GCF_000295815.1
1154849	Streptococcus_agalactiae_STIR_CD_21	GCF_000289155.1
1154850	Streptococcus_agalactiae_STIR_CD_22	GCF_000289175.1
1154851	Streptococcus_agalactiae_STIR_CD_23	GCF_000289195.1
1154852	Streptococcus_agalactiae_STIR_CD_24	GCF_000289215.1
1154854	Streptococcus_agalactiae_STIR_CD_26	GCF_000310325.1
1154855	Streptococcus_agalactiae_STIR_CD_27	GCF_000289235.1
1154856	Streptococcus_agalactiae_STIR_CD_28	GCF_000289255.1
1154857	Streptococcus_agalactiae_STIR_CD_29	GCF_000322765.1
1105236	Streptococcus_agalactiae_str_Gottschalk_1002A	GCF_000310405.1
1154888	Streptococcus_agalactiae_str_Gottschalk_1003A	GCF_000288075.1
1105238	Streptococcus_agalactiae_str_Gottschalk_13227	GCF_000311085.1
1105239	Streptococcus_agalactiae_str_Gottschalk_2864	GCF_000310905.1
1105240	Streptococcus_agalactiae_str_Gottschalk_31825	GCF_000311445.1
1154890	Streptococcus_agalactiae_str_Gottschalk_992B	GCF_000289455.1
1105241	Streptococcus_agalactiae_str_Gottschalk_998A	GCF_000310965.1
1105242	Streptococcus_agalactiae_str_Gottschalk_999B	GCF_000310985.1
1156939	Streptococcus_agalactiae_ZQ0910	GCF_000264975.1
742820	Streptococcus_anginosus_1_2_62CV	GCF_000186545.1
1095729	Streptococcus_anginosus_CCUG_39159	GCF_000257765.1
1328	Streptococcus_anginosus_ERR2221320	
706437	Streptococcus_anginosus_F0211	GCF_000184365.1
1161422	Streptococcus_anginosus_SK1138	GCF_000287595.1
1000570	Streptococcus_anginosus_SK52	GCF_000474055.1
888833	Streptococcus_australis_ATCC_700641	GCF_000222745.1
113107	Streptococcus_australis_ERR2221360	
864569	Streptococcus_bovis_ATCC_700338	GCF_000146405.1
1095730	Streptococcus_constellatus_subsp_constellatus_SK53	GCF_000474075.1
1035184	Streptococcus_constellatus_subsp_pharyngis_SK1060	GCF_000474135.1
889201	Streptococcus_cristatus_ATCC_51100	GCF_000222765.1
45634	Streptococcus_cristatus_LRIIBV4	GCF_001589115.1
747656	Streptococcus_danieliae_NM51_B2_22	
904293	Streptococcus_downei_F0415	GCF_000180055.1
764290	Streptococcus_downei_MFe28	GCF_900459175.1
663952	Streptococcus_dysgalactiae_subsp_dysgalactiae_ATCC_27957	GCF_000188315.1
759913	Streptococcus_dysgalactiae_subsp_equisimilis_AC_2713	GCF_000317855.1
663954	Streptococcus_dysgalactiae_subsp_equisimilis_ATCC_12394	GCF_000188715.1
486410	Streptococcus_dysgalactiae_subsp_equisimilis_GGS_124	GCF_000010705.1
617121	Streptococcus_dysgalactiae_subsp_equisimilis_RE378	GCF_000307185.1
1005706	Streptococcus_dysgalactiae_subsp_equisimilis_SK1250	GCF_000221105.1
553482	Streptococcus_equi_subsp_equi_4047	GCF_000026585.1
1051072	Streptococcus_equi_subsp_zooepidemicus_ATCC_35246	GCF_000219765.1
681573	Streptococcus_equi_subsp_zooepidemicus_BHS5	GCF_000208725.1
552526	Streptococcus_equi_subsp_zooepidemicus_MGCS10565	GCF_000020765.1
525379	Streptococcus_equinus_ATCC_9812	GCF_000187265.1
981539	Streptococcus_gallolyticus_subsp_gallolyticus_ATCC_43143	GCF_000270145.1
990317	Streptococcus_gallolyticus_subsp_gallolyticus_ATCC_BAA_2069	GCF_000203195.1
545774	Streptococcus_gallolyticus_subsp_gallolyticus_TX20005	GCF_000146525.1
637909	Streptococcus_gallolyticus_UCN34	GCF_000027185.1
467705	Streptococcus_gordonii_str_Challis_substr_CH1	GCF_000017005.1
471872	Streptococcus_infantarius_subsp_infantarius_ATCC_BAA_102	GCF_000154985.1
1069533	Streptococcus_infantarius_subsp_infantarius_CJ18	GCF_000246835.1
889204	Streptococcus_infantis_ATCC_700779	GCF_000260755.1
1005705	Streptococcus_infantis_SK1076	GCF_000215385.1
1035189	Streptococcus_infantis_SK970	GCF_000223255.1
997830	Streptococcus_infantis_X	GCF_000223335.1
1095731	Streptococcus_intermedius_ATCC_27335	GCF_000413475.1
1248420	Streptococcus_intermedius_BA1	GCF_000313655.1
857292	Streptococcus_intermedius_F0395	GCF_000234015.1
883167	Streptococcus_intermedius_F0413	GCF_000234035.1
591365	Streptococcus_intermedius_JTH08	GCF_000306805.1
1076934	Streptococcus_lutetiensis_033	GCF_000441535.1
150055	Streptococcus_lutetiensis_ERR2230054	
1255612	Streptococcus_macedonicus_679	GCF_900094105.1
1116231	Streptococcus_macedonicus_ACA_DC_198	GCF_000283635.1
1123307	Streptococcus_massiliensis_DSM_18628	GCF_000380065.1
1239792	Streptococcus_mitis_11_5	GCF_000385815.1
1239793	Streptococcus_mitis_13_39	GCF_000385835.1
864567	Streptococcus_mitis_ATCC_6249	GCF_000146585.1
365659	Streptococcus_mitis_B6	GCF_000027165.1
768726	Streptococcus_mitis_bv_2_str_F0392	GCF_000221165.1
1000588	Streptococcus_mitis_bv_2_str_SK95	GCF_000222705.1
246201	Streptococcus_mitis_NCTC_12261	GCF_000148585.2
1008452	Streptococcus_mitis_SK1073	GCF_000220045.1
1008453	Streptococcus_mitis_SK1080	GCF_000220085.1
585202	Streptococcus_mitis_SK321	GCF_000148505.1
585203	Streptococcus_mitis_SK564	GCF_000148525.1
1035187	Streptococcus_mitis_SK569	GCF_000222785.1
1095736	Streptococcus_mitis_SK575	GCF_000257865.1
1095737	Streptococcus_mitis_SK579	GCF_000257905.1
1095735	Streptococcus_mitis_SK616	GCF_000257805.1
1159208	Streptococcus_mitis_SPAR10	GCF_000279535.1
857155	Streptococcus_mutans_11A1	GCF_000339695.1
857147	Streptococcus_mutans_11SSST2	GCF_000339715.1
857113	Streptococcus_mutans_14D	GCF_000339515.1
857152	Streptococcus_mutans_15JP3	GCF_000339155.1
857145	Streptococcus_mutans_15VF2	GCF_000339235.1
857151	Streptococcus_mutans_1SM1	GCF_000339655.1
857112	Streptococcus_mutans_21	GCF_000339535.1
857107	Streptococcus_mutans_24	GCF_000340155.1
857148	Streptococcus_mutans_2ST1	GCF_000339195.1
857144	Streptococcus_mutans_2VS1	GCF_000339735.1
857149	Streptococcus_mutans_3SN1	GCF_000339675.1
857150	Streptococcus_mutans_4SM1	GCF_000339175.1
857146	Streptococcus_mutans_4VF1	GCF_000339215.1
1257037	Streptococcus_mutans_5DC8	GCF_000347795.1
857142	Streptococcus_mutans_5SM3	GCF_000339275.1
857111	Streptococcus_mutans_66_2A	GCF_000340115.1
857153	Streptococcus_mutans_8ID3	GCF_000339595.1
857136	Streptococcus_mutans_A19	GCF_000339775.1
857139	Streptococcus_mutans_A9	GCF_000339315.1
1257040	Streptococcus_mutans_AC4446	GCF_000347855.1
1257041	Streptococcus_mutans_ATCC_25175	GCF_000347875.1
857110	Streptococcus_mutans_B	GCF_000339555.1
1123310	Streptococcus_mutans_DSM_20523	GCF_000375505.1
1309	Streptococcus_mutans_ERR2221174	
1309	Streptococcus_mutans_ERR2221288	
857134	Streptococcus_mutans_G123	GCF_000339815.1
1198676	Streptococcus_mutans_GS_5	GCF_000271865.1
1257038	Streptococcus_mutans_KK21	GCF_000347815.1
1257039	Streptococcus_mutans_KK23	GCF_000347835.1
857133	Streptococcus_mutans_M21	GCF_000339835.1
857100	Streptococcus_mutans_M230	GCF_000339135.1
857126	Streptococcus_mutans_M2A	GCF_000339935.1
857138	Streptococcus_mutans_N29	GCF_000339335.1
857125	Streptococcus_mutans_N3209	GCF_000339955.1
857131	Streptococcus_mutans_N34	GCF_000339855.1
857124	Streptococcus_mutans_N66	GCF_000339975.1
1257042	Streptococcus_mutans_NCTC_11060	GCF_000347895.1
857130	Streptococcus_mutans_NFSM1	GCF_000339395.1
857141	Streptococcus_mutans_NFSM2	GCF_000339295.1
857114	Streptococcus_mutans_NLML1	GCF_000340075.1
857129	Streptococcus_mutans_NLML4	GCF_000339875.1
857128	Streptococcus_mutans_NLML5	GCF_000339895.1
857115	Streptococcus_mutans_NLML8	GCF_000339495.1
857127	Streptococcus_mutans_NLML9	GCF_000339915.1
857137	Streptococcus_mutans_NMT4863	GCF_000339355.1
511691	Streptococcus_mutans_NN2025	GCF_000091645.1
857123	Streptococcus_mutans_NV1996	GCF_000339415.1
857140	Streptococcus_mutans_NVAB	GCF_000339755.1
857099	Streptococcus_mutans_OMZ175	GCF_000339635.1
857101	Streptococcus_mutans_R221	GCF_000339115.1
857105	Streptococcus_mutans_S1B	GCF_000339055.1
857104	Streptococcus_mutans_SA38	GCF_000339615.1
857103	Streptococcus_mutans_SA41	GCF_000339075.1
857121	Streptococcus_mutans_SF1	GCF_000340015.1
857102	Streptococcus_mutans_SF12	GCF_000339095.1
857120	Streptococcus_mutans_SF14	GCF_000339435.1
857108	Streptococcus_mutans_SM1	GCF_000339575.1
857109	Streptococcus_mutans_SM4	GCF_000340135.1
857119	Streptococcus_mutans_SM6	GCF_000339455.1
857118	Streptococcus_mutans_ST1	GCF_000340035.1
857117	Streptococcus_mutans_ST6	GCF_000340055.1
857132	Streptococcus_mutans_T4	GCF_000339375.1
1074116	Streptococcus_mutans_TCI_116	GCF_000228825.1
1074119	Streptococcus_mutans_TCI_123	GCF_000228865.1
1074120	Streptococcus_mutans_TCI_125	GCF_000228885.1
1074121	Streptococcus_mutans_TCI_138	GCF_000228905.1
1074123	Streptococcus_mutans_TCI_145	GCF_000228945.1
1074128	Streptococcus_mutans_TCI_152	GCF_000229045.1
1074129	Streptococcus_mutans_TCI_153	GCF_000229065.1
1074135	Streptococcus_mutans_TCI_163	GCF_000229125.1
1074137	Streptococcus_mutans_TCI_169	GCF_000229165.1
1074140	Streptococcus_mutans_TCI_173	GCF_000229205.1
1074144	Streptococcus_mutans_TCI_177	GCF_000229245.1
1074149	Streptococcus_mutans_TCI_191	GCF_000229305.1
1074151	Streptococcus_mutans_TCI_196	GCF_000229325.1
1074160	Streptococcus_mutans_TCI_219	GCF_000229465.1
1074162	Streptococcus_mutans_TCI_222	GCF_000229505.1
1074166	Streptococcus_mutans_TCI_228	GCF_000229585.1
1074167	Streptococcus_mutans_TCI_234	GCF_000229605.1
1074168	Streptococcus_mutans_TCI_239	GCF_000229625.1
1074169	Streptococcus_mutans_TCI_242	GCF_000229645.1
1074170	Streptococcus_mutans_TCI_243	GCF_000229665.1
1074173	Streptococcus_mutans_TCI_249	GCF_000229705.1
1074175	Streptococcus_mutans_TCI_256	GCF_000229725.1
1074179	Streptococcus_mutans_TCI_268	GCF_000229805.1
1074180	Streptococcus_mutans_TCI_278	GCF_000229825.1
1074185	Streptococcus_mutans_TCI_294	GCF_000229925.1
1074190	Streptococcus_mutans_TCI_30	GCF_000229965.1
1074092	Streptococcus_mutans_TCI_399	GCF_000229985.1
1074093	Streptococcus_mutans_TCI_400	GCF_000230005.1
1074100	Streptococcus_mutans_TCI_51	GCF_000230025.1
1074102	Streptococcus_mutans_TCI_70	GCF_000230065.1
1074104	Streptococcus_mutans_TCI_75	GCF_000230085.1
1074105	Streptococcus_mutans_TCI_78	GCF_000230105.1
1074106	Streptococcus_mutans_TCI_82	GCF_000230125.1
1074107	Streptococcus_mutans_TCI_85	GCF_000230145.1
1074108	Streptococcus_mutans_TCI_86	GCF_000230165.1
1074109	Streptococcus_mutans_TCI_92	GCF_000230185.1
1074111	Streptococcus_mutans_TCI_96	GCF_000230205.1
857135	Streptococcus_mutans_U138	GCF_000339795.1
857116	Streptococcus_mutans_U2A	GCF_000339475.1
857106	Streptococcus_mutans_U2B	GCF_000340175.1
210007	Streptococcus_mutans_UA159	GCF_000007465.2
857122	Streptococcus_mutans_W6	GCF_000339995.1
1301	Streptococcus_nov_ERR2221358	
655813	Streptococcus_oralis_ATCC_35037	GCF_900637025.1
1303	Streptococcus_oralis_ERR2221353	
1095739	Streptococcus_oralis_SK10	GCF_000257495.1
1095740	Streptococcus_oralis_SK100	GCF_000257475.1
1095738	Streptococcus_oralis_SK1074	GCF_000257845.1
1005704	Streptococcus_oralis_SK255	GCF_000215365.1
1161421	Streptococcus_oralis_SK304	GCF_000287715.1
1035190	Streptococcus_oralis_SK313	GCF_000223235.1
1095741	Streptococcus_oralis_SK610	GCF_000257455.1
1282665	Streptococcus_oralis_subsp_tigurinus_1366	GCF_000344255.1
1333864	Streptococcus_oralis_subsp_tigurinus_2425	GCF_000442155.1
1077464	Streptococcus_oralis_subsp_tigurinus_UC5873_TZ95	GCF_000960105.1
927666	Streptococcus_oralis_Uo5	GCF_000253155.1
760570	Streptococcus_parasanguinis_ATCC_15912	GCF_000164675.2
888048	Streptococcus_parasanguinis_ATCC_903	GCF_000187505.1
1318	Streptococcus_parasanguinis_ERR2221175	
1318	Streptococcus_parasanguinis_ERR2221190	
905067	Streptococcus_parasanguinis_F0405	GCF_000180035.1
1114965	Streptococcus_parasanguinis_FW213	GCF_000262145.1
1035185	Streptococcus_parasanguinis_SK236	GCF_000222725.1
936154	Streptococcus_parauberis_KCTC_11537	GCF_000213825.1
1260132	Streptococcus_parauberis_KCTC_11980BP	GCF_000320985.2
1207545	Streptococcus_parauberis_KRS_02083	GCF_000343855.1
1207544	Streptococcus_parauberis_KRS_02109	GCF_000342505.1
873447	Streptococcus_parauberis_NCFD_2020	GCF_000187935.1
197614	Streptococcus_pasteurianus_651_SPAS_0_477_18720	GCF_001073755.1
981540	Streptococcus_pasteurianus_ATCC_43144	GCF_000270165.1
888746	Streptococcus_peroris_ATCC_700780	GCF_000187585.1
1123313	Streptococcus_pleomorphus_DSM_20574	GCF_000420345.1
1089299	Streptococcus_pneumoniae_1974M1_LZD	GCF_000230355.1
1239791	Streptococcus_pneumoniae_2009	GCF_000385795.1
914129	Streptococcus_pneumoniae_2061376	GCF_000278945.1
914130	Streptococcus_pneumoniae_2061617	GCF_000278985.1
914139	Streptococcus_pneumoniae_2070005	GCF_000278765.1
914131	Streptococcus_pneumoniae_2070035	GCF_000278785.1
914132	Streptococcus_pneumoniae_2070109	GCF_000278825.1
914133	Streptococcus_pneumoniae_2070425	GCF_000278865.1
914142	Streptococcus_pneumoniae_2070531	GCF_000278885.1
914135	Streptococcus_pneumoniae_2071004	GCF_000279005.1
914143	Streptococcus_pneumoniae_2071247	GCF_000279025.1
914136	Streptococcus_pneumoniae_2072047	GCF_000278925.1
914144	Streptococcus_pneumoniae_2080076	GCF_000278965.1
914145	Streptococcus_pneumoniae_2080913	GCF_000279045.1
914137	Streptococcus_pneumoniae_2081074	GCF_000279065.1
914138	Streptococcus_pneumoniae_2081685	GCF_000279085.1
914146	Streptococcus_pneumoniae_2082170	GCF_000279105.1
914148	Streptococcus_pneumoniae_2090008	GCF_000278745.1
216600	Streptococcus_pneumoniae_23F	GCF_001108365.1
760876	Streptococcus_pneumoniae_3063_00	GCF_000233225.1
1238422	Streptococcus_pneumoniae_357	GCF_000385775.1
760864	Streptococcus_pneumoniae_4027_06	GCF_000231985.1
760873	Streptococcus_pneumoniae_4075_00	GCF_000252065.1
497980	Streptococcus_pneumoniae_459_5	GCF_000256665.1
760868	Streptococcus_pneumoniae_5185_06	GCF_000233185.1
760871	Streptococcus_pneumoniae_5652_06	GCF_000252025.1
760866	Streptococcus_pneumoniae_5787_06	GCF_000232305.1
189423	Streptococcus_pneumoniae_670_6B	GCF_000147095.1
760863	Streptococcus_pneumoniae_6901_05	GCF_000232165.1
760865	Streptococcus_pneumoniae_6963_05	GCF_000232325.1
488221	Streptococcus_pneumoniae_70585	GCF_000018965.1
760869	Streptococcus_pneumoniae_7286_06	GCF_000232185.1
760872	Streptococcus_pneumoniae_7533_05	GCF_000252045.1
760870	Streptococcus_pneumoniae_7879_04	GCF_000252005.1
760867	Streptococcus_pneumoniae_8190_05	GCF_000251985.1
574093	Streptococcus_pneumoniae_AP200	GCF_000146975.1
561276	Streptococcus_pneumoniae_ATCC_700669	GCF_000026665.1
512767	Streptococcus_pneumoniae_BS397	GCF_000173215.1
595501	Streptococcus_pneumoniae_BS455	GCF_000177775.1
512768	Streptococcus_pneumoniae_BS457	GCF_000173195.1
512769	Streptococcus_pneumoniae_BS458	GCF_000173175.1
453364	Streptococcus_pneumoniae_CDC0288_04	GCF_000171675.1
453362	Streptococcus_pneumoniae_CDC1873_00	GCF_000171575.1
453365	Streptococcus_pneumoniae_CDC3059_06	GCF_000171695.1
516950	Streptococcus_pneumoniae_CGSP14	GCF_000019985.1
373153	Streptococcus_pneumoniae_D39	GCF_000014365.2
1069625	Streptococcus_pneumoniae_England14_9	GCF_000252225.1
760877	Streptococcus_pneumoniae_EU_NP01	GCF_000233245.1
760878	Streptococcus_pneumoniae_EU_NP02	GCF_000252085.1
760879	Streptococcus_pneumoniae_EU_NP03	GCF_000252105.1
760880	Streptococcus_pneumoniae_EU_NP04	GCF_000252305.1
760881	Streptococcus_pneumoniae_EU_NP05	GCF_000252285.1
512566	Streptococcus_pneumoniae_G54	GCF_000019825.1
760742	Streptococcus_pneumoniae_GA02254	GCF_000251225.1
760743	Streptococcus_pneumoniae_GA02270	GCF_000251245.1
1069626	Streptococcus_pneumoniae_GA02506	GCF_000252205.1
760744	Streptococcus_pneumoniae_GA02714	GCF_000251265.1
760745	Streptococcus_pneumoniae_GA04175	GCF_000251285.1
1069624	Streptococcus_pneumoniae_GA04216	GCF_000279475.1
760746	Streptococcus_pneumoniae_GA04375	GCF_000194885.1
1069627	Streptococcus_pneumoniae_GA04672	GCF_000279495.1
760748	Streptococcus_pneumoniae_GA05245	GCF_000251325.1
760749	Streptococcus_pneumoniae_GA05248	GCF_000251345.1
1069623	Streptococcus_pneumoniae_GA05578	GCF_000252245.1
760750	Streptococcus_pneumoniae_GA06083	GCF_000251365.1
760754	Streptococcus_pneumoniae_GA07228	GCF_000233265.1
760755	Streptococcus_pneumoniae_GA07643	GCF_000232445.1
760756	Streptococcus_pneumoniae_GA07914	GCF_000251385.1
760758	Streptococcus_pneumoniae_GA08780	GCF_000233285.1
1069628	Streptococcus_pneumoniae_GA08825	GCF_000252185.1
760763	Streptococcus_pneumoniae_GA11304	GCF_000232465.1
760764	Streptococcus_pneumoniae_GA11426	GCF_000232485.1
760767	Streptococcus_pneumoniae_GA13224	GCF_000251425.1
760769	Streptococcus_pneumoniae_GA13338	GCF_000232525.1
760770	Streptococcus_pneumoniae_GA13430	GCF_000251445.1
760771	Streptococcus_pneumoniae_GA13455	GCF_000232545.1
760772	Streptococcus_pneumoniae_GA13494	GCF_000232565.1
760775	Streptococcus_pneumoniae_GA13856	GCF_000232605.1
760776	Streptococcus_pneumoniae_GA14373	GCF_000251485.1
760777	Streptococcus_pneumoniae_GA14688	GCF_000251505.1
760778	Streptococcus_pneumoniae_GA14798	GCF_000232625.1
760779	Streptococcus_pneumoniae_GA16121	GCF_000232645.1
760780	Streptococcus_pneumoniae_GA16242	GCF_000232665.1
760781	Streptococcus_pneumoniae_GA16531	GCF_000232145.1
760785	Streptococcus_pneumoniae_GA17301	GCF_000279575.1
760790	Streptococcus_pneumoniae_GA17328	GCF_000232725.1
760786	Streptococcus_pneumoniae_GA17371	GCF_000232745.1
760787	Streptococcus_pneumoniae_GA17457	GCF_000251525.1
760788	Streptococcus_pneumoniae_GA17484	GCF_000279855.1
886289	Streptococcus_pneumoniae_GA17545	GCF_000211875.1
760791	Streptococcus_pneumoniae_GA17570	GCF_000211895.1
760792	Streptococcus_pneumoniae_GA17719	GCF_000251545.1
760793	Streptococcus_pneumoniae_GA17971	GCF_000232765.1
760794	Streptococcus_pneumoniae_GA18068	GCF_000251565.1
760795	Streptococcus_pneumoniae_GA18523	GCF_000232345.1
760797	Streptococcus_pneumoniae_GA19077	GCF_000232785.1
760798	Streptococcus_pneumoniae_GA19101	GCF_000251585.1
760800	Streptococcus_pneumoniae_GA19690	GCF_000233305.1
760801	Streptococcus_pneumoniae_GA19923	GCF_000251605.1
760803	Streptococcus_pneumoniae_GA40028	GCF_000251625.1
760804	Streptococcus_pneumoniae_GA40183	GCF_000251645.1
760805	Streptococcus_pneumoniae_GA40410	GCF_000251665.1
760806	Streptococcus_pneumoniae_GA40563	GCF_000251685.1
760808	Streptococcus_pneumoniae_GA41277	GCF_000232825.1
760809	Streptococcus_pneumoniae_GA41301	GCF_000211915.1
760810	Streptococcus_pneumoniae_GA41317	GCF_000212555.1
760811	Streptococcus_pneumoniae_GA41410	GCF_000232245.1
760813	Streptococcus_pneumoniae_GA41538	GCF_000232285.1
760814	Streptococcus_pneumoniae_GA41565	GCF_000232865.1
760815	Streptococcus_pneumoniae_GA41688	GCF_000232885.1
760816	Streptococcus_pneumoniae_GA43257	GCF_000251705.1
760817	Streptococcus_pneumoniae_GA43264	GCF_000251725.1
760818	Streptococcus_pneumoniae_GA43265	GCF_000232085.1
760819	Streptococcus_pneumoniae_GA43380	GCF_000232905.1
760820	Streptococcus_pneumoniae_GA44128	GCF_000251745.1
760821	Streptococcus_pneumoniae_GA44194	GCF_000232365.1
760822	Streptococcus_pneumoniae_GA44288	GCF_000232025.1
760823	Streptococcus_pneumoniae_GA44378	GCF_000232385.1
760824	Streptococcus_pneumoniae_GA44386	GCF_000251765.1
760825	Streptococcus_pneumoniae_GA44452	GCF_000232105.1
760826	Streptococcus_pneumoniae_GA44500	GCF_000232225.1
760827	Streptococcus_pneumoniae_GA44511	GCF_000232405.1
760828	Streptococcus_pneumoniae_GA47033	GCF_000232065.1
760829	Streptococcus_pneumoniae_GA47179	GCF_000251785.1
760830	Streptococcus_pneumoniae_GA47210	GCF_000251805.1
760831	Streptococcus_pneumoniae_GA47281	GCF_000232045.1
760832	Streptococcus_pneumoniae_GA47283	GCF_000232925.1
760833	Streptococcus_pneumoniae_GA47360	GCF_000232945.1
760837	Streptococcus_pneumoniae_GA47388	GCF_000232985.1
760860	Streptococcus_pneumoniae_GA47439	GCF_000233005.1
760838	Streptococcus_pneumoniae_GA47461	GCF_000251825.1
760839	Streptococcus_pneumoniae_GA47502	GCF_000231965.1
760840	Streptococcus_pneumoniae_GA47522	GCF_000251845.1
760841	Streptococcus_pneumoniae_GA47562	GCF_000279595.1
760842	Streptococcus_pneumoniae_GA47597	GCF_000251865.1
760843	Streptococcus_pneumoniae_GA47628	GCF_000251885.1
760844	Streptococcus_pneumoniae_GA47688	GCF_000233025.1
760845	Streptococcus_pneumoniae_GA47751	GCF_000233165.1
760846	Streptococcus_pneumoniae_GA47760	GCF_000251905.1
760848	Streptococcus_pneumoniae_GA47794	GCF_000251925.1
760861	Streptococcus_pneumoniae_GA47901	GCF_000212515.1
760850	Streptococcus_pneumoniae_GA47976	GCF_000233065.1
760851	Streptococcus_pneumoniae_GA49138	GCF_000232125.1
760852	Streptococcus_pneumoniae_GA49194	GCF_000251945.1
760854	Streptococcus_pneumoniae_GA49447	GCF_000232265.1
760855	Streptococcus_pneumoniae_GA49542	GCF_000251965.1
760856	Streptococcus_pneumoniae_GA52306	GCF_000233085.1
760858	Streptococcus_pneumoniae_GA52612	GCF_000279225.1
1105115	Streptococcus_pneumoniae_GA54354	GCF_000279715.1
760859	Streptococcus_pneumoniae_GA54644	GCF_000233105.1
1105116	Streptococcus_pneumoniae_GA56113	GCF_000279755.1
1105118	Streptococcus_pneumoniae_GA58581	GCF_000279775.1
1105121	Streptococcus_pneumoniae_GA58771	GCF_000279695.1
1131628	Streptococcus_pneumoniae_GA58981	GCF_000279935.1
1105119	Streptococcus_pneumoniae_GA60080	GCF_000279815.1
1131627	Streptococcus_pneumoniae_GA60132	GCF_000279895.1
1105120	Streptococcus_pneumoniae_GA60190	GCF_000279515.1
1131630	Streptococcus_pneumoniae_GA62331	GCF_000279875.1
1131629	Streptococcus_pneumoniae_GA62681	GCF_000279915.1
697283	Streptococcus_pneumoniae_gamPNI0373	GCF_000299015.1
487214	Streptococcus_pneumoniae_Hungary19A_6	GCF_000019265.1
869269	Streptococcus_pneumoniae_INV104	GCF_000210975.1
869216	Streptococcus_pneumoniae_INV200	GCF_000210935.1
488222	Streptococcus_pneumoniae_JJA	GCF_000018985.1
453366	Streptococcus_pneumoniae_MLV_016	GCF_000171715.1
1315307	Streptococcus_pneumoniae_MNZ11b	GCF_000411715.1
1315308	Streptococcus_pneumoniae_MNZ14	GCF_000411735.1
1315309	Streptococcus_pneumoniae_MNZ37	GCF_000411755.1
1315310	Streptococcus_pneumoniae_MNZ41	GCF_000411775.1
760887	Streptococcus_pneumoniae_NorthCarolina6A_23	GCF_000233325.1
760884	Streptococcus_pneumoniae_NP070	GCF_000232205.1
760882	Streptococcus_pneumoniae_NP112	GCF_000233205.1
760886	Streptococcus_pneumoniae_NP127	GCF_000233145.1
760883	Streptococcus_pneumoniae_NP141	GCF_000252265.1
869215	Streptococcus_pneumoniae_OXC141	GCF_000210955.1
488223	Streptococcus_pneumoniae_P1031	GCF_000019005.1
1159084	Streptococcus_pneumoniae_PCS125219	GCF_000334575.1
1159085	Streptococcus_pneumoniae_PCS70012	GCF_000334595.1
1159081	Streptococcus_pneumoniae_PCS8106	GCF_000334535.1
1159082	Streptococcus_pneumoniae_PCS8203	GCF_000334555.1
1159087	Streptococcus_pneumoniae_PNI0002	GCF_000334635.1
1159088	Streptococcus_pneumoniae_PNI0006	GCF_000334655.1
1159092	Streptococcus_pneumoniae_PNI0010	GCF_000334735.1
1159094	Streptococcus_pneumoniae_PNI0153	GCF_000334775.1
171101	Streptococcus_pneumoniae_R6	GCF_000007045.1
1089300	Streptococcus_pneumoniae_R6M2_PG	GCF_000230335.1
406559	Streptococcus_pneumoniae_SP11_BS70	GCF_000170075.1
497962	Streptococcus_pneumoniae_SP14_BS292	GCF_000173275.1
406561	Streptococcus_pneumoniae_SP18_BS74	GCF_000170115.1
406562	Streptococcus_pneumoniae_SP19_BS75	GCF_000170135.1
453363	Streptococcus_pneumoniae_SP195	GCF_000171655.1
406563	Streptococcus_pneumoniae_SP23_BS72	GCF_000170155.1
406556	Streptococcus_pneumoniae_SP3_BS71	GCF_000170015.1
406557	Streptococcus_pneumoniae_SP6_BS73	GCF_000170035.1
406558	Streptococcus_pneumoniae_SP9_BS68	GCF_000170055.1
1159209	Streptococcus_pneumoniae_SPAR27	GCF_000279615.1
1159211	Streptococcus_pneumoniae_SPAR55	GCF_000279675.1
1159212	Streptococcus_pneumoniae_SPAR95	GCF_000279635.1
869308	Streptococcus_pneumoniae_SPN021198	GCF_000180535.1
869311	Streptococcus_pneumoniae_SPN032672	GCF_000211075.1
869312	Streptococcus_pneumoniae_SPN033038	GCF_000211095.1
869303	Streptococcus_pneumoniae_SPN034156	GCF_000210995.1
869304	Streptococcus_pneumoniae_SPN034183	GCF_000211015.1
869801	Streptococcus_pneumoniae_SPN061370	GCF_000180575.1
869305	Streptococcus_pneumoniae_SPN072838	GCF_000180555.1
869310	Streptococcus_pneumoniae_SPN1041	GCF_000180475.1
869313	Streptococcus_pneumoniae_SPN7465	GCF_000180495.1
869309	Streptococcus_pneumoniae_SPNA45	GCF_000180515.1
1130804	Streptococcus_pneumoniae_ST556	GCF_000251085.2
497738	Streptococcus_pneumoniae_SV35	GCF_000256685.1
497739	Streptococcus_pneumoniae_SV36	GCF_000256645.1
487213	Streptococcus_pneumoniae_Taiwan19F_14	GCF_000019025.1
525381	Streptococcus_pneumoniae_TCH8431_19A	GCF_000196595.1
170187	Streptococcus_pneumoniae_TIGR4	GCF_000006885.1
1054460	Streptococcus_pseudopneumoniae_IS7493	GCF_000221985.1
1235829	Streptococcus_pyogenes_A20	GCF_000307535.1
487215	Streptococcus_pyogenes_Alab49	GCF_000230295.1
864568	Streptococcus_pyogenes_ATCC_10782	GCF_000146715.1
160490	Streptococcus_pyogenes_M1_GAS	GCF_000006785.2
286636	Streptococcus_pyogenes_MGAS10394	GCF_000011665.1
198466	Streptococcus_pyogenes_MGAS315	GCF_000007425.1
186103	Streptococcus_pyogenes_MGAS8232	GCF_000007285.1
370551	Streptococcus_pyogenes_MGAS9429	GCF_000013485.1
193567	Streptococcus_pyogenes_SSI_1	GCF_000011285.1
160491	Streptococcus_pyogenes_str_Manfredo	GCF_000009385.1
1046629	Streptococcus_salivarius_57_I	GCF_000305335.2
1304	Streptococcus_salivarius_DSM_20560	GCF_900143035.1
1304	Streptococcus_salivarius_ERR2221359	
347253	Streptococcus_salivarius_JIM8777	GCF_000253315.1
1200793	Streptococcus_salivarius_K12	GCF_000286295.1
1074494	Streptococcus_salivarius_M18	GCF_000225385.1
1157946	Streptococcus_salivarius_PS4	GCF_000257585.1
596322	Streptococcus_salivarius_SK126	GCF_000174715.1
997356	Streptococcus_sanguinis_ATCC_29667	GCF_000220315.1
888049	Streptococcus_sanguinis_ATCC_49296	GCF_000185265.1
888807	Streptococcus_sanguinis_SK1	GCF_000194945.1
888820	Streptococcus_sanguinis_SK1056	GCF_000212835.1
888821	Streptococcus_sanguinis_SK1057	GCF_000194965.1
888822	Streptococcus_sanguinis_SK1058	GCF_000195125.1
888823	Streptococcus_sanguinis_SK1059	GCF_000212795.1
888824	Streptococcus_sanguinis_SK1087	GCF_000204475.1
888810	Streptococcus_sanguinis_SK115	GCF_000192205.1
888811	Streptococcus_sanguinis_SK150	GCF_000192245.1
888812	Streptococcus_sanguinis_SK160	GCF_000192275.1
888813	Streptococcus_sanguinis_SK330	GCF_000195025.1
888814	Streptococcus_sanguinis_SK340	GCF_000220275.1
888815	Streptococcus_sanguinis_SK353	GCF_000191085.1
888816	Streptococcus_sanguinis_SK355	GCF_000212855.1
388919	Streptococcus_sanguinis_SK36	GCF_000014205.1
888817	Streptococcus_sanguinis_SK405	GCF_000191105.1
888818	Streptococcus_sanguinis_SK408	GCF_000195045.1
888808	Streptococcus_sanguinis_SK49	GCF_000212815.1
888819	Streptococcus_sanguinis_SK678	GCF_000191125.1
888809	Streptococcus_sanguinis_SK72	GCF_000192185.1
888825	Streptococcus_sanguinis_VMC66	GCF_000188275.1
246202	Streptococcus_sobrinus_NIDR_6715_7	GCF_003176795.1
1074053	Streptococcus_sobrinus_TCI_13	GCF_000227805.1
1074054	Streptococcus_sobrinus_TCI_16	GCF_000227825.1
1074055	Streptococcus_sobrinus_TCI_28	GCF_000227845.1
1074056	Streptococcus_sobrinus_TCI_50	GCF_000227865.1
1074057	Streptococcus_sobrinus_TCI_53	GCF_000227885.1
469609	Streptococcus_sp_2_1_36FAA	GCF_000161955.2
1105032	Streptococcus_sp_BS35b	GCF_000286475.1
1169674	Streptococcus_sp_GMD5S	GCF_000298715.2
1203590	Streptococcus_sp_HPH0090	GCF_000411475.1
1156431	Streptococcus_sp_I_G2	GCF_000479335.1
1156433	Streptococcus_sp_I_P16	GCF_000479315.1
1095726	Streptococcus_sp_SK140	GCF_000259525.1
299768	Streptococcus_thermophilus_CNRZ1066	GCF_000011845.1
1051074	Streptococcus_thermophilus_JIM_8232	GCF_000253395.1
322159	Streptococcus_thermophilus_LMD_9	GCF_000014485.1
264199	Streptococcus_thermophilus_LMG_18311	GCF_000011825.1
1187956	Streptococcus_thermophilus_MN_ZLW_002	GCF_000262675.1
767463	Streptococcus_thermophilus_ND03	GCF_000182875.1
1123318	Streptococcus_thoraltensis_DSM_12221	GCF_000380145.1
1852387	Streptococcus_timonensis_CSUR_P2915	GCF_900095845.1
218495	Streptococcus_uberis_0140J	GCF_000009545.1
889206	Streptococcus_vestibularis_ATCC_49124	GCF_000188295.1
904306	Streptococcus_vestibularis_F0396	GCF_000180075.1
1211820	Streptomyces_massiliensis_AP10	GCA_000820785.2
1203592	Streptomyces_sp_HPH0547	GCF_000411495.1
665956	Subdoligranulum_sp_4_3_54A2FAA	GCF_000238635.1
411471	Subdoligranulum_variabile_DSM_15176	GCF_000157955.1
762983	Succinatimonas_hippei_YIT_12066	GCF_000188195.1
40841	Succiniclasticum_ruminis_DSM_11005	GCF_900101645.1
1123323	Succiniclasticum_ruminis_DSM_9236	GCF_900112895.1
1410676	Succinivibrio_dextrinosolvens_H5	GCF_000702045.1
273057	Sulfolobus_solfataricus_P2	GCF_000007005.1
762967	Sutterella_parvirubra_YIT_11816	GCF_000250875.1
742823	Sutterella_wadsworthensis_2_1_59BFAA	GCF_000297775.1
742821	Sutterella_wadsworthensis_3_1_45B	GCF_000186505.1
40545	Sutterella_wadsworthensis_ERR1203961	
40545	Sutterella_wadsworthensis_ERR1204055	
1203554	Sutterella_wadsworthensis_HGA0223	GCF_000411515.1
2754	Synergistes_jonesii_78_1	GCF_001757465.1
457415	Synergistes_sp_3_1_syn1	GCF_000238615.1
56780	Syntrophus_aciditrophicus_SB	GCF_000013405.1
43775	Syntrophus_gentianae_DSM_8423	GCF_900109885.1
28112	Tannerella_forsythia_ATCC_43037	GCF_001006485.1
665949	Tannerella_sp_6_1_58FAA_CT1	GCF_000238695.1
1005995	Tatumella_ptyseos_ATCC_33301	GCF_000735525.1
36841	Terrisporobacter_glycolicus_ERR2221120	
1541	Terrisporobacter_mayombei_ERR2221147	
1505652	Terrisporobacter_nov_ERR2221319	
1522311	Tessaracoccus_massiliensis_SIT6	GCF_000826065.2
290335	Tetragenococcus_koreensis_KCTC_3924	GCF_003795145.1
290335	Tetragenococcus_koreensis_NBRC_106072	GCF_007991535.1
1462525	Thalassobacillus_massiliensis_TM_1	GCF_001368835.1
340099	Thermoanaerobacter_pseudethanolicus_ATCC_33223	GCF_000019085.1
1123391	Thermus_scotoductus_DSM_8553	GCF_000381045.1
37636	Thermus_scotoductus_K1_1	GCF_001294665.1
1382313	Thermus_scotoductus_KI2	GCF_000744155.1
743525	Thermus_scotoductus_SA_01	GCF_000187005.1
1095772	Timonella_senegalensis_JC301	GCF_000312125.1
1005994	Trabulsiella_guamensis_ATCC_49490	GCF_000734965.1
999426	Treponema_denticola_AL_2	GCF_000340725.1
999427	Treponema_denticola_ASLM	GCF_000338635.1
999428	Treponema_denticola_ATCC_33520	GCF_000338615.1
999429	Treponema_denticola_ATCC_33521	GCF_000338595.1
999430	Treponema_denticola_ATCC_35404	GCF_000340685.1
999432	Treponema_denticola_H_22	GCF_000340645.1
1125700	Treponema_medium_ATCC_700293	GCF_000413035.1
1125701	Treponema_socranskii_subsp_paredis_ATCC_35535	GCF_000413015.1
1125725	Treponema_socranskii_subsp_socranskii_VPI_DR56BR1116_ATCC_35536	GCF_000468115.1
869209	Treponema_succinifaciens_DSM_2489	GCF_000195275.1
596324	Treponema_vincentii_ATCC_35580	GCF_000175895.1
1125702	Treponema_vincentii_F0403	GCF_000412995.1
203267	Tropheryma_whipplei_str_Twist	GCF_000007485.1
218496	Tropheryma_whipplei_TW08_27	GCF_000196075.1
1448141	Trueperella_pyogenes_MS249	GCF_000599565.1
154288	Turicibacter_sanguinis_ERR1022280	
154288	Turicibacter_sanguinis_ERR1022323	
154288	Turicibacter_sanguinis_ERR1022367	
154288	Turicibacter_sanguinis_ERR1022463	
154288	Turicibacter_sanguinis_ERR2221386	
154288	Turicibacter_sanguinis_ERR2230131	
702450	Turicibacter_sanguinis_PC909	GCF_000178255.1
1712675	Turicibacter_sp_H121	GCF_001543345.1
910310	Turicibacter_sp_HGF1	GCF_000191865.1
1796652	Turicimonas_muris_YL45	GCF_002221595.1
1506577	Tyzzerella_nov_ERR171258	
244127	uncultured_Anaerotruncus_sp_ERR1022410	
572511	uncultured_Blautia_sp_ERR1022314	
572511	uncultured_Blautia_sp_ERR1022472	
59620	uncultured_Clostridium_sp_ERR1022385	
59620	uncultured_Clostridium_sp_ERR1022438	
59620	uncultured_Clostridium_sp_ERR1022467	
1263	uncultured_Ruminococcus_sp_ERR1022393	
1263	uncultured_Ruminococcus_sp_ERR1022403	
515608	Ureaplasma_parvum_serovar_1_str_ATCC_27813	GCF_000171375.1
515609	Ureaplasma_parvum_serovar_14_str_ATCC_33697	GCF_000171355.1
505682	Ureaplasma_parvum_serovar_3_str_ATCC_27815	GCF_000019345.1
273119	Ureaplasma_parvum_serovar_3_str_ATCC_700970	GCF_000006625.1
519851	Ureaplasma_parvum_serovar_6_str_ATCC_27818	GCF_000169895.1
1161914	Ureaplasma_urealyticum_2033	GCF_000255375.1
1161915	Ureaplasma_urealyticum_2608	GCF_000255395.1
1161916	Ureaplasma_urealyticum_4155	GCF_000255415.1
1161917	Ureaplasma_urealyticum_4318	GCF_000255435.1
565575	Ureaplasma_urealyticum_serovar_10_str_ATCC_33699	GCF_000021265.1
526347	Ureaplasma_urealyticum_serovar_11_str_ATCC_33695	GCF_000169935.1
550747	Ureaplasma_urealyticum_serovar_12_str_ATCC_33696	GCF_000169955.1
515611	Ureaplasma_urealyticum_serovar_13_str_ATCC_33698	GCF_000171395.1
626096	Ureaplasma_urealyticum_serovar_2_str_ATCC_27814	GCF_000171555.1
550748	Ureaplasma_urealyticum_serovar_4_str_ATCC_27816	GCF_000169555.1
518603	Ureaplasma_urealyticum_serovar_5_str_ATCC_27817	GCF_000169915.1
519849	Ureaplasma_urealyticum_serovar_7_str_ATCC_27819	GCF_000169575.2
626095	Ureaplasma_urealyticum_serovar_8_str_ATCC_27618	GCF_000169535.1
550773	Ureaplasma_urealyticum_serovar_9_str_ATCC_33175	GCF_000169595.1
1160707	Ureibacillus_thermosphaericus_str_Thermo_BF	GCF_000284835.1
1255619	Vagococcus_fluvialis_bH819	GCF_900163795.1
2738	Vagococcus_fluvialis_DSM_5731	GCF_003337315.1
1185412	Vallitalea_guaymasensis_L81	GCF_003313305.1
2078660	Vallitalea_sp_S15	GCF_002964605.1
184870	Varibaculum_cambriense_DNF00696	GCF_001553285.1
1123488	Varibaculum_cambriense_DSM_15806	GCF_000420065.1
1157708	Variovorax_paradoxus_110B	GCF_000382045.1
1150395	Variovorax_paradoxus_4MFCol3_1	GCF_000377585.1
1246301	Variovorax_paradoxus_B4	GCF_000463015.1
34073	Variovorax_paradoxus_H108	GCF_001399625.1
1321610	Variovorax_paradoxus_NBRC_15149	GCF_001591365.1
866776	Veillonella_atypica_ACS_049_V_Sch6	GCF_000179735.1
866778	Veillonella_atypica_ACS_134_V_Col7a	GCF_000179755.1
1128111	Veillonella_atypica_KON	GCF_002959915.1
1298594	Veillonella_denticariosi_JCM_15641	GCF_002959855.1
546273	Veillonella_dispar_ATCC_17748	GCF_000160015.1
1123489	Veillonella_magna_DSM_19857	GCF_000428745.1
1401067	Veillonella_montpellierensis_DNF00314	GCA_000759285.1
1123490	Veillonella_montpellierensis_DSM_17217	GCA_000426745.1
768727	Veillonella_parvula_ACS_068_V_Sch12	GCF_000215025.1
686660	Veillonella_parvula_ATCC_17745	GCF_000177435.1
479436	Veillonella_parvula_Te3_DSM_2008	GCF_000024945.1
883156	Veillonella_ratti_ACS_216_V_Col6b	GCF_000315505.1
457416	Veillonella_sp_3_1_44	GCF_000163715.1
450749	Veillonella_sp_6_1_27	GCF_000163735.1
936588	Veillonella_sp_ACP1	GCF_000286635.1
1203593	Veillonella_sp_HPA0037	GCF_000411535.1
879309	Veillonella_sp_oral_taxon_158_str_F0412	GCF_000183505.1
944564	Veillonella_sp_oral_taxon_780_str_F0422	GCF_000221605.1
31977	Veillonellaceae_nov_ERR2221308	
338187	Vibrio_campbellii_ATCC_BAA_1116	GCF_000464435.1
410291	Vibrio_campbellii_HY01	GCF_000154025.1
666	Vibrio_cholerae_A1552	GCF_002997215.1
243277	Vibrio_cholerae_O1_biovar_El_Tor_str_N16961	GCF_000006745.1
1315312	Vibrio_fluvialis_560	GCF_000754645.1
1336753	Vibrio_fluvialis_I21563	GCF_000418995.1
1336752	Vibrio_fluvialis_PG41	GCF_000417625.1
675811	Vibrio_furnissii_CIP_102972	GCF_000176175.1
903510	Vibrio_furnissii_NCTC_11218	GCF_000184325.1
673519	Vibrio_harveyi_1DA3	GCF_000182685.1
1259812	Vibrio_mimicus_CAIM_602	GCF_000338875.1
675806	Vibrio_mimicus_MB_451	GCF_000176375.1
756012	Vibrio_mimicus_SX_4	GCF_000222145.1
675820	Vibrio_mimicus_VM223	GCF_000176415.1
671076	Vibrio_mimicus_VM573	GCF_000175995.1
671074	Vibrio_mimicus_VM603	GCF_000175975.1
745023	Vibrio_parahaemolyticus_10329	GCF_000195415.1
563773	Vibrio_parahaemolyticus_AN_5034	GCF_000182385.1
419109	Vibrio_parahaemolyticus_AQ3810	GCF_000582905.2
1211705	Vibrio_parahaemolyticus_BB22OP	GCF_000328405.1
670	Vibrio_parahaemolyticus_FORC_008	GCF_001244315.1
1276919	Vibrio_parahaemolyticus_PCV08_7	GCF_000347495.1
223926	Vibrio_parahaemolyticus_RIMD_2210633	GCF_000196095.1
1234128	Vibrio_parahaemolyticus_SNUVpS_1	GCF_000315135.1
1300351	Vibrio_parahaemolyticus_v110	GCF_000388025.1
987060	Vibrio_rotiferianus_DAT722	GCF_000195225.1
391591	Vibrio_shilonii_AK1	GCF_000181535.1
379097	Vibrio_sinaloensis_AD032	GCF_000808555.1
945550	Vibrio_sinaloensis_DSM_21326	GCF_000189275.1
172901	Victivallis_vadensis_DSM_14823	GCF_003096415.1
172901	Victivallis_vadensis_MGYG_HGUT_02473	GCF_902387455.1
1462526	Virgibacillus_massiliensis_MGYG_HGUT_01470	GCF_902375355.1
1462526	Virgibacillus_massiliensis_Vm_5	GCF_000723585.1
1499679	Virgibacillus_senegalensis_SK_1	GCF_000821245.2
1689272	Vitreoscilla_massiliensis_CSUR_P2036	GCF_001457815.1
1238674	Weissella_ceti_NC36	GCF_000320345.1
911104	Weissella_cibaria_KACC_11862	GCF_000193635.1
1127131	Weissella_confusa_LBAE_C39_2	GCF_000239955.1
1045854	Weissella_koreensis_KACC_15510	GCF_000219805.1
1123721	Weissella_koreensis_KCTC_3621	GCF_000277645.1
585506	Weissella_paramesenteroides_ATCC_33313	GCF_000160575.1
1629	Weissella_viridescens_DSM_20410	GCF_001437355.1
1720302	Xanthomonas_massiliensis_CSUR_P2129	GCF_900018785.1
349968	Yersinia_bercovieri_ATCC_43970	GCF_000167975.1
630	Yersinia_enterocolitica_FORC_002	GCF_001304755.1
1243181	Yersinia_enterocolitica_IP_10393	GCF_000330605.1
947561	Yersinia_enterocolitica_IP2222	GCF_000285015.1
947557	Yersinia_enterocolitica_NFO	GCF_000284995.1
393305	Yersinia_enterocolitica_subsp_enterocolitica_8081	GCF_000009345.1
1194086	Yersinia_enterocolitica_subsp_enterocolitica_WA_314	GCF_000297175.1
994476	Yersinia_enterocolitica_subsp_palearctica_105_5Rr	GCF_000192105.1
940287	Yersinia_enterocolitica_subsp_palearctica_556_8265	GCF_000284935.1
940288	Yersinia_enterocolitica_subsp_palearctica_647_5307	GCF_000284955.1
1071969	Yersinia_enterocolitica_subsp_palearctica_PhRBD_Ye1	GCF_000230775.1
930944	Yersinia_enterocolitica_subsp_palearctica_Y11	GCF_000253175.1
1329365	Yersinia_enterocolitica_subsp_palearctica_YE_149	GCF_000401935.1
1329366	Yersinia_enterocolitica_subsp_palearctica_YE_150	GCF_000401995.1
1329363	Yersinia_enterocolitica_subsp_palearctica_YE_P1	GCF_000401975.1
1329364	Yersinia_enterocolitica_subsp_palearctica_YE_P4	GCF_000401955.1
940289	Yersinia_enterocolitica_subsp_palearctica_YO527	GCF_000284975.1
349966	Yersinia_frederiksenii_ATCC_33641	GCF_000168015.1
527012	Yersinia_kristensenii_ATCC_33638	GCF_000173715.1
28152	Yersinia_kristensenii_Y231	GCF_000834865.1
1286086	Yersinia_pseudotuberculosis_B_6863	GCF_000343995.1
1324608	Yersinia_pseudotuberculosis_B_7194	GCF_000403705.1
1324587	Yersinia_pseudotuberculosis_B_7195	GCF_000403745.1
349747	Yersinia_pseudotuberculosis_IP_31758	GCF_000016945.1
273123	Yersinia_pseudotuberculosis_IP_32953	GCF_000834295.1
502801	Yersinia_pseudotuberculosis_PB1	GCF_000020085.1
502800	Yersinia_pseudotuberculosis_YPIII	GCF_000834375.1
527004	Yersinia_rohdei_ATCC_43380	GCF_000173775.1
1002368	Yokenella_regensburgei_ATCC_43003	GCF_000239335.1
